sheet,Invoice,StockCode,Description,Quantity,InvoiceDate,Price,Customer ID,Country
Year 2009-2010,489436,84596L,BISCUITS SMALL BOWL LIGHT BLUE,8,2009-12-01 09:06:00,1.25,13078.0,United Kingdom
Year 2009-2010,489438,21410,COUNTRY COTTAGE  DOORSTOP GREEN,32,2009-12-01 09:24:00,2.5,18102.0,United Kingdom
Year 2009-2010,489532,22077,6 RIBBONS RUSTIC CHARM,9,2009-12-01 11:58:00,1.65,13394.0,United Kingdom
Year 2009-2010,C489535,D,Discount,-1,2009-12-01 12:11:00,19.0,15299.0,United Kingdom
Year 2009-2010,489567,21976,PACK OF 60 MUSHROOM CAKE CASES,24,2009-12-01 13:19:00,0.55,15326.0,United Kingdom
Year 2009-2010,489573,84946,ANTIQUE SILVER TEA GLASS ETCHED,30,2009-12-01 13:29:00,1.25,15051.0,United Kingdom
Year 2009-2010,489637,72800E,4 IVORY DINNER CANDLES SILVER FLOCK,12,2009-12-01 15:36:00,2.55,17243.0,United Kingdom
Year 2009-2010,489792,22193,RED DINER WALL CLOCK,2,2009-12-02 12:06:00,8.5,14527.0,United Kingdom
Year 2009-2010,489814,21561,DINOSAUR LUNCHBOX WITH CUTLERY,2,2009-12-02 13:06:00,2.55,14669.0,United Kingdom
Year 2009-2010,489829,72008,FROSTED BOX 9 WHITE T-LIGHT CANDLES,24,2009-12-02 13:53:00,0.42,16525.0,United Kingdom
Year 2009-2010,489831,84347,ROTATING SILVER ANGELS T-LIGHT HLDR,480,2009-12-02 13:58:00,2.1,12435.0,Denmark
Year 2009-2010,489855,85014B,RED/WHITE DOTS RUFFLED UMBRELLA,1,2009-12-02 14:34:00,5.95,16987.0,United Kingdom
Year 2009-2010,489864,21733,RED HANGING HEART T-LIGHT HOLDER,32,2009-12-02 14:56:00,2.55,14987.0,United Kingdom
Year 2009-2010,489869,85049E,SCANDINAVIAN REDS RIBBONS,1,2009-12-02 15:15:00,1.25,16200.0,United Kingdom
Year 2009-2010,489872,20979,36 PENCILS TUBE RED SPOTTY,16,2009-12-02 15:28:00,1.25,15615.0,United Kingdom
Year 2009-2010,490012,22139,RETRO SPOT TEA SET CERAMIC 11 PC ,12,2009-12-03 12:27:00,4.95,15179.0,United Kingdom
Year 2009-2010,490014,22070,SMALL RETRO SPOT MUG IN BOX  RED,6,2009-12-03 12:28:00,3.75,15466.0,United Kingdom
Year 2009-2010,490099,85014A,BLACK/BLUE DOTS RUFFLED UMBRELLA,3,2009-12-03 16:12:00,5.95,16736.0,United Kingdom
Year 2009-2010,490099,21691,SILVER VANILLA FLOWER CANDLE POT,4,2009-12-03 16:12:00,3.75,16736.0,United Kingdom
Year 2009-2010,C490120,21889,WOODEN BOX OF DOMINOES,-12,2009-12-03 17:52:00,1.25,14277.0,France
Year 2009-2010,490132,22273,FELTCRAFT DOLL MOLLY,1,2009-12-03 18:30:00,2.95,17343.0,United Kingdom
Year 2009-2010,490143,21917,SET 12 KIDS  WHITE CHALK STICKS,72,2009-12-04 08:40:00,0.42,14286.0,United Kingdom
Year 2009-2010,490143,22090,PAPER BUNTING RETRO SPOTS,12,2009-12-04 08:40:00,2.95,14286.0,United Kingdom
Year 2009-2010,490149,47504E,ENGLISH ROSE SCISSORS,1,2009-12-04 09:43:00,4.3,,United Kingdom
Year 2009-2010,490149,79341,WILLOW BRANCH LIGHTS.,1,2009-12-04 09:43:00,13.87,,United Kingdom
Year 2009-2010,490162,22258,FELT FARM ANIMAL RABBIT,1,2009-12-04 11:07:00,1.25,13946.0,United Kingdom
Year 2009-2010,490163,21933,PINK VINTAGE PAISLEY PICNIC BAG,3,2009-12-04 11:22:00,2.95,14723.0,United Kingdom
Year 2009-2010,490279,84520D,PACK OF 20 FAIRY CAKE PAPER NAPKINS,1,2009-12-04 12:37:00,0.85,16891.0,United Kingdom
Year 2009-2010,490299,84997C,BLUE 3 PIECE MINI DOTS CUTLERY SET,2,2009-12-04 14:14:00,3.75,13680.0,United Kingdom
Year 2009-2010,490304,85014B,RED/WHITE DOTS RUFFLED UMBRELLA,6,2009-12-04 14:35:00,5.95,17593.0,United Kingdom
Year 2009-2010,490323,21635,MADRAS NOTEBOOK LARGE ,1,2009-12-04 15:27:00,3.75,14087.0,United Kingdom
Year 2009-2010,490388,21805,WHITE CHRISTMAS TREE DECORATION ,36,2009-12-05 15:00:00,0.42,16158.0,United Kingdom
Year 2009-2010,490502,79323W, WHITE CHERRY LIGHTS,1,2009-12-06 13:53:00,6.75,17969.0,United Kingdom
Year 2009-2010,C490509,22184,CAKE STAND VICTORIAN FILIGREE LARGE,-1,2009-12-06 14:34:00,8.5,15822.0,United Kingdom
Year 2009-2010,C490513,20973,12 PENCIL SMALL TUBE WOODLAND,-2,2009-12-06 14:58:00,0.65,17610.0,United Kingdom
Year 2009-2010,490516,21869,POTTING SHED COFFEE MUG,12,2009-12-06 15:09:00,1.06,17850.0,United Kingdom
Year 2009-2010,490519,21485,RED SPOT HEART HOT WATER BOTTLE,3,2009-12-06 15:15:00,4.95,13890.0,United Kingdom
Year 2009-2010,490681,20966,SANDWICH BATH SPONGE,2,2009-12-07 13:35:00,1.25,17988.0,United Kingdom
Year 2009-2010,490694,82483,WOOD 2 DRAWER CABINET WHITE FINISH,16,2009-12-07 14:02:00,4.95,13089.0,United Kingdom
Year 2009-2010,490745,22338,STAR DECORATION PAINTED ZINC ,1,2009-12-07 18:02:00,1.3,,United Kingdom
Year 2009-2010,490808,35981C,WHITE SNOW SCANDINAVIAN STOCKING ,5,2009-12-08 12:25:00,1.25,17371.0,United Kingdom
Year 2009-2010,490921,22149,FELTCRAFT 6 FLOWER FRIENDS,6,2009-12-08 13:24:00,2.1,16163.0,United Kingdom
Year 2009-2010,490926,22122,SET OF 2 FANCY FONT TEA TOWELS,1,2009-12-08 13:38:00,2.95,15031.0,United Kingdom
Year 2009-2010,490936,22305,COFFEE MUG PINK PAISLEY DESIGN,6,2009-12-08 13:56:00,2.55,12785.0,Portugal
Year 2009-2010,C490942,22125,UNION JACK HOT WATER BOTTLE ,-3,2009-12-08 14:04:00,5.95,14337.0,United Kingdom
Year 2009-2010,490964,22277,COSMETIC BAG VINTAGE ROSE PAISLEY,1,2009-12-08 16:09:00,2.1,14646.0,Netherlands
Year 2009-2010,490978,21587,COSY HOUR GIANT TUBE MATCHES,4,2009-12-08 16:43:00,2.55,17329.0,United Kingdom
Year 2009-2010,491035,20658,RED SPOTTY LUGGAGE TAG,12,2009-12-09 08:58:00,1.25,13455.0,United Kingdom
Year 2009-2010,491041,21890,S/6 WOODEN SKITTLES IN COTTON BAG,1,2009-12-09 09:42:00,6.04,,United Kingdom
Year 2009-2010,491051,21680,WOODLAND  STICKERS,12,2009-12-09 10:46:00,0.85,14291.0,United Kingdom
Year 2009-2010,491061,22310,KNITTED MUG COSY IVORY COLOUR ,6,2009-12-09 11:40:00,1.65,13672.0,United Kingdom
Year 2009-2010,491077,21931,JUMBO STORAGE BAG SUKI,2,2009-12-09 12:57:00,1.95,14593.0,United Kingdom
Year 2009-2010,C491080,85232B,SET/3 RUSSIAN DOLL STACKING TINS,-2,2009-12-09 13:07:00,4.95,14593.0,United Kingdom
Year 2009-2010,491123,22271,FELTCRAFT DOLL ROSIE,3,2009-12-09 15:20:00,2.95,17043.0,United Kingdom
Year 2009-2010,491133,16014,SMALL CHINESE STYLE SCISSOR,1500,2009-12-09 16:17:00,0.32,13848.0,United Kingdom
Year 2009-2010,491146,84519A,TOMATO CHARLIE+LOLA COASTER SET,6,2009-12-09 17:26:00,2.95,15209.0,United Kingdom
Year 2009-2010,491170,21889,WOODEN BOX OF DOMINOES,6,2009-12-10 11:27:00,1.25,17861.0,United Kingdom
Year 2009-2010,491235,85129D,BEADED CRYSTAL HEART PINK SMALL,12,2009-12-10 14:46:00,1.25,15623.0,United Kingdom
Year 2009-2010,491394,84946,ANTIQUE SILVER TEA GLASS ETCHED,12,2009-12-10 16:21:00,1.25,15916.0,United Kingdom
Year 2009-2010,491397,20692,FLORAL ELEPHANT SOFT TOY,1,2009-12-10 16:39:00,4.25,12933.0,United Kingdom
Year 2009-2010,491397,20967,GREY FLORAL FELTCRAFT SHOULDER BAG,1,2009-12-10 16:39:00,3.75,12933.0,United Kingdom
Year 2009-2010,C491409,21326,AGED GLASS SILVER T-LIGHT HOLDER,-1,2009-12-10 18:48:00,0.65,14211.0,United Kingdom
Year 2009-2010,491443,37500,TEA TIME TEAPOT IN GIFT BOX,1,2009-12-11 10:37:00,9.95,15311.0,United Kingdom
Year 2009-2010,491449,22120,WELCOME  WOODEN BLOCK LETTERS,12,2009-12-11 10:58:00,8.5,17230.0,United Kingdom
Year 2009-2010,491634,22083,PAPER CHAIN KIT RETRO SPOT,2,2009-12-11 15:40:00,2.95,17841.0,United Kingdom
Year 2009-2010,491648,22312,OFFICE MUG WARMER POLKADOT,12,2009-12-13 09:58:00,4.95,17243.0,United Kingdom
Year 2009-2010,491674,20772,GARDEN PATH JOURNAL,18,2009-12-13 12:04:00,0.85,17593.0,United Kingdom
Year 2009-2010,491690,21479,WHITE SKULL HOT WATER BOTTLE ,4,2009-12-13 13:09:00,3.75,13206.0,United Kingdom
Year 2009-2010,491717,85097B,BLUE ROCKING SINGING CANARY,1,2009-12-13 15:54:00,3.75,16725.0,United Kingdom
Year 2009-2010,491721,84469,ROSE DES PADDED FLOOR CUSHION,1,2009-12-13 16:05:00,6.95,14898.0,United Kingdom
Year 2009-2010,491725,TEST001,This is a test product.,10,2009-12-14 08:34:00,4.5,12346.0,United Kingdom
Year 2009-2010,491736,22083,PAPER CHAIN KIT RETRO SPOT,6,2009-12-14 10:34:00,2.95,13013.0,United Kingdom
Year 2009-2010,491744,TEST001,This is a test product.,5,2009-12-14 11:02:00,4.5,12346.0,United Kingdom
Year 2009-2010,491747,20685,RED SPOTTY COIR DOORMAT,2,2009-12-14 11:24:00,6.75,17075.0,United Kingdom
Year 2009-2010,491812,21040,MODERN VINTAGE COTTON SHOPPING BAG,288,2009-12-14 13:23:00,0.85,13694.0,United Kingdom
Year 2009-2010,491813,21851,LILAC DIAMANTE PEN IN GIFT BOX,126,2009-12-14 13:27:00,1.25,13694.0,United Kingdom
Year 2009-2010,491894,35004S,SET OF 3 SILVER FLYING DUCKS,24,2009-12-14 15:18:00,1.95,14062.0,United Kingdom
Year 2009-2010,491960,85014D,PINK/BROWN DOTS RUFFLED UMBRELLA,6,2009-12-14 16:29:00,5.95,17416.0,United Kingdom
Year 2009-2010,491967,22143,CHRISTMAS CRAFT HEART DECORATIONS,1,2009-12-14 17:34:00,2.1,17012.0,United Kingdom
Year 2009-2010,491968,gift_0001_80,nan,2,2009-12-14 17:56:00,0.0,,United Kingdom
Year 2009-2010,491969,gift_0001_80,Dotcomgiftshop Gift Voucher £80.00,1,2009-12-14 17:57:00,69.56,,United Kingdom
Year 2009-2010,491971,gift_0001_20,Dotcomgiftshop Gift Voucher £20.00,2,2009-12-14 18:37:00,17.39,,United Kingdom
Year 2009-2010,491982,21544,SKULLS  WATER TRANSFER TATTOOS ,27,2009-12-15 09:40:00,0.85,16098.0,United Kingdom
Year 2009-2010,491990,C2,nan,100,2009-12-15 10:06:00,0.0,,United Kingdom
Year 2009-2010,491997,90185B,AMETHYST DIAMANTE EXPANDABLE RING,9,2009-12-15 11:06:00,4.25,17852.0,United Kingdom
Year 2009-2010,492005,79323W, WHITE CHERRY LIGHTS,48,2009-12-15 11:25:00,5.45,14607.0,United Kingdom
Year 2009-2010,492009,21484,CHICK GREY HOT WATER BOTTLE,2,2009-12-15 11:28:00,3.45,14871.0,United Kingdom
Year 2009-2010,492017,20685,RED SPOTTY COIR DOORMAT,10,2009-12-15 12:06:00,5.95,16210.0,United Kingdom
Year 2009-2010,492039,21737,SET 3 WICKER LOG BASKETS,8,2009-12-15 12:32:00,16.95,17095.0,United Kingdom
Year 2009-2010,492117,82483,WOOD 2 DRAWER CABINET WHITE FINISH,16,2009-12-15 14:10:00,4.95,15808.0,United Kingdom
Year 2009-2010,492216,21275,ZINC TOP  2 DOOR WOODEN SHELF ,8,2009-12-15 17:25:00,3.95,15641.0,United Kingdom
Year 2009-2010,492247,22202,MILK PAN PINK RETROSPOT,4,2009-12-16 10:16:00,3.75,16736.0,United Kingdom
Year 2009-2010,492296,85141,JARDIN ETCHED GLASS FRUITBOWL,6,2009-12-16 11:53:00,10.75,14667.0,United Kingdom
Year 2009-2010,492312,85018B,S/6 PAPER BOXES BLOSSOM IMAGES ,1,2009-12-16 12:06:00,4.25,15184.0,United Kingdom
Year 2009-2010,492342,21627,ELEPHANT CARNIVAL POUFFE,1,2009-12-16 12:32:00,14.95,14527.0,United Kingdom
Year 2009-2010,492368,85231B,CINAMMON SET OF 9 T-LIGHTS,6,2009-12-16 14:08:00,0.85,14415.0,United Kingdom
Year 2009-2010,492374,22149,FELTCRAFT 6 FLOWER FRIENDS,4,2009-12-16 14:41:00,2.1,15984.0,United Kingdom
Year 2009-2010,492419,84942,KASHMIR FOLKART HEART DISHES,1,2009-12-16 17:34:00,1.69,14540.0,United Kingdom
Year 2009-2010,492421,21901,"KEY FOB , BACK DOOR ",1,2009-12-16 17:40:00,0.65,17402.0,United Kingdom
Year 2009-2010,492433,21756,BATH BUILDING BLOCK WORD,3,2009-12-17 10:08:00,5.95,17150.0,United Kingdom
Year 2009-2010,492437,21025,SPACE FROG,10,2009-12-17 10:27:00,1.25,13269.0,United Kingdom
Year 2009-2010,492445,22114,HOT WATER BOTTLE TEA AND SYMPATHY,24,2009-12-17 11:07:00,3.45,17230.0,United Kingdom
Year 2009-2010,492462,20716,PARTY FOOD SHOPPER BAG,10,2009-12-17 11:33:00,1.25,15862.0,United Kingdom
Year 2009-2010,492579,21272,SALLE DE BAIN HOOK,2,2009-12-17 14:38:00,1.25,15311.0,United Kingdom
Year 2009-2010,492707,37495,FAIRY CAKE BIRTHDAY CANDLE SET,1,2009-12-17 19:54:00,3.75,15879.0,United Kingdom
Year 2009-2010,492718,TEST001,This is a test product.,5,2009-12-18 10:47:00,4.5,12346.0,United Kingdom
Year 2009-2010,492722,TEST002,This is a test product.,1,2009-12-18 10:55:00,1.0,12346.0,United Kingdom
Year 2009-2010,492728,40002,WHITE BAMBOO RIBS LAMPSHADE,78,2009-12-18 11:18:00,0.85,15311.0,United Kingdom
Year 2009-2010,492742,84907,PINK/YELLOW PATCH CUSHION COVER,4,2009-12-18 12:33:00,7.65,12455.0,Cyprus
Year 2009-2010,492751,22121,NOEL WOODEN BLOCK LETTERS ,1,2009-12-18 13:46:00,5.95,15768.0,United Kingdom
Year 2009-2010,C492756,22278,OVERNIGHT BAG VINTAGE ROSE PAISLEY,-1,2009-12-18 14:00:00,12.95,,United Kingdom
Year 2009-2010,492773,85227,SET/6 3D KIT CARDS FOR KIDS,12,2009-12-18 15:35:00,0.85,13327.0,United Kingdom
Year 2009-2010,492782,gift_0001_10,Dotcomgiftshop Gift Voucher £10.00,1,2009-12-18 17:06:00,8.69,,United Kingdom
Year 2009-2010,492783,gift_0001_50,Dotcomgiftshop Gift Voucher £50.00,1,2009-12-18 17:15:00,43.48,,United Kingdom
Year 2009-2010,492784,22135,LADLE LOVE HEART PINK,1,2009-12-18 17:24:00,0.42,17841.0,United Kingdom
Year 2009-2010,492798,85176,SEWING SUSAN 21 NEEDLE SET,3,2009-12-20 11:25:00,0.85,16011.0,United Kingdom
Year 2009-2010,492813,20990,SPRING FLOWER CHOPSTICKS SET/5,8,2009-12-20 13:14:00,1.95,17920.0,United Kingdom
Year 2009-2010,492820,22173,METAL 4 HOOK HANGER FRENCH CHATEAU,1,2009-12-20 14:40:00,2.95,14404.0,United Kingdom
Year 2009-2010,492823,22274,FELTCRAFT DOLL EMILY,6,2009-12-20 14:59:00,2.95,15358.0,United Kingdom
Year 2009-2010,492830,84997C,BLUE 3 PIECE MINI DOTS CUTLERY SET,12,2009-12-20 15:38:00,3.75,12683.0,France
Year 2009-2010,493067,21223,SET/4 BADGES WOODLAND ANIMAL,1,2009-12-21 17:20:00,1.25,,United Kingdom
Year 2009-2010,493139,37444A,YELLOW BREAKFAST CUP AND SAUCER,2,2009-12-22 11:32:00,2.95,15311.0,United Kingdom
Year 2009-2010,493294,TEST002,nan,1,2009-12-22 15:15:00,0.0,,United Kingdom
Year 2009-2010,493393,20665,RED SPOTTY PURSE ,12,2009-12-23 13:00:00,2.95,12539.0,Spain
Year 2009-2010,493395,21741,COSY SLIPPER SHOES LARGE GREEN,12,2009-12-23 13:41:00,2.95,12539.0,Spain
Year 2009-2010,493404,gift_0001_30,Dotcomgiftshop Gift Voucher £30.00,1,2009-12-23 15:30:00,26.08,,United Kingdom
Year 2009-2010,493410,TEST001,This is a test product.,5,2010-01-04 09:24:00,4.5,12346.0,United Kingdom
Year 2009-2010,493435,21440,12 MINI TOADSTOOL PEGS,24,2010-01-04 12:57:00,1.25,13206.0,United Kingdom
Year 2009-2010,493446,47578A,ENGLISH ROSE SMALL SCENTED FLOWER,6,2010-01-04 14:00:00,0.85,17807.0,United Kingdom
Year 2009-2010,493543,20994,JAZZ HEARTS SPIRAL NOTEPAD,6,2010-01-04 16:29:00,0.85,14839.0,United Kingdom
Year 2009-2010,493571,48194,DOORMAT HEARTS,4,2010-01-05 10:07:00,6.75,14198.0,United Kingdom
Year 2009-2010,493685,21485,RED SPOT HEART HOT WATER BOTTLE,24,2010-01-05 12:43:00,4.25,14969.0,United Kingdom
Year 2009-2010,493700,21485,RED SPOT HEART HOT WATER BOTTLE,3,2010-01-05 13:45:00,4.95,14422.0,United Kingdom
Year 2009-2010,493819,22191,IVORY WALL CLOCK,60,2010-01-07 12:34:00,7.65,14156.0,EIRE
Year 2009-2010,493922,48173C,DOOR MAT BLACK FLOCK ,2,2010-01-08 11:13:00,6.75,13728.0,United Kingdom
Year 2009-2010,493965,21780,MA CAMPAGNE 4 DRAWER WALL SHELF,8,2010-01-08 16:34:00,5.0,14573.0,United Kingdom
Year 2009-2010,493976,21651,HANGING GLASS ETCHED TEALIGHT,12,2010-01-10 11:40:00,1.65,14849.0,United Kingdom
Year 2009-2010,493978,47566B,TEA TIME PARTY BUNTING,4,2010-01-10 11:55:00,4.65,17920.0,United Kingdom
Year 2009-2010,493978,21218,RED SPOTTY BISCUIT TIN,6,2010-01-10 11:55:00,3.75,17920.0,United Kingdom
Year 2009-2010,493990,21108,FAIRY CAKE FLANNEL ASSORTED COLOUR,9,2010-01-10 12:43:00,2.55,12951.0,United Kingdom
Year 2009-2010,494018,82567,"AIRLINE LOUNGE,METAL SIGN",4,2010-01-11 09:37:00,1.7,,United Kingdom
Year 2009-2010,494019,DOT,DOTCOM POSTAGE,1,2010-01-11 09:38:00,148.36,,United Kingdom
Year 2009-2010,494027,35924,HANGING FAIRY CAKE DECORATION,6,2010-01-11 10:14:00,2.1,17113.0,United Kingdom
Year 2009-2010,494110,22138,BAKING SET 9 PIECE RETROSPOT ,6,2010-01-11 12:29:00,4.95,12549.0,USA
Year 2009-2010,494144,20776,ABSTRACT CIRCLES NOTEBOOK,3,2010-01-11 14:35:00,1.66,,United Kingdom
Year 2009-2010,494229,20713,JUMBO BAG OWLS,20,2010-01-12 13:54:00,1.95,16779.0,United Kingdom
Year 2009-2010,494233,21889,WOODEN BOX OF DOMINOES,12,2010-01-12 14:33:00,1.25,15093.0,United Kingdom
Year 2009-2010,494235,48189,DOOR MAT FRIENDSHIP ,10,2010-01-12 15:02:00,5.95,14225.0,United Kingdom
Year 2009-2010,494269,84991,60 TEATIME FAIRY CAKE CASES,24,2010-01-13 08:58:00,0.55,12820.0,United Kingdom
Year 2009-2010,494272,21506,"FANCY FONT BIRTHDAY CARD, ",12,2010-01-13 09:53:00,0.42,15358.0,United Kingdom
Year 2009-2010,494351,M,Manual,1,2010-01-13 14:48:00,354.45,14277.0,France
Year 2009-2010,494359,84975,HEART SHAPED MIRROR,6,2010-01-13 15:24:00,1.69,17962.0,United Kingdom
Year 2009-2010,494386,22027,TEA PARTY BIRTHDAY CARD,2,2010-01-14 09:41:00,0.84,,United Kingdom
Year 2009-2010,494387,82605,OLD DOC.RUSSEL METAL SIGN,2,2010-01-14 09:46:00,1.66,,United Kingdom
Year 2009-2010,494443,21931,JUMBO STORAGE BAG SUKI,6,2010-01-14 13:03:00,1.95,15898.0,United Kingdom
Year 2009-2010,494445,22352,LUNCHBOX WITH CUTLERY RETROSPOT ,6,2010-01-14 13:14:00,2.1,17850.0,United Kingdom
Year 2009-2010,494450,TEST001,This is a test product.,5,2010-01-14 13:50:00,4.5,12346.0,United Kingdom
Year 2009-2010,494471,21691,SILVER VANILLA FLOWER CANDLE POT,2,2010-01-14 14:48:00,3.75,13680.0,United Kingdom
Year 2009-2010,C494472,gift_0001_80,Dotcomgiftshop Gift Voucher £80.00,-1,2010-01-14 14:51:00,69.56,,United Kingdom
Year 2009-2010,494478,79067,CORONA MEXICAN TRAY,7,2010-01-14 15:41:00,3.75,14062.0,United Kingdom
Year 2009-2010,494480,47570B,TEA TIME TABLE CLOTH,2,2010-01-14 16:16:00,10.65,15768.0,United Kingdom
Year 2009-2010,494503,22352,LUNCHBOX WITH CUTLERY RETROSPOT ,6,2010-01-14 18:56:00,2.1,17850.0,United Kingdom
Year 2009-2010,494514,20679,EDWARDIAN PARASOL RED,12,2010-01-15 10:14:00,4.95,17850.0,United Kingdom
Year 2009-2010,494591,POST,POSTAGE,1,2010-01-15 12:06:00,15.0,12789.0,Netherlands
Year 2009-2010,494608,21733,RED HANGING HEART T-LIGHT HOLDER,6,2010-01-15 12:51:00,2.55,17850.0,United Kingdom
Year 2009-2010,494645,22149,FELTCRAFT 6 FLOWER FRIENDS,5,2010-01-17 12:17:00,2.1,16017.0,United Kingdom
Year 2009-2010,494666,84970S,HANGING HEART ZINC T-LIGHT HOLDER,12,2010-01-17 14:53:00,0.85,13869.0,United Kingdom
Year 2009-2010,494678,22348,TEA BAG PLATE RED SPOTTY ,288,2010-01-18 09:12:00,0.72,16684.0,United Kingdom
Year 2009-2010,494781,48187,DOOR MAT NEW ENGLAND,1,2010-01-18 13:12:00,6.75,,United Kingdom
Year 2009-2010,494784,85015,SET OF 12  VINTAGE POSTCARD SET,2,2010-01-18 13:20:00,2.51,,United Kingdom
Year 2009-2010,494784,85121B,RETRO LAUNDRY TUB PINK,1,2010-01-18 13:20:00,16.98,,United Kingdom
Year 2009-2010,494814,46775E,CANDY POP CHUNKY KNITTED THROW ,5,2010-01-19 09:05:00,11.02,,United Kingdom
Year 2009-2010,494875,84879,ASSORTED COLOUR BIRD ORNAMENT,160,2010-01-19 12:31:00,1.45,17511.0,United Kingdom
Year 2009-2010,494888,21656,RIDGED GLASS POSY VASE ,36,2010-01-19 12:53:00,1.25,16027.0,United Kingdom
Year 2009-2010,494912,22050,PINK PAISLEY ROSE GIFT WRAP,25,2010-01-19 17:03:00,0.42,16705.0,United Kingdom
Year 2009-2010,494914,PADS,PADS TO MATCH ALL CUSHIONS,1,2010-01-19 17:04:00,0.001,16705.0,United Kingdom
Year 2009-2010,C494992,21534,DAIRY MAID LARGE MILK JUG,-1,2010-01-20 12:04:00,4.95,14290.0,United Kingdom
Year 2009-2010,C494992,21533,RETRO SPOT LARGE MILK JUG,-1,2010-01-20 12:04:00,4.95,14290.0,United Kingdom
Year 2009-2010,495058,21210,SET OF 72 RETRO SPOT PAPER  DOILIES,2,2010-01-20 15:30:00,1.45,17875.0,United Kingdom
Year 2009-2010,495178,22258,FELT FARM ANIMAL RABBIT,6,2010-01-21 13:33:00,1.25,13735.0,United Kingdom
Year 2009-2010,495183,10002,INFLATABLE POLITICAL GLOBE ,12,2010-01-21 13:48:00,0.85,15296.0,United Kingdom
Year 2009-2010,495184,79341,WILLOW BRANCH LIGHTS.,1,2010-01-21 13:58:00,6.75,17841.0,United Kingdom
Year 2009-2010,495195,21626,VINTAGE UNION JACK PENNANT,12,2010-01-21 15:18:00,1.95,13089.0,United Kingdom
Year 2009-2010,495206,22147,FELTCRAFT BUTTERFLY HEARTS,5,2010-01-21 16:44:00,1.45,16126.0,United Kingdom
Year 2009-2010,495225,21232,STRAWBERRY CERAMIC TRINKET BOX,8,2010-01-21 17:43:00,1.25,17180.0,United Kingdom
Year 2009-2010,495244,22026,BANQUET BIRTHDAY  CARD  ,12,2010-01-22 10:51:00,0.42,15179.0,United Kingdom
Year 2009-2010,495307,20914,SET/5 RED SPOTTY LID GLASS BOWLS,6,2010-01-22 14:13:00,2.95,16779.0,United Kingdom
Year 2009-2010,495312,84665,SQUARE CHERRY BLOSSOM CABINET,4,2010-01-22 14:22:00,5.95,16822.0,United Kingdom
Year 2009-2010,495367,20615,BLUE SPOTTY PASSPORT COVER,1,2010-01-24 12:27:00,2.1,14070.0,United Kingdom
Year 2009-2010,495369,82486,WOOD S/3 CABINET ANT WHITE FINISH,2,2010-01-24 12:31:00,7.95,13527.0,United Kingdom
Year 2009-2010,495387,84455,SET OF 3 RABBIT CARROTS EASTER,12,2010-01-24 14:57:00,0.85,13729.0,United Kingdom
Year 2009-2010,495404,20747,PICCADILLY TEA SET,18,2010-01-25 09:48:00,12.75,14439.0,Greece
Year 2009-2010,495406,22112,CHOCOLATE HOT WATER BOTTLE,1,2010-01-25 09:54:00,11.02,,United Kingdom
Year 2009-2010,495409,22281,EASTER TREE YELLOW BIRDS,1,2010-01-25 10:26:00,5.95,17810.0,United Kingdom
Year 2009-2010,495443,84288B,SET/2 BLUE  NOODLE BASKETS,2,2010-01-25 11:53:00,1.95,,United Kingdom
Year 2009-2010,495488,C2,CARRIAGE,1,2010-01-25 12:19:00,50.0,14911.0,EIRE
Year 2009-2010,495510,84356,POMPOM CURTAIN,1,2010-01-25 14:01:00,6.95,17841.0,United Kingdom
Year 2009-2010,495531,21076,SET/20 COLLAGE PAPER NAPKIN ,2,2010-01-25 15:23:00,0.85,14606.0,United Kingdom
Year 2009-2010,495577,84971L,LARGE HEART FLOWERS HOOK   ,12,2010-01-26 09:45:00,1.25,13767.0,United Kingdom
Year 2009-2010,495677,85196,EASTER BUNNIES ON A STICK,12,2010-01-26 11:32:00,0.55,14211.0,United Kingdom
Year 2009-2010,495736,ADJUST,Adjustment by john on 26/01/2010 16,1,2010-01-26 16:23:00,21.0,12606.0,Spain
Year 2009-2010,C495737,ADJUST,Adjustment by john on 26/01/2010 16,-1,2010-01-26 16:23:00,10.5,16154.0,United Kingdom
Year 2009-2010,495748,ADJUST,Adjustment by john on 26/01/2010 16,1,2010-01-26 16:26:00,117.72,16291.0,Portugal
Year 2009-2010,495755,ADJUST,Adjustment by john on 26/01/2010 16,1,2010-01-26 16:29:00,342.8,14413.0,United Kingdom
Year 2009-2010,495773,ADJUST,Adjustment by john on 26/01/2010 16,1,2010-01-26 16:57:00,4.57,12600.0,Germany
Year 2009-2010,C495785,ADJUST,Adjustment by john on 26/01/2010 17,-1,2010-01-26 17:12:00,23.63,13468.0,United Kingdom
Year 2009-2010,495794,ADJUST,Adjustment by john on 26/01/2010 17,1,2010-01-26 17:22:00,41.09,12471.0,Germany
Year 2009-2010,C495796,ADJUST,Adjustment by john on 26/01/2010 17,-1,2010-01-26 17:24:00,15.76,14358.0,United Kingdom
Year 2009-2010,495798,ADJUST,Adjustment by john on 26/01/2010 17,1,2010-01-26 17:25:00,5117.03,,United Kingdom
Year 2009-2010,495804,21175,GIN + TONIC DIET METAL SIGN,1,2010-01-26 17:48:00,4.21,,United Kingdom
Year 2009-2010,495806,71459,HANGING JAM JAR T-LIGHT HOLDER,12,2010-01-27 08:48:00,0.85,15073.0,United Kingdom
Year 2009-2010,495808,72755C,FLOWER FAIRY OIL BURNER SET ROSE,4,2010-01-27 09:38:00,4.25,16051.0,United Kingdom
Year 2009-2010,495928,37503,TEA TIME CAKE STAND IN GIFT BOX,12,2010-01-27 14:51:00,9.95,14258.0,United Kingdom
Year 2009-2010,495949,90112,PINK DOLLY HAIR CLIPS,1,2010-01-27 16:54:00,1.05,14606.0,United Kingdom
Year 2009-2010,495953,22244,"HOOK, 3 HANGER ,MAGIC GARDEN",1,2010-01-27 17:56:00,4.21,,United Kingdom
Year 2009-2010,C496000,21437,24 HANGING EASTER EGGS FLORAL TUB,-4,2010-01-28 12:01:00,3.75,16634.0,United Kingdom
Year 2009-2010,496013,21700,BIG DOUGHNUT FRIDGE MAGNETS,12,2010-01-28 13:00:00,0.85,16366.0,United Kingdom
Year 2009-2010,C496021,85232A,SET/3 POLKA DOT STACKING TINS,-1,2010-01-28 13:48:00,4.95,16481.0,United Kingdom
Year 2009-2010,C496025,21478,SILVER SKULL HOT WATER BOTTLE ,-1,2010-01-28 14:12:00,3.75,,United Kingdom
Year 2009-2010,496057,21181,PLEASE ONE PERSON  METAL SIGN,6,2010-01-28 15:04:00,2.1,16137.0,United Kingdom
Year 2009-2010,496057,84520D,PACK OF 20 FAIRY CAKE PAPER NAPKINS,12,2010-01-28 15:04:00,0.85,16137.0,United Kingdom
Year 2009-2010,496072,21916,SET 12 RETRO WHITE CHALK STICKS,24,2010-01-28 17:09:00,0.42,15615.0,United Kingdom
Year 2009-2010,496074,21523,FANCY FONT HOME SWEET HOME DOORMAT,2,2010-01-28 17:14:00,6.75,17612.0,United Kingdom
Year 2009-2010,496094,47505,MINATURE COLOURED GARDENING SET,3,2010-01-29 10:13:00,4.95,15192.0,United Kingdom
Year 2009-2010,496237,21481,FAWN BLUE HOT WATER BOTTLE,6,2010-01-29 14:37:00,2.95,17677.0,United Kingdom
Year 2009-2010,496248,gift_0001_40,nan,3,2010-01-29 16:17:00,0.0,,United Kingdom
Year 2009-2010,496249,gift_0001_50,nan,3,2010-01-29 16:17:00,0.0,,United Kingdom
Year 2009-2010,496250,gift_0001_60,nan,3,2010-01-29 16:17:00,0.0,,United Kingdom
Year 2009-2010,496251,gift_0001_70,nan,2,2010-01-29 16:17:00,0.0,,United Kingdom
Year 2009-2010,496252,gift_0001_90,nan,2,2010-01-29 16:18:00,0.0,,United Kingdom
Year 2009-2010,496317,35096A,BLUE VICTORIAN FABRIC HEART BOX,2,2010-01-31 12:27:00,0.42,17137.0,United Kingdom
Year 2009-2010,496470,85049B,LUSH GREENS RIBBONS,3,2010-02-01 15:23:00,1.25,14540.0,United Kingdom
Year 2009-2010,496505,84509A,ENGLISH ROSE PLACEMATS,4,2010-02-02 10:06:00,3.75,13916.0,United Kingdom
Year 2009-2010,496514,84247G,"DECOUPAGE,GREETING CARD,",24,2010-02-02 11:57:00,0.42,17377.0,United Kingdom
Year 2009-2010,496551,20961,STRAWBERRY BATH SPONGE ,5,2010-02-02 13:13:00,1.25,13975.0,United Kingdom
Year 2009-2010,496580,82483,WOOD 2 DRAWER CABINET WHITE FINISH,2,2010-02-02 13:49:00,5.95,15898.0,United Kingdom
Year 2009-2010,496643,PADS,PADS TO MATCH ALL CUSHIONS,1,2010-02-03 11:58:00,0.001,13408.0,United Kingdom
Year 2009-2010,496644,21944,KITTENS DESIGN FLANNEL,1,2010-02-03 11:58:00,0.85,15003.0,United Kingdom
Year 2009-2010,496690,22254,FELT TOADSTOOL LARGE,6,2010-02-03 13:09:00,1.25,14399.0,United Kingdom
Year 2009-2010,496768,21061,PARTY INVITES FOOTBALL,12,2010-02-03 15:07:00,0.85,14327.0,United Kingdom
Year 2009-2010,496770,22417,PACK OF 60 SPACEBOY CAKE CASES,4,2010-02-03 15:19:00,0.55,15015.0,United Kingdom
Year 2009-2010,496773,22114,HOT WATER BOTTLE TEA AND SYMPATHY,2,2010-02-03 15:45:00,3.95,15023.0,United Kingdom
Year 2009-2010,496800,21258,VICTORIAN SEWING BOX LARGE,1,2010-02-03 17:04:00,25.49,,United Kingdom
Year 2009-2010,496817,22058,CERAMIC LOVE HEARTS DESIGN MUG,12,2010-02-04 10:06:00,1.49,13468.0,United Kingdom
Year 2009-2010,496904,85053,FRENCH ENAMEL CANDLEHOLDER,1,2010-02-04 14:46:00,2.1,16986.0,United Kingdom
Year 2009-2010,496948,47590A,BLUE HAPPY BIRTHDAY BUNTING,3,2010-02-04 18:18:00,5.45,15810.0,United Kingdom
Year 2009-2010,496972,21670,BLUE SPOT CERAMIC DRAWER KNOB,6,2010-02-04 19:58:00,1.25,15031.0,United Kingdom
Year 2009-2010,497027,22367,CHILDS APRON SPACEBOY DESIGN,8,2010-02-05 13:17:00,1.95,13658.0,United Kingdom
Year 2009-2010,497035,20803,SMALL PINK GLASS SUNDAE DISH,6,2010-02-05 14:14:00,1.65,16704.0,United Kingdom
Year 2009-2010,497107,GIFT,nan,-9,2010-02-05 15:18:00,0.0,,United Kingdom
Year 2009-2010,C497158,D,Discount,-190,2010-02-05 16:27:00,2.35,18102.0,United Kingdom
Year 2009-2010,497202,22358,KINGS CHOICE TEA CADDY ,1,2010-02-07 11:38:00,2.95,15059.0,United Kingdom
Year 2009-2010,497205,21934,SKULL SHOULDER BAG,1,2010-02-07 11:57:00,1.65,17841.0,United Kingdom
Year 2009-2010,497238,20675,BLUE SPOTTY BOWL,8,2010-02-08 10:34:00,1.25,12472.0,Germany
Year 2009-2010,497274,21781,MA CAMPAGNE CUTLERY BOX,1,2010-02-08 13:56:00,14.95,16781.0,United Kingdom
Year 2009-2010,497358,22188,BLACK HEART CARD HOLDER,1,2010-02-08 17:25:00,3.95,14606.0,United Kingdom
Year 2009-2010,497393,22180,RETRO SPOT LAMP,2,2010-02-09 13:08:00,9.95,13976.0,United Kingdom
Year 2009-2010,497394,20681,PINK SPOTTY CHILDS UMBRELLA,6,2010-02-09 13:08:00,3.25,12681.0,France
Year 2009-2010,497406,20684,STRAWBERRY DREAM CHILDS UMBRELLA,1,2010-02-09 14:46:00,3.25,,United Kingdom
Year 2009-2010,497493,84050,PINK HEART SHAPE EGG FRYING PAN,3,2010-02-09 17:38:00,4.21,,United Kingdom
Year 2009-2010,497504,21080,SET/20 RED SPOTTY PAPER NAPKINS ,1,2010-02-10 11:21:00,0.85,14593.0,United Kingdom
Year 2009-2010,497521,72800B,S/4 PURPLE DINNER CANDLE BLK FLOCK,1,2010-02-10 13:39:00,2.55,17780.0,United Kingdom
Year 2009-2010,497521,20914,SET/5 RED SPOTTY LID GLASS BOWLS,1,2010-02-10 13:39:00,2.95,17780.0,United Kingdom
Year 2009-2010,497591,21155,RED SPOTTY PEG BAG,1,2010-02-10 18:02:00,4.21,,United Kingdom
Year 2009-2010,497632,22377,BOTTLE BAG RETROSPOT ,3,2010-02-11 13:41:00,2.1,16918.0,United Kingdom
Year 2009-2010,497706,79029,GLASS HONEYPOT WASP CATCHER,5,2010-02-11 16:27:00,1.95,16978.0,United Kingdom
Year 2009-2010,497739,22331,WOODLAND PARTY BAG + STICKER SET,1,2010-02-12 10:21:00,1.65,14606.0,United Kingdom
Year 2009-2010,497794,37450,CERAMIC CAKE BOWL + HANGING CAKES,2,2010-02-12 12:34:00,2.95,15504.0,United Kingdom
Year 2009-2010,497795,22236,CAKE STAND 3 TIER MAGIC GARDEN,12,2010-02-12 12:51:00,10.95,16954.0,United Kingdom
Year 2009-2010,497842,22334,DINOSAUR PARTY BAG + STICKER SET,8,2010-02-12 15:46:00,1.65,12976.0,United Kingdom
Year 2009-2010,497843,TEST001,This is a test product.,5,2010-02-12 15:47:00,0.0,14827.0,United Kingdom
Year 2009-2010,497889,82581,TOILET METAL SIGN,12,2010-02-14 12:15:00,0.55,17230.0,United Kingdom
Year 2009-2010,497909,22199,FRYING PAN RED POLKADOT ,1,2010-02-14 13:39:00,4.25,15272.0,United Kingdom
Year 2009-2010,497912,22248,DECORATION  PINK CHICK MAGIC GARDEN,1,2010-02-14 14:35:00,0.85,12867.0,United Kingdom
Year 2009-2010,497912,21383,PACK OF 12 STICKY BUNNIES,12,2010-02-14 14:35:00,0.65,12867.0,United Kingdom
Year 2009-2010,497917,72232,FENG SHUI PILLAR CANDLE,12,2010-02-14 15:13:00,0.19,13421.0,United Kingdom
Year 2009-2010,497918,85047,WHITE BEADED GARLAND STRING 20LIGHT,1,2010-02-14 15:22:00,6.35,17841.0,United Kingdom
Year 2009-2010,497935,PADS,PADS TO MATCH ALL CUSHIONS,1,2010-02-15 10:47:00,0.001,13408.0,United Kingdom
Year 2009-2010,497943,85099B,JUMBO BAG RED WHITE SPOTTY ,100,2010-02-15 11:46:00,1.65,13225.0,United Kingdom
Year 2009-2010,498045,22358,KINGS CHOICE TEA CADDY ,6,2010-02-16 10:41:00,2.95,16584.0,United Kingdom
Year 2009-2010,498046,21713,CITRONELLA CANDLE FLOWERPOT,8,2010-02-16 10:44:00,2.1,15051.0,United Kingdom
Year 2009-2010,498047,21217,RED SPOTTY ROUND CAKE TINS,4,2010-02-16 10:45:00,9.95,13381.0,United Kingdom
Year 2009-2010,498048,37422,WHITE WITH BLACK CATS BOWL,2,2010-02-16 10:55:00,0.85,14606.0,United Kingdom
Year 2009-2010,498103,22230,JIGSAW TREE WITH WATERING CAN,12,2010-02-16 13:39:00,0.85,15680.0,United Kingdom
Year 2009-2010,498104,21058,PARTY INVITES WOODLAND,2,2010-02-16 13:49:00,0.85,13503.0,United Kingdom
Year 2009-2010,498133,18098C,PORCELAIN BUTTERFLY OIL BURNER,1,2010-02-16 17:24:00,5.91,,United Kingdom
Year 2009-2010,498164,21755,LOVE BUILDING BLOCK WORD,3,2010-02-17 12:40:00,5.95,13613.0,United Kingdom
Year 2009-2010,498389,21620,S/4 ROSE    BOTANICAL  CANDLE,1,2010-02-18 14:43:00,3.75,14606.0,United Kingdom
Year 2009-2010,498389,22061,LARGE CAKE STAND  HANGING STRAWBERY,1,2010-02-18 14:43:00,9.95,14606.0,United Kingdom
Year 2009-2010,498433,21164,HOME SWEET HOME METAL SIGN ,4,2010-02-18 17:50:00,2.95,13001.0,United Kingdom
Year 2009-2010,498492,m,Manual,1,2010-02-19 10:56:00,2.55,,United Kingdom
Year 2009-2010,498492,m,Manual,1,2010-02-19 10:56:00,3.4,,United Kingdom
Year 2009-2010,498508,37447,CERAMIC CAKE DESIGN SPOTTED PLATE,12,2010-02-19 11:46:00,1.49,16574.0,United Kingdom
Year 2009-2010,498547,21232,STRAWBERRY CERAMIC TRINKET BOX,2,2010-02-19 17:16:00,1.25,18283.0,United Kingdom
Year 2009-2010,498548,21591,COSY HOUR CIGAR BOX MATCHES ,3,2010-02-19 17:40:00,1.25,17400.0,United Kingdom
Year 2009-2010,498570,21175,GIN + TONIC DIET METAL SIGN,2,2010-02-21 12:52:00,2.1,15059.0,United Kingdom
Year 2009-2010,498571,22290,STANDING METAL RABBIT WITH EGG,6,2010-02-21 12:57:00,2.1,15774.0,United Kingdom
Year 2009-2010,498588,22499,WOODEN UNION JACK BUNTING,3,2010-02-21 15:18:00,5.95,12945.0,United Kingdom
Year 2009-2010,498593,47599A,PINK PARTY BAGS,2,2010-02-21 15:47:00,2.1,14602.0,United Kingdom
Year 2009-2010,498593,82582,AREA PATROLLED METAL SIGN,2,2010-02-21 15:47:00,2.1,14602.0,United Kingdom
Year 2009-2010,498704,21284,RETRO SPOT CANDLE  SMALL,1,2010-02-22 12:44:00,1.69,17841.0,United Kingdom
Year 2009-2010,498729,21844,RETRO SPOT MUG,6,2010-02-22 15:39:00,2.95,17829.0,United Arab Emirates
Year 2009-2010,498766,82583,HOT BATHS METAL SIGN,12,2010-02-23 09:42:00,2.1,18051.0,United Kingdom
Year 2009-2010,498878,21383,PACK OF 12 STICKY BUNNIES,1,2010-02-23 12:35:00,0.65,14726.0,United Kingdom
Year 2009-2010,498886,85194L,HANGING SPRING FLOWER EGG LARGE,3,2010-02-23 13:03:00,0.85,15295.0,United Kingdom
Year 2009-2010,498905,21900,"KEY FOB , SHED",12,2010-02-23 14:40:00,0.65,12854.0,United Kingdom
Year 2009-2010,498935,84380,SET OF 3 BUTTERFLY COOKIE CUTTERS,12,2010-02-24 10:42:00,1.25,14911.0,EIRE
Year 2009-2010,498939,22274,FELTCRAFT DOLL EMILY,48,2010-02-24 10:55:00,2.55,12482.0,Sweden
Year 2009-2010,498999,21586,KINGS CHOICE GIANT TUBE MATCHES,1,2010-02-24 11:51:00,2.55,16406.0,United Kingdom
Year 2009-2010,499056,PADS,PADS TO MATCH ALL CUSHIONS,1,2010-02-24 13:46:00,0.001,13765.0,United Kingdom
Year 2009-2010,499227,84879,ASSORTED COLOUR BIRD ORNAMENT,16,2010-02-25 11:50:00,1.69,15719.0,United Kingdom
Year 2009-2010,499232,85014A,BLACK/BLUE DOTS RUFFLED UMBRELLA,2,2010-02-25 12:21:00,5.95,13334.0,United Kingdom
Year 2009-2010,499250,84520B,PACK 20 ENGLISH ROSE PAPER NAPKINS,1,2010-02-25 14:21:00,0.85,15311.0,United Kingdom
Year 2009-2010,499270,20685,DOOR MAT RED SPOT,2,2010-02-25 16:21:00,7.49,12500.0,Germany
Year 2009-2010,499284,21251,DINOSAUR HEIGHT CHART STICKER SET,6,2010-02-25 18:58:00,2.95,14770.0,United Kingdom
Year 2009-2010,499308,20725,LUNCH BAG RED SPOTTY,10,2010-02-26 10:11:00,1.65,14329.0,United Kingdom
Year 2009-2010,499314,DOT,DOTCOM POSTAGE,1,2010-02-26 10:51:00,195.94,,United Kingdom
Year 2009-2010,499453,47591C,BLUE FAIRY CAKE CHILD'S APRON,5,2010-02-28 10:25:00,1.95,14466.0,United Kingdom
Year 2009-2010,499502,22259,FELT FARM ANIMAL HEN,1,2010-02-28 15:01:00,1.25,14044.0,United Kingdom
Year 2009-2010,499503,84231,EASTER BUNNY WITH BASKET ON BACK,2,2010-02-28 15:05:00,0.65,14068.0,United Kingdom
Year 2009-2010,499511,21497,FANCY FONTS BIRTHDAY WRAP,25,2010-03-01 08:55:00,0.42,16717.0,United Kingdom
Year 2009-2010,499528,22071,SMALL RETRO SPOT MUG IN BOX  WHITE,2,2010-03-01 11:18:00,3.75,17865.0,United Kingdom
Year 2009-2010,499596,22327,ROUND SNACK BOXES SET OF 4 SKULLS,2,2010-03-01 12:21:00,2.95,16511.0,United Kingdom
Year 2009-2010,499659,21897,POTTING SHED CANDLE CITRONELLA,2,2010-03-01 15:05:00,2.95,16731.0,United Kingdom
Year 2009-2010,499665,20716,PARTY FOOD SHOPPER BAG,10,2010-03-01 15:47:00,1.25,13979.0,United Kingdom
Year 2009-2010,499676,84219,BOX/12 MOTHER & CHICK IN BASKET/BOW,1,2010-03-01 16:29:00,2.55,17116.0,United Kingdom
Year 2009-2010,499682,22386,JUMBO BAG PINK WITH WHITE SPOTS,10,2010-03-02 09:25:00,1.95,12623.0,Germany
Year 2009-2010,499764,22185,SLATE TILE NATURAL HANGING,1,2010-03-02 13:09:00,1.65,17372.0,United Kingdom
Year 2009-2010,499784,22381,TOY TIDY PINK RETROSPOT  ,5,2010-03-02 14:36:00,2.1,15367.0,United Kingdom
Year 2009-2010,499801,20679,EDWARDIAN PARASOL RED,6,2010-03-02 15:45:00,4.95,17850.0,United Kingdom
Year 2009-2010,499866,21441,BLUE BIRDHOUSE DECORATION,3,2010-03-02 17:13:00,0.85,17576.0,United Kingdom
Year 2009-2010,499895,22251,BIRDHOUSE DECORATION MAGIC GARDEN,1,2010-03-03 11:51:00,1.25,14593.0,United Kingdom
Year 2009-2010,499918,48187,DOOR MAT NEW ENGLAND,1,2010-03-03 12:16:00,7.49,13097.0,United Kingdom
Year 2009-2010,499965,20677,PINK SPOTTY BOWL,1,2010-03-03 13:57:00,1.25,16461.0,United Kingdom
Year 2009-2010,499994,21396,RED SPOTTY EGG CUP ,12,2010-03-03 16:51:00,1.25,15875.0,United Kingdom
Year 2009-2010,500025,21931,JUMBO STORAGE BAG SUKI,10,2010-03-04 11:11:00,1.95,15950.0,United Kingdom
Year 2009-2010,500094,72351B,SET/6 PINK  BUTTERFLY T-LIGHTS,2,2010-03-04 12:24:00,2.1,15005.0,United Kingdom
Year 2009-2010,500117,84993A,75 GREEN PETIT FOUR CASES,24,2010-03-04 13:24:00,0.42,18064.0,United Kingdom
Year 2009-2010,500124,21931,JUMBO STORAGE BAG SUKI,10,2010-03-04 14:27:00,1.95,14388.0,United Kingdom
Year 2009-2010,500198,85206A,CREAM FELT EASTER EGG BASKET,6,2010-03-05 10:55:00,1.65,13037.0,United Kingdom
Year 2009-2010,500279,37340,MULTICOLOUR SPRING FLOWER MUG,2,2010-03-05 14:52:00,8.47,,United Kingdom
Year 2009-2010,500292,21471,STRAWBERRY RAFFIA FOOD COVER,6,2010-03-05 15:48:00,3.75,16620.0,United Kingdom
Year 2009-2010,500299,22358,KINGS CHOICE TEA CADDY ,2,2010-03-05 16:52:00,2.95,14085.0,United Kingdom
Year 2009-2010,500301,21121,SET/10 RED SPOTTY PARTY CANDLES,6,2010-03-07 10:27:00,1.25,17365.0,United Kingdom
Year 2009-2010,500322,90161C,ANT COPPER LIME BOUDICCA BRACELET,1,2010-03-07 12:06:00,4.95,16798.0,United Kingdom
Year 2009-2010,500330,85232A,SET/3 POLKA DOT STACKING TINS,12,2010-03-07 13:00:00,4.95,17236.0,United Kingdom
Year 2009-2010,500335,21732,RED HANGING METAL STAR TLIGHT HLDR,1,2010-03-07 13:44:00,3.75,14606.0,United Kingdom
Year 2009-2010,500336,21429,RED GINGHAM ROSE JEWELLERY BOX,2,2010-03-07 13:48:00,1.65,17589.0,United Kingdom
Year 2009-2010,500340,21411,GINGHAM HEART  DOORSTOP RED,3,2010-03-07 14:25:00,4.25,13561.0,United Kingdom
Year 2009-2010,500344,84755,COLOUR GLASS T-LIGHT HOLDER HANGING,16,2010-03-07 14:39:00,0.55,17448.0,United Kingdom
Year 2009-2010,500347,20971,PINK BLUE FELT CRAFT TRINKET BOX,12,2010-03-07 14:52:00,1.25,15631.0,United Kingdom
Year 2009-2010,500357,20748,KENSINGTON COFFEE SET,2,2010-03-07 15:41:00,12.75,16310.0,United Kingdom
Year 2009-2010,500377,22385,JUMBO BAG SPACEBOY DESIGN,10,2010-03-08 10:05:00,1.95,17454.0,United Kingdom
Year 2009-2010,500459,22487,WHITE WOOD GARDEN PLANT LADDER,1,2010-03-08 12:25:00,9.95,13004.0,United Kingdom
Year 2009-2010,500506,22118,JOY WOODEN BLOCK LETTERS,1,2010-03-08 13:48:00,4.95,14562.0,United Kingdom
Year 2009-2010,500574,21164,HOME SWEET HOME METAL SIGN ,6,2010-03-08 16:30:00,2.95,17663.0,United Kingdom
Year 2009-2010,500583,22328,ROUND SNACK BOXES SET OF 4 FRUITS ,6,2010-03-09 09:49:00,2.95,13178.0,United Kingdom
Year 2009-2010,C500705,20762,GREEN FERN SKETCHBOOK ,-4,2010-03-09 13:46:00,3.75,14748.0,United Kingdom
Year 2009-2010,500720,22080,RIBBON REEL SPOTS DESIGN ,5,2010-03-09 15:16:00,1.65,12747.0,United Kingdom
Year 2009-2010,500721,85152,HAND OVER THE CHOCOLATE   SIGN ,3,2010-03-09 15:22:00,2.1,17059.0,United Kingdom
Year 2009-2010,500751,21947,SET OF 6 HEART CHOPSTICKS,12,2010-03-10 10:25:00,1.25,13081.0,United Kingdom
Year 2009-2010,500834,22146,EASTER CRAFT IVY WREATH WITH CHICK,6,2010-03-10 11:46:00,1.95,13484.0,United Kingdom
Year 2009-2010,500834,22565,FELTCRAFT HAIRBANDS PINK + WHITE ,12,2010-03-10 11:46:00,0.85,13484.0,United Kingdom
Year 2009-2010,500843,21984,PACK OF 12 PINK PAISLEY TISSUES ,1,2010-03-10 12:13:00,0.29,17348.0,United Kingdom
Year 2009-2010,500878,22584,PACK OF 6 PANNETONE GIFT BOXES,6,2010-03-10 14:19:00,2.55,16258.0,United Kingdom
Year 2009-2010,501005,21612,SET 12 WILDFLOWER BOTANICAL T-LIGHT,6,2010-03-11 14:23:00,2.55,17448.0,United Kingdom
Year 2009-2010,501007,22150,3 STRIPEY MICE FELTCRAFT,10,2010-03-11 14:51:00,1.95,16126.0,United Kingdom
Year 2009-2010,501161,84990,60 GOLD AND SILVER FAIRY CAKE CASES,2,2010-03-15 09:28:00,1.28,,United Kingdom
Year 2009-2010,501182,21509,COWBOYS AND INDIANS BIRTHDAY CARD ,12,2010-03-15 11:39:00,0.42,16186.0,United Kingdom
Year 2009-2010,501291,21232,STRAWBERRY CERAMIC TRINKET BOX,2,2010-03-15 15:33:00,1.25,14343.0,United Kingdom
Year 2009-2010,501291,21865,PINK UNION JACK  PASSPORT COVER ,2,2010-03-15 15:33:00,2.1,14343.0,United Kingdom
Year 2009-2010,501296,22507,MEMO BOARD RETROSPOT  DESIGN,2,2010-03-15 16:02:00,4.95,16242.0,United Kingdom
Year 2009-2010,501299,22264,FELT FARM ANIMAL WHITE BUNNY ,8,2010-03-15 16:19:00,0.85,18008.0,United Kingdom
Year 2009-2010,501301,84937,KASHMIR FOLKART TUMBLERS,24,2010-03-15 16:36:00,2.1,13786.0,United Kingdom
Year 2009-2010,501308,21658,GLASS  BEURRE DISH,4,2010-03-16 08:23:00,3.95,15227.0,United Kingdom
Year 2009-2010,501386,84968A,S/16 VINTAGE ROSE CUTLERY,3,2010-03-16 11:14:00,12.75,16779.0,United Kingdom
Year 2009-2010,C501433,21318,GLASS CHALICE BLUE SMALL ,-1,2010-03-16 13:11:00,1.45,15311.0,United Kingdom
Year 2009-2010,501473,21506,"FANCY FONT BIRTHDAY CARD, ",72,2010-03-16 16:31:00,0.36,17511.0,United Kingdom
Year 2009-2010,501532,21540,DAIRY MAID CERAMIC BUTTER DISH,1,2010-03-17 12:54:00,4.25,14606.0,United Kingdom
Year 2009-2010,501544,84970S,HANGING HEART ZINC T-LIGHT HOLDER,12,2010-03-17 14:55:00,0.85,18196.0,United Kingdom
Year 2009-2010,501548,72741,GRAND CHOCOLATECANDLE,27,2010-03-17 15:24:00,1.45,16917.0,United Kingdom
Year 2009-2010,501619,84279B,CHERRY BLOSSOM DECORATIVE FLASK,12,2010-03-18 11:28:00,3.39,14299.0,United Kingdom
Year 2009-2010,501641,22093,MOTORING TISSUE BOX,2,2010-03-18 12:14:00,1.25,13057.0,United Kingdom
Year 2009-2010,501652,21216,"SET 3 RED SPOT TIN TEA,COFFEE,SUGAR",1,2010-03-18 12:47:00,4.95,17841.0,United Kingdom
Year 2009-2010,501660,84029G,KNITTED UNION FLAG HOT WATER BOTTLE,4,2010-03-18 13:28:00,3.75,17095.0,United Kingdom
Year 2009-2010,501663,22457,NATURAL SLATE HEART CHALKBOARD ,6,2010-03-18 14:09:00,2.95,12615.0,France
Year 2009-2010,501730,22383,LUNCH BAG SUKI  DESIGN ,6,2010-03-19 11:05:00,1.65,14159.0,United Kingdom
Year 2009-2010,501731,85099C,JUMBO  BAG BAROQUE BLACK WHITE,2,2010-03-19 11:07:00,1.95,16008.0,United Kingdom
Year 2009-2010,501731,84836,ZINC METAL HEART DECORATION,12,2010-03-19 11:07:00,1.25,16008.0,United Kingdom
Year 2009-2010,501778,M,Manual,1,2010-03-19 12:37:00,934.66,,United Kingdom
Year 2009-2010,501858,22191,EAU DE NIL DINER WALL CLOCK,1,2010-03-21 11:21:00,8.5,13593.0,United Kingdom
Year 2009-2010,501880,84596F,SMALL MARSHMALLOWS PINK BOWL,8,2010-03-21 13:38:00,1.25,17285.0,United Kingdom
Year 2009-2010,501889,21524,DOOR MAT SPOTTY HOME SWEET HOME,10,2010-03-21 14:24:00,6.35,13093.0,United Kingdom
Year 2009-2010,501904,22198,"POPCORN HOLDER , LARGE",50,2010-03-21 15:56:00,1.45,12368.0,Cyprus
Year 2009-2010,502038,84270,ASSTD DESIGN BUBBLE GUM RING,30,2010-03-22 13:49:00,0.21,13206.0,United Kingdom
Year 2009-2010,502038,22241,GARLAND WOODEN HAPPY EASTER,12,2010-03-22 13:49:00,1.25,13206.0,United Kingdom
Year 2009-2010,502094,22385,JUMBO BAG SPACEBOY DESIGN,3,2010-03-22 17:34:00,1.95,12748.0,United Kingdom
Year 2009-2010,502272,21174,POTTERING IN THE SHED METAL SIGN,3,2010-03-23 15:47:00,1.95,14344.0,United Kingdom
Year 2009-2010,C502306,85063,CREAM SWEETHEART MAGAZINE RACK,-1,2010-03-24 09:35:00,14.95,14258.0,United Kingdom
Year 2009-2010,502319,21333,CLASSIC WHITE FRAME,4,2010-03-24 10:00:00,2.95,14370.0,United Kingdom
Year 2009-2010,502320,35909A,RABBIT EASTER DECORATION,6,2010-03-24 10:03:00,2.95,14341.0,United Kingdom
Year 2009-2010,502375,21114,LAVENDER SCENTED FABRIC HEART,10,2010-03-24 11:38:00,1.25,17165.0,United Kingdom
Year 2009-2010,C502442,S,SAMPLES,-1,2010-03-24 13:20:00,94.19,,United Kingdom
Year 2009-2010,C502461,22138,BAKING SET 9 PIECE RETROSPOT ,-6,2010-03-24 14:33:00,4.95,15607.0,United Kingdom
Year 2009-2010,502486,gift_0001_10,Dotcomgiftshop Gift Voucher £10.00,1,2010-03-24 17:43:00,8.51,,United Kingdom
Year 2009-2010,502490,71279,PINK GLASS CANDLEHOLDER,6,2010-03-25 10:04:00,2.95,14640.0,United Kingdom
Year 2009-2010,502496,22498,WOODEN REGATTA BUNTING,12,2010-03-25 10:36:00,5.95,14202.0,United Kingdom
Year 2009-2010,502499,22073,RETRO SPOT STORAGE JAR,4,2010-03-25 11:07:00,3.75,15513.0,United Kingdom
Year 2009-2010,502568,47585A,PINK FAIRY CAKE CUSHION COVER,12,2010-03-25 12:10:00,1.25,12370.0,Austria
Year 2009-2010,502597,21040,MODERN VINTAGE COTTON SHOPPING BAG,6,2010-03-25 13:15:00,2.55,13969.0,United Kingdom
Year 2009-2010,502613,M,Manual,25,2010-03-25 14:22:00,0.42,14535.0,United Kingdom
Year 2009-2010,502613,22550,HOLIDAY FUN LUDO,1,2010-03-25 14:22:00,3.75,14535.0,United Kingdom
Year 2009-2010,502637,85067,CREAM SWEETHEART WALL CABINET,1,2010-03-25 16:29:00,18.95,15768.0,United Kingdom
Year 2009-2010,502653,85186C,BUNNY EGG GARLAND,24,2010-03-25 16:58:00,0.42,17160.0,United Kingdom
Year 2009-2010,502733,22352,LUNCHBOX WITH CUTLERY RETROSPOT ,2,2010-03-26 11:56:00,2.55,15911.0,United Kingdom
Year 2009-2010,502751,20851,ZINC HEART LATTICE TRAY OVAL ,1,2010-03-26 13:13:00,5.95,17290.0,United Kingdom
Year 2009-2010,502763,22583,PACK OF 6 HANDBAG GIFT BOXES,8,2010-03-26 13:57:00,2.55,17966.0,United Kingdom
Year 2009-2010,502798,72807B,SET/3 OCEAN SCENT CANDLE JEWEL BOX,2,2010-03-26 16:17:00,4.25,15552.0,United Kingdom
Year 2009-2010,502810,48184,DOOR MAT ENGLISH ROSE ,1,2010-03-26 17:24:00,7.49,15339.0,United Kingdom
Year 2009-2010,502822,84375,SET OF 20 KIDS COOKIE CUTTERS,1,2010-03-28 11:19:00,1.95,17155.0,United Kingdom
Year 2009-2010,502841,21621,VINTAGE UNION JACK BUNTING,1,2010-03-28 13:21:00,8.5,18283.0,United Kingdom
Year 2009-2010,502886,21982,PACK OF 12 SUKI TISSUES ,12,2010-03-29 11:16:00,0.29,16456.0,United Kingdom
Year 2009-2010,502886,21527,RETRO SPOT TRADITIONAL TEAPOT ,2,2010-03-29 11:16:00,7.95,16456.0,United Kingdom
Year 2009-2010,502891,21106,CREAM SLICE FLANNEL CHOCOLATE SPOT ,6,2010-03-29 11:41:00,2.55,17448.0,United Kingdom
Year 2009-2010,502897,22567,20 DOLLY PEGS RETROSPOT,4,2010-03-29 11:55:00,1.25,14527.0,United Kingdom
Year 2009-2010,502916,22384,LUNCH BAG PINK RETROSPOT,1,2010-03-29 13:39:00,1.65,16502.0,United Kingdom
Year 2009-2010,502997,72801c,S/4 ROSE PINK DINNER CANDLES,1,2010-03-29 14:58:00,2.51,,United Kingdom
Year 2009-2010,C503050,BANK CHARGES,Bank Charges,-1,2010-03-29 15:38:00,25.0,,United Kingdom
Year 2009-2010,503135,22273,FELTCRAFT DOLL MOLLY,48,2010-03-30 11:48:00,2.55,14935.0,Channel Islands
Year 2009-2010,503146,21035,SET/2 RED SPOTTY TEA TOWELS ,12,2010-03-30 12:16:00,2.95,15029.0,United Kingdom
Year 2009-2010,503157,85099F,JUMBO BAG STRAWBERRY,3,2010-03-30 12:40:00,1.95,15719.0,United Kingdom
Year 2009-2010,503185,22063,CERAMIC BOWL WITH STRAWBERRY DESIGN,1,2010-03-30 14:29:00,5.91,,United Kingdom
Year 2009-2010,503189,21550,CERAMIC BIRDHOUSE CRESTED TIT LARGE,5,2010-03-30 15:02:00,5.95,14882.0,United Kingdom
Year 2009-2010,503193,82578,KITCHEN METAL SIGN,12,2010-03-30 15:21:00,0.55,18242.0,United Kingdom
Year 2009-2010,503244,20997,ROSE DU SUD CUSHION COVER ,1,2010-03-31 09:49:00,4.95,17377.0,United Kingdom
Year 2009-2010,503244,22497,SET OF 2 TINS VINTAGE BATHROOM ,1,2010-03-31 09:49:00,4.25,17377.0,United Kingdom
Year 2009-2010,503260,22081,RIBBON REEL FLORA + FAUNA ,1,2010-03-31 11:11:00,1.65,16393.0,United Kingdom
Year 2009-2010,503433,POST,POSTAGE,2,2010-04-01 08:43:00,18.0,12609.0,Germany
Year 2009-2010,503447,85099F,JUMBO BAG STRAWBERRY,100,2010-04-01 10:57:00,1.65,14916.0,United Kingdom
Year 2009-2010,503448,20711,JUMBO BAG TOYS ,20,2010-04-01 11:16:00,1.95,16779.0,United Kingdom
Year 2009-2010,503507,22334,DINOSAUR PARTY BAG + STICKER SET,2,2010-04-01 12:33:00,1.65,16713.0,United Kingdom
Year 2009-2010,503532,85049B,LUSH GREENS RIBBONS,12,2010-04-01 13:20:00,1.25,12472.0,Germany
Year 2009-2010,503543,20871,OPULENT VELVET SET/3 CANDLES,1,2010-04-01 14:23:00,2.1,17993.0,United Kingdom
Year 2009-2010,503591,20723,STRAWBERRY CHARLOTTE BAG,20,2010-04-01 18:48:00,0.85,17669.0,United Kingdom
Year 2009-2010,503667,84849D,HOT BATHS SOAP HOLDER,1,2010-04-06 11:42:00,1.69,15493.0,United Kingdom
Year 2009-2010,503667,37448,CERAMIC CAKE DESIGN SPOTTED MUG,2,2010-04-06 11:42:00,1.49,15493.0,United Kingdom
Year 2009-2010,503802,21714,CITRONELLA CANDLE GARDEN POT,6,2010-04-07 13:54:00,1.25,14514.0,United Kingdom
Year 2009-2010,503804,21843,RED RETROSPOT CAKE STAND,24,2010-04-07 14:04:00,9.95,15061.0,United Kingdom
Year 2009-2010,503809,84692,BOX OF 24 COCKTAIL PARASOLS,50,2010-04-07 14:14:00,0.32,15061.0,United Kingdom
Year 2009-2010,503831,22434,BALLOON PUMP WITH 10 BALLOONS,72,2010-04-07 16:06:00,1.65,12482.0,Sweden
Year 2009-2010,503932,84836,ZINC METAL HEART DECORATION,12,2010-04-08 13:45:00,1.25,14562.0,United Kingdom
Year 2009-2010,503953,21276,TWO EMBOSSED HEART MINI DRAWERS,2,2010-04-08 16:21:00,6.95,13163.0,United Kingdom
Year 2009-2010,503972,21726,MULTI HEARTS  STICKERS,1,2010-04-08 17:44:00,0.85,17180.0,United Kingdom
Year 2009-2010,503980,21124,SET/10 BLUE SPOTTY PARTY CANDLES,48,2010-04-09 08:05:00,1.25,13762.0,United Kingdom
Year 2009-2010,504111,DOT,DOTCOM POSTAGE,1,2010-04-09 14:59:00,14.94,,United Kingdom
Year 2009-2010,504135,21972,SET OF 36 DINOSAUR PAPER DOILIES,12,2010-04-11 12:02:00,1.45,16276.0,United Kingdom
Year 2009-2010,504135,21975,PACK OF 60 DINOSAUR CAKE CASES,24,2010-04-11 12:02:00,0.55,16276.0,United Kingdom
Year 2009-2010,504158,21622,VINTAGE UNION JACK CUSHION COVER,8,2010-04-11 15:38:00,4.95,13001.0,United Kingdom
Year 2009-2010,504206,21535,RETRO SPOT SMALL MILK JUG,6,2010-04-12 11:25:00,2.55,17469.0,United Kingdom
Year 2009-2010,504332,21877,HOME SWEET HOME MUG,24,2010-04-12 16:30:00,1.25,12671.0,Germany
Year 2009-2010,C504343,21232,STRAWBERRY CERAMIC TRINKET BOX,-3,2010-04-13 09:16:00,1.25,13050.0,United Kingdom
Year 2009-2010,C504345,21279,VINTAGE KITCHEN PRINT FRUITS,-1,2010-04-13 09:29:00,2.55,14893.0,United Kingdom
Year 2009-2010,504394,22410,MONEY BOX HOUSEKEEPING DESIGN,1,2010-04-13 11:43:00,1.25,14040.0,United Kingdom
Year 2009-2010,504396,m,Manual,1,2010-04-13 11:45:00,4.0,,United Kingdom
Year 2009-2010,504407,46000S,POLYESTER FILLER PAD 40x40cm,10,2010-04-13 11:58:00,1.45,14527.0,United Kingdom
Year 2009-2010,504412,22250,DECORATION  BUTTERFLY  MAGIC GARDEN,12,2010-04-13 12:24:00,0.85,16940.0,United Kingdom
Year 2009-2010,504412,79323W,WHITE CHERRY LIGHTS,8,2010-04-13 12:24:00,6.75,16940.0,United Kingdom
Year 2009-2010,504449,21123,SET/10 IVORY SPOTTY PARTY CANDLES,24,2010-04-13 14:53:00,1.25,12459.0,Spain
Year 2009-2010,504466,21936,RED RETROSPOT PICNIC BAG,1,2010-04-13 16:57:00,2.95,16259.0,United Kingdom
Year 2009-2010,504477,21716,BOYS VINTAGE TIN SEASIDE BUCKET,8,2010-04-14 10:08:00,2.55,12437.0,France
Year 2009-2010,504508,22171,3 HOOK PHOTO SHELF ANTIQUE WHITE,2,2010-04-14 11:20:00,8.5,15265.0,United Kingdom
Year 2009-2010,504519,22440,BALLOON WATER BOMB PACK OF 35,10,2010-04-14 11:36:00,0.42,15563.0,United Kingdom
Year 2009-2010,504547,22080,RIBBON REEL SPOTS DESIGN ,5,2010-04-14 12:28:00,1.65,17682.0,United Kingdom
Year 2009-2010,504552,85031B,BLOSSOM IMAGES SCRAP BOOK SET,24,2010-04-14 13:27:00,1.25,16105.0,United Kingdom
Year 2009-2010,504572,20829,GLITTER HANGING BUTTERFLY STRING,1,2010-04-14 14:49:00,2.1,18057.0,United Kingdom
Year 2009-2010,504572,21244,BLUE  SPOTTY PLATE ,2,2010-04-14 14:49:00,1.69,18057.0,United Kingdom
Year 2009-2010,504585,POST,POSTAGE,2,2010-04-15 09:15:00,28.0,12540.0,Spain
Year 2009-2010,C504629,37446,MINI CAKE STAND WITH HANGING CAKES,-1,2010-04-15 12:53:00,1.45,12935.0,United Kingdom
Year 2009-2010,504638,84815,SET OF 3 DANISH ROSE PLANTERS,3,2010-04-15 14:10:00,4.25,18245.0,United Kingdom
Year 2009-2010,504691,21721,CANDY SHOP  STICKER SHEET,12,2010-04-15 16:34:00,0.85,16325.0,United Kingdom
Year 2009-2010,504716,47590B,PINK HAPPY BIRTHDAY BUNTING,2,2010-04-16 10:40:00,5.45,17920.0,United Kingdom
Year 2009-2010,504730,85150,LADIES & GENTLEMEN METAL SIGN,12,2010-04-16 11:21:00,2.55,14680.0,United Kingdom
Year 2009-2010,504829,21936,RED RETROSPOT PICNIC BAG,5,2010-04-16 13:17:00,2.95,16125.0,United Kingdom
Year 2009-2010,504838,21175,GIN + TONIC DIET METAL SIGN,12,2010-04-16 15:18:00,2.1,15078.0,United Kingdom
Year 2009-2010,504842,22367,CHILDS APRON SPACEBOY DESIGN,8,2010-04-16 15:55:00,1.95,15259.0,United Kingdom
Year 2009-2010,504852,48195,DOOR MAT GREEN PAISLEY ,1,2010-04-18 10:37:00,7.49,17243.0,United Kingdom
Year 2009-2010,504858,22149,FELTCRAFT 6 FLOWER FRIENDS,12,2010-04-18 11:40:00,2.1,18172.0,United Kingdom
Year 2009-2010,504873,84755,COLOUR GLASS T-LIGHT HOLDER HANGING,32,2010-04-18 12:36:00,0.65,14817.0,United Kingdom
Year 2009-2010,504877,21924,BLUE/CREAM STRIPE FRINGE HAMMOCK,1,2010-04-18 12:45:00,7.95,17085.0,United Kingdom
Year 2009-2010,504878,22583,PACK OF 6 HANDBAG GIFT BOXES,1,2010-04-18 12:46:00,2.55,15768.0,United Kingdom
Year 2009-2010,504894,37446,MINI CAKE STAND WITH HANGING CAKES,32,2010-04-18 14:10:00,1.25,15990.0,United Kingdom
Year 2009-2010,504901,85062,PEARL CRYSTAL PUMPKIN T-LIGHT HLDR,6,2010-04-18 15:34:00,1.65,16921.0,United Kingdom
Year 2009-2010,504902,82578,KITCHEN METAL SIGN,6,2010-04-18 15:35:00,0.55,13286.0,United Kingdom
Year 2009-2010,504906,84875B,GREEN SQUARE COMPACT MIRROR,12,2010-04-19 07:14:00,1.25,17850.0,United Kingdom
Year 2009-2010,504915,22199,FRYING PAN RED POLKADOT ,4,2010-04-19 10:23:00,4.25,14911.0,EIRE
Year 2009-2010,504924,85159A,"BLACK TEA,COFFEE,SUGAR JARS",1,2010-04-19 10:49:00,12.72,,United Kingdom
Year 2009-2010,505011,22382,LUNCH BAG SPACEBOY DESIGN ,6,2010-04-19 13:15:00,1.45,17850.0,United Kingdom
Year 2009-2010,505051,22358,KINGS CHOICE TEA CADDY ,6,2010-04-19 14:39:00,2.95,12949.0,United Kingdom
Year 2009-2010,505066,22537,MAGIC DRAWING SLATE DINOSAUR,48,2010-04-19 16:48:00,0.42,13407.0,United Kingdom
Year 2009-2010,505067,84509G,SET OF 4 FAIRY CAKE PLACEMATS ,1,2010-04-19 16:48:00,3.75,14606.0,United Kingdom
Year 2009-2010,505087,84875B,GREEN SQUARE COMPACT MIRROR,12,2010-04-20 10:23:00,1.25,17850.0,United Kingdom
Year 2009-2010,505189,22540,MINI JIGSAW CIRCUS PARADE ,48,2010-04-20 15:32:00,0.42,13485.0,United Kingdom
Year 2009-2010,505204,BANK CHARGES,Bank Charges,1,2010-04-20 16:24:00,15.0,17448.0,United Kingdom
Year 2009-2010,505330,22423,REGENCY CAKESTAND 3 TIER,8,2010-04-21 12:32:00,12.75,13089.0,United Kingdom
Year 2009-2010,505332,21906,PHARMACIE FIRST AID TIN,1,2010-04-21 12:43:00,6.75,15719.0,United Kingdom
Year 2009-2010,505342,79321,CHILLI LIGHTS,4,2010-04-21 13:22:00,4.25,17448.0,United Kingdom
Year 2009-2010,505358,21621,VINTAGE UNION JACK BUNTING,1,2010-04-21 15:24:00,8.5,14605.0,United Kingdom
Year 2009-2010,505358,46000M,POLYESTER FILLER PAD 45x45cm,20,2010-04-21 15:24:00,1.55,14605.0,United Kingdom
Year 2009-2010,C505407,22423,REGENCY CAKESTAND 3 TIER,-1,2010-04-22 10:23:00,12.75,16053.0,United Kingdom
Year 2009-2010,C505442,22138,BAKING SET 9 PIECE RETROSPOT ,-2,2010-04-22 10:47:00,4.95,17457.0,United Kingdom
Year 2009-2010,505450,21539,RED RETROSPOT BUTTER DISH,36,2010-04-22 11:21:00,4.25,13935.0,United Kingdom
Year 2009-2010,C505451,21703,BAG 125g SWIRLY MARBLES,-12,2010-04-22 11:23:00,0.42,17622.0,United Kingdom
Year 2009-2010,C505484,21059,PARTY INVITES DINOSAURS,-8,2010-04-22 12:47:00,0.85,16040.0,United Kingdom
Year 2009-2010,505702,21155,RED SPOTTY PEG BAG,2,2010-04-25 11:43:00,2.1,14549.0,United Kingdom
Year 2009-2010,505706,22300,COFFEE MUG DOG + BALL DESIGN,12,2010-04-25 11:53:00,2.55,17436.0,United Kingdom
Year 2009-2010,505710,22320,BIRDS MOBILE VINTAGE DESIGN,3,2010-04-25 12:36:00,5.95,12474.0,Germany
Year 2009-2010,505712,20692,FLORAL ELEPHANT SOFT TOY,3,2010-04-25 12:43:00,4.25,13527.0,United Kingdom
Year 2009-2010,505787,22172,METAL SHELF WITH RAIL ,1,2010-04-26 10:57:00,8.5,16814.0,United Kingdom
Year 2009-2010,505847,22551,PLASTERS IN TIN SPACEBOY,2,2010-04-26 12:11:00,1.65,14710.0,United Kingdom
Year 2009-2010,505888,90198A,VINTAGE ROSE BEAD BRACELET RASPBERR,1,2010-04-26 14:14:00,4.24,,United Kingdom
Year 2009-2010,505975,20703,BLUE PADDED SOFT MOBILE,3,2010-04-27 08:51:00,4.25,13037.0,United Kingdom
Year 2009-2010,505978,20754,RETRO RED SPOTTY WASHING UP GLOVES,72,2010-04-27 09:03:00,1.69,13881.0,United Kingdom
Year 2009-2010,505985,85152,HAND OVER THE CHOCOLATE   SIGN ,36,2010-04-27 09:41:00,1.4,18102.0,United Kingdom
Year 2009-2010,505995,22151,PLACE SETTING WHITE HEART,24,2010-04-27 10:31:00,0.42,15601.0,United Kingdom
Year 2009-2010,506070,21982,PACK OF 12 SUKI TISSUES ,48,2010-04-27 11:54:00,0.29,17139.0,United Kingdom
Year 2009-2010,C506143,79323W,WHITE CHERRY LIGHTS,-13,2010-04-27 16:21:00,5.45,15856.0,United Kingdom
Year 2009-2010,506162,22023,EMPIRE BIRTHDAY CARD,12,2010-04-28 09:15:00,0.42,13081.0,United Kingdom
Year 2009-2010,506244,21897,POTTING SHED CANDLE CITRONELLA,6,2010-04-28 13:18:00,2.95,14194.0,United Kingdom
Year 2009-2010,506249,22356,"CHARLOTTE BAG , PINK/WHITE SPOTS",10,2010-04-28 13:26:00,0.85,12876.0,Belgium
Year 2009-2010,506294,22507,MEMO BOARD RETROSPOT  DESIGN,1,2010-04-29 10:11:00,4.95,17377.0,United Kingdom
Year 2009-2010,506308,C2,CARRIAGE,1,2010-04-29 10:54:00,50.0,14911.0,EIRE
Year 2009-2010,A506401,B,Adjust bad debt,1,2010-04-29 13:36:00,-53594.36,,United Kingdom
Year 2009-2010,C506405,BANK CHARGES,Bank Charges,-1,2010-04-29 13:41:00,25.0,,United Kingdom
Year 2009-2010,506413,21156,RED SPOTTY CHILDS APRON,8,2010-04-29 14:16:00,1.95,14292.0,United Kingdom
Year 2009-2010,506428,21503,TOYBOX  WRAP ,25,2010-04-29 15:27:00,0.42,15180.0,United Kingdom
Year 2009-2010,506434,84789,ENCHANTED BIRD PLANT CAGE,3,2010-04-29 15:34:00,3.75,13173.0,United Kingdom
Year 2009-2010,C506485,D,Discount,-1,2010-04-30 10:37:00,216.45,15498.0,United Kingdom
Year 2009-2010,506564,21773,DECORATIVE ROSE BATHROOM BOTTLE,12,2010-04-30 12:25:00,1.25,16096.0,United Kingdom
Year 2009-2010,506566,M,Manual,3,2010-04-30 12:46:00,0.42,14648.0,United Kingdom
Year 2009-2010,C506602,S,SAMPLES,-1,2010-04-30 14:56:00,30.0,,United Kingdom
Year 2009-2010,C506607,S,SAMPLES,-1,2010-04-30 15:28:00,12.5,,United Kingdom
Year 2009-2010,C506607,S,SAMPLES,-1,2010-04-30 15:28:00,2.88,,United Kingdom
Year 2009-2010,506675,17091B,JASMINE TEA INCENSE IN TIN,6,2010-05-02 10:24:00,1.25,17243.0,United Kingdom
Year 2009-2010,506688,85123A,WHITE HANGING HEART T-LIGHT HOLDER,2,2010-05-02 11:54:00,2.95,17565.0,United Kingdom
Year 2009-2010,C506703,S,SAMPLES,-1,2010-05-02 14:12:00,191.21,,United Kingdom
Year 2009-2010,506707,84755,COLOUR GLASS T-LIGHT HOLDER HANGING,144,2010-05-02 14:49:00,0.55,14156.0,EIRE
Year 2009-2010,506721,21717,EASTER TIN BUCKET,8,2010-05-04 09:23:00,2.55,12507.0,Spain
Year 2009-2010,506735,22507,MEMO BOARD RETROSPOT  DESIGN,4,2010-05-04 10:17:00,4.95,16317.0,United Kingdom
Year 2009-2010,506818,22033,BOTANICAL ROSE GREETING CARD,12,2010-05-04 12:45:00,0.42,18245.0,United Kingdom
Year 2009-2010,506895,22082,RIBBON REEL STRIPES DESIGN ,10,2010-05-05 09:04:00,1.65,15590.0,United Kingdom
Year 2009-2010,506986,90129D,AMBER GLASS TASSLE BAG CHARM,12,2010-05-05 13:28:00,2.95,18028.0,United Kingdom
Year 2009-2010,507026,22423,REGENCY CAKESTAND 3 TIER,3,2010-05-05 14:43:00,12.75,14205.0,United Kingdom
Year 2009-2010,507028,22079,RIBBON REEL HEARTS DESIGN ,5,2010-05-05 14:51:00,1.65,15704.0,United Kingdom
Year 2009-2010,507042,21164,HOME SWEET HOME METAL SIGN ,4,2010-05-05 16:48:00,2.95,13713.0,United Kingdom
Year 2009-2010,C507118,35004B,SET OF 3 BLACK FLYING DUCKS,-1,2010-05-06 11:38:00,4.65,15311.0,United Kingdom
Year 2009-2010,507178,84997C,BLUE 3 PIECE MINI DOTS CUTLERY SET,72,2010-05-06 15:17:00,3.39,14646.0,Netherlands
Year 2009-2010,507193,22517,CHILDS GARDEN RAKE PINK,12,2010-05-06 16:21:00,2.1,16843.0,United Kingdom
Year 2009-2010,507210,22568,FELTCRAFT CUSHION OWL,2,2010-05-06 17:22:00,3.75,14156.0,EIRE
Year 2009-2010,507223,22436,12 COLOURED PARTY BALLOONS,10,2010-05-06 19:29:00,0.65,17323.0,United Kingdom
Year 2009-2010,507235,22432,WATERING CAN PINK BUNNY,12,2010-05-07 09:04:00,1.65,14298.0,United Kingdom
Year 2009-2010,507289,22564,ALPHABET STENCIL CRAFT,2,2010-05-07 14:02:00,1.25,14535.0,United Kingdom
Year 2009-2010,507296,21718,RED METAL BEACH SPADE ,8,2010-05-07 14:44:00,1.25,15465.0,United Kingdom
Year 2009-2010,507297,79000,MOROCCAN TEA GLASS,24,2010-05-07 14:44:00,0.85,13313.0,United Kingdom
Year 2009-2010,C507361,79341,WILLOW BRANCH LIGHTS.,-1,2010-05-07 15:55:00,6.75,15311.0,United Kingdom
Year 2009-2010,507368,85123A,WHITE HANGING HEART T-LIGHT HOLDER,4,2010-05-07 17:28:00,2.95,13969.0,United Kingdom
Year 2009-2010,507388,85059,FRENCH ENAMEL WATER BASIN,2,2010-05-09 12:12:00,3.75,14474.0,United Kingdom
Year 2009-2010,507393,22522,CHILDS GARDEN FORK BLUE ,12,2010-05-09 12:49:00,0.85,14911.0,EIRE
Year 2009-2010,507417,22385,JUMBO BAG SPACEBOY DESIGN,10,2010-05-09 14:35:00,1.95,13425.0,United Kingdom
Year 2009-2010,507453,21186,WHITE DOVE HONEYCOMB PAPER GARLAND,12,2010-05-10 10:11:00,1.65,15674.0,United Kingdom
Year 2009-2010,507458,21827,EIGHT PIECE CREEPY CRAWLIE SET,12,2010-05-10 10:29:00,1.25,15561.0,United Kingdom
Year 2009-2010,507586,79160,HEART SHAPE WIRELESS DOORBELL,2,2010-05-10 12:42:00,2.1,17841.0,United Kingdom
Year 2009-2010,C507599,72802B,OCEAN SCENT CANDLE IN JEWELLED BOX,-1,2010-05-10 13:26:00,4.25,13136.0,United Kingdom
Year 2009-2010,507648,84688,BEACH HUT DESIGN BLACKBOARD,24,2010-05-10 15:48:00,1.65,15555.0,United Kingdom
Year 2009-2010,507669,20914,SET/5 RED SPOTTY LID GLASS BOWLS,6,2010-05-11 08:59:00,2.95,15078.0,United Kingdom
Year 2009-2010,507673,22558,CLOTHES PEGS RETROSPOT PACK 24 ,12,2010-05-11 09:29:00,1.25,14911.0,EIRE
Year 2009-2010,507750,84947,ANTIQUE SILVER TEA GLASS ENGRAVED,6,2010-05-11 12:18:00,1.25,16419.0,United Kingdom
Year 2009-2010,507837,22024,RAINY LADIES BIRTHDAY CARD,9,2010-05-11 13:29:00,0.42,15358.0,United Kingdom
Year 2009-2010,507847,22271,FELTCRAFT DOLL ROSIE,6,2010-05-11 14:40:00,2.95,16307.0,United Kingdom
Year 2009-2010,507889,22623,BOX OF VINTAGE JIGSAW BLOCKS ,3,2010-05-11 16:35:00,4.95,15862.0,United Kingdom
Year 2009-2010,507923,22559,SEASIDE FLYING DISC,12,2010-05-12 09:51:00,1.25,17364.0,United Kingdom
Year 2009-2010,508037,21259,VICTORIAN SEWING BOX SMALL ,1,2010-05-12 12:09:00,5.95,16891.0,United Kingdom
Year 2009-2010,508074,M,Manual,3,2010-05-12 16:03:00,2.0,17897.0,United Kingdom
Year 2009-2010,508095,21791,VINTAGE HEADS AND TAILS CARD GAME ,400,2010-05-13 08:57:00,1.06,12931.0,United Kingdom
Year 2009-2010,508214,84971S,SMALL HEART FLOWERS HOOK ,12,2010-05-13 14:51:00,0.85,15768.0,United Kingdom
Year 2009-2010,508221,21034,REX CASH+CARRY JUMBO SHOPPER,2,2010-05-13 15:41:00,0.95,18225.0,United Kingdom
Year 2009-2010,508235,22099,CARAVAN SQUARE TISSUE BOX,1,2010-05-13 18:49:00,1.25,15478.0,United Kingdom
Year 2009-2010,C508238,22177,5 HOOK BLACKBOARD ORGANISER ,-1,2010-05-13 19:28:00,9.95,14493.0,United Kingdom
Year 2009-2010,508251,22561,WOODEN SCHOOL COLOURING SET,24,2010-05-14 10:40:00,1.65,13157.0,United Kingdom
Year 2009-2010,508328,22530,MAGIC DRAWING SLATE DOLLY GIRL ,5,2010-05-14 11:50:00,0.42,16161.0,United Kingdom
Year 2009-2010,508339,85055,FRENCH ENAMEL UTENSIL HOLDER,4,2010-05-14 12:17:00,3.75,13873.0,United Kingdom
Year 2009-2010,508396,BANK CHARGES,Bank Charges,1,2010-05-14 14:54:00,39.24,,United Kingdom
Year 2009-2010,508408,21791,VINTAGE HEADS AND TAILS CARD GAME ,12,2010-05-14 15:56:00,1.25,13300.0,United Kingdom
Year 2009-2010,508451,21698,MOCK LOBSTER FRIDGE MAGNET,1,2010-05-14 16:33:00,1.66,,United Kingdom
Year 2009-2010,508462,22515,CHILDS GARDEN SPADE PINK,2,2010-05-16 10:23:00,2.1,13259.0,United Kingdom
Year 2009-2010,508581,72349B,SET/6 PURPLE BUTTERFLY T-LIGHTS,48,2010-05-17 11:55:00,1.69,18287.0,United Kingdom
Year 2009-2010,508594,21259,VICTORIAN SEWING BOX SMALL ,24,2010-05-17 12:11:00,4.95,16656.0,United Kingdom
Year 2009-2010,508654,21238,RED SPOTTY CUP,8,2010-05-17 15:54:00,0.85,15296.0,United Kingdom
Year 2009-2010,C508725,79323W,WHITE CHERRY LIGHTS,-4,2010-05-18 09:33:00,6.75,13000.0,United Kingdom
Year 2009-2010,508750,22379,RECYCLING BAG RETROSPOT ,5,2010-05-18 11:48:00,2.1,13018.0,United Kingdom
Year 2009-2010,508856,22423,REGENCY CAKESTAND 3 TIER,2,2010-05-18 15:15:00,12.75,12913.0,United Kingdom
Year 2009-2010,508864,22384,LUNCH BAG PINK RETROSPOT,9,2010-05-18 16:09:00,1.65,17589.0,United Kingdom
Year 2009-2010,509002,82551,LAUNDRY 15C METAL SIGN,12,2010-05-19 13:26:00,1.25,14220.0,United Kingdom
Year 2009-2010,509027,22090,PAPER BUNTING RETRO SPOTS,2,2010-05-19 15:10:00,2.95,12837.0,United Kingdom
Year 2009-2010,509028,85035B,CHOCOLATE 3 WICK MORRIS BOX CANDLE,4,2010-05-19 15:23:00,4.25,16717.0,United Kingdom
Year 2009-2010,509047,22634,CHILDS BREAKFAST SET SPACEBOY ,8,2010-05-20 10:42:00,8.5,13952.0,United Kingdom
Year 2009-2010,509051,21206,STRAWBERRY HONEYCOMB  GARLAND ,1,2010-05-20 11:04:00,1.65,15854.0,United Kingdom
Year 2009-2010,509055,21137,BLACK RECORD COVER FRAME,24,2010-05-20 11:19:00,3.39,13983.0,United Kingdom
Year 2009-2010,509158,21240,BLUE  SPOTTY CUP,4,2010-05-20 13:28:00,0.85,14850.0,United Kingdom
Year 2009-2010,509173,48188,DOOR MAT WELCOME PUPPIES,2,2010-05-20 15:51:00,7.49,17465.0,United Kingdom
Year 2009-2010,509186,22470,HEART OF WICKER LARGE,6,2010-05-20 16:53:00,2.95,13659.0,United Kingdom
Year 2009-2010,509188,47590B,PINK HAPPY BIRTHDAY BUNTING,3,2010-05-20 17:04:00,5.45,12422.0,Switzerland
Year 2009-2010,509213,48187,DOOR MAT NEW ENGLAND,2,2010-05-21 10:22:00,7.49,17146.0,United Kingdom
Year 2009-2010,509351,22425,ENAMEL COLANDER CREAM,6,2010-05-21 13:29:00,4.95,14220.0,United Kingdom
Year 2009-2010,509389,21547,CERAMIC BIRDHOUSE CRESTED TIT SMALL,2,2010-05-21 17:19:00,2.95,13174.0,United Kingdom
Year 2009-2010,509394,48111,DOOR MAT 3 SMILEY CATS,2,2010-05-23 10:54:00,7.49,13647.0,United Kingdom
Year 2009-2010,509400,22383,LUNCH BAG SUKI  DESIGN ,10,2010-05-23 11:19:00,1.65,16923.0,United Kingdom
Year 2009-2010,509408,21911,GARDEN METAL SIGN ,12,2010-05-23 11:46:00,1.65,16290.0,United Kingdom
Year 2009-2010,509428,20982,12 PENCILS TALL TUBE SKULLS,2,2010-05-23 14:04:00,0.85,16549.0,United Kingdom
Year 2009-2010,509454,21124,SET/10 BLUE SPOTTY PARTY CANDLES,24,2010-05-24 10:02:00,1.25,12921.0,United Kingdom
Year 2009-2010,509456,21621,VINTAGE UNION JACK BUNTING,4,2010-05-24 10:30:00,8.5,13047.0,United Kingdom
Year 2009-2010,509460,22189,CREAM HEART CARD HOLDER,8,2010-05-24 10:44:00,3.95,12759.0,Netherlands
Year 2009-2010,509463,22207,FRYING PAN UNION FLAG,4,2010-05-24 10:54:00,4.25,13963.0,United Kingdom
Year 2009-2010,C509473,ADJUST,Adjustment by Peter on 24/05/2010 1,-1,2010-05-24 11:12:00,300.13,17050.0,United Kingdom
Year 2009-2010,509567,22564,ALPHABET STENCIL CRAFT,12,2010-05-24 13:07:00,1.06,17448.0,United Kingdom
Year 2009-2010,509615,21891,TRADITIONAL WOODEN SKIPPING ROPE,12,2010-05-25 09:34:00,1.25,12802.0,Netherlands
Year 2009-2010,509627,21519,GIN & TONIC DIET GREETING CARD ,12,2010-05-25 09:55:00,0.42,12360.0,Austria
Year 2009-2010,509627,22614,PACK OF 12 SPACEBOY TISSUES,48,2010-05-25 09:55:00,0.29,12360.0,Austria
Year 2009-2010,C509650,21156,RED SPOTTY CHILDS APRON,-1,2010-05-25 11:55:00,1.95,17841.0,United Kingdom
Year 2009-2010,509870,21624,VINTAGE UNION JACK DOORSTOP,6,2010-05-26 10:48:00,5.95,13883.0,United Kingdom
Year 2009-2010,509967,21620,S/4 ROSE    BOTANICAL  CANDLE,3,2010-05-26 13:18:00,3.75,16046.0,United Kingdom
Year 2009-2010,C509978,90200C,BLUE SWEETHEART BRACELET,-1,2010-05-26 14:06:00,4.25,14649.0,United Kingdom
Year 2009-2010,509980,21544,SKULLS  WATER TRANSFER TATTOOS ,12,2010-05-26 14:07:00,0.85,12378.0,Switzerland
Year 2009-2010,509985,48138,DOOR MAT UNION FLAG,2,2010-05-26 14:43:00,7.49,12681.0,France
Year 2009-2010,510024,84797B,nan,-26,2010-05-26 15:26:00,0.0,,United Kingdom
Year 2009-2010,510058,21791,VINTAGE HEADS AND TAILS CARD GAME ,4,2010-05-27 10:13:00,1.25,14754.0,United Kingdom
Year 2009-2010,510078,21535,RED RETROSPOT SMALL MILK JUG,6,2010-05-27 11:22:00,2.55,14113.0,United Kingdom
Year 2009-2010,510149,82581,TOILET METAL SIGN,25,2010-05-27 12:55:00,0.55,17873.0,United Kingdom
Year 2009-2010,510155,22178,VICTORIAN GLASS HANGING T-LIGHT,96,2010-05-27 13:26:00,1.06,14739.0,United Kingdom
Year 2009-2010,510157,22222,CAKE PLATE LOVEBIRD WHITE,2,2010-05-27 13:34:00,4.95,13715.0,United Kingdom
Year 2009-2010,510172,22384,LUNCH BAG PINK RETROSPOT,10,2010-05-27 14:38:00,1.65,18145.0,United Kingdom
Year 2009-2010,510195,22558,CLOTHES PEGS RETROSPOT PACK 24 ,2,2010-05-27 19:53:00,1.25,13230.0,United Kingdom
Year 2009-2010,510197,21380,WOODEN HAPPY BIRTHDAY GARLAND,5,2010-05-27 20:20:00,2.95,17231.0,United Kingdom
Year 2009-2010,510197,84789,ENCHANTED BIRD PLANT CAGE,3,2010-05-27 20:20:00,3.75,17231.0,United Kingdom
Year 2009-2010,C510293,21843,RED RETROSPOT CAKE STAND,-1,2010-05-28 11:50:00,9.95,15838.0,United Kingdom
Year 2009-2010,510331,22613,PACK OF 20 SPACEBOY NAPKINS,12,2010-05-28 13:57:00,0.85,13081.0,United Kingdom
Year 2009-2010,510354,22561,WOODEN SCHOOL COLOURING SET,12,2010-05-28 15:12:00,1.65,12499.0,Germany
Year 2009-2010,510410,gift_0001_30,Dotcomgiftshop Gift Voucher £30.00,1,2010-05-28 17:25:00,25.53,,United Kingdom
Year 2009-2010,510419,21231,SWEETHEART CERAMIC TRINKET BOX,2,2010-05-30 11:37:00,1.25,16206.0,United Kingdom
Year 2009-2010,510593,85123A,WHITE HANGING HEART T-LIGHT HOLDER,2,2010-06-02 10:07:00,2.95,17377.0,United Kingdom
Year 2009-2010,510637,gift_0001_10,Dotcomgiftshop Gift Voucher £10.00,1,2010-06-02 11:54:00,8.51,,United Kingdom
Year 2009-2010,510682,21498,RED SPOTS  WRAP ,25,2010-06-03 09:29:00,0.42,13131.0,United Kingdom
Year 2009-2010,510734,21137,BLACK RECORD COVER FRAME,24,2010-06-03 11:21:00,3.39,17157.0,United Kingdom
Year 2009-2010,510763,84839,SWEETHEART KEY CABINET,2,2010-06-03 13:08:00,6.75,13787.0,United Kingdom
Year 2009-2010,510775,16202A,PASTEL PINK PHOTO ALBUM ,12,2010-06-03 14:44:00,1.95,14156.0,EIRE
Year 2009-2010,C510833,22349,"DOG BOWL , CHASING BALL DESIGN",-4,2010-06-03 20:15:00,3.39,13078.0,United Kingdom
Year 2009-2010,510936,22090,PAPER BUNTING RETRO SPOTS,12,2010-06-04 10:35:00,2.95,12701.0,Germany
Year 2009-2010,510962,21669,BLUE STRIPE CERAMIC DRAWER KNOB,1,2010-06-04 11:02:00,1.25,15547.0,United Kingdom
Year 2009-2010,510965,20863,BLUE PATCH PENCIL CASE PINK HEART,27,2010-06-04 11:37:00,1.69,16754.0,United Kingdom
Year 2009-2010,511027,84991,60 TEATIME FAIRY CAKE CASES,1,2010-06-06 10:30:00,0.55,13593.0,United Kingdom
Year 2009-2010,511033,84991,60 TEATIME FAIRY CAKE CASES,24,2010-06-06 10:56:00,0.55,16271.0,United Kingdom
Year 2009-2010,511035,85123A,WHITE HANGING HEART T-LIGHT HOLDER,10,2010-06-06 10:57:00,2.95,16242.0,United Kingdom
Year 2009-2010,511038,85017B,ENVELOPE 50 BLOSSOM IMAGES,12,2010-06-06 11:11:00,0.85,14766.0,United Kingdom
Year 2009-2010,511041,21431,GREEN GINGHAM FLOWER JEWELLERY BOX,8,2010-06-06 11:21:00,1.65,12932.0,United Kingdom
Year 2009-2010,511046,48185,DOOR MAT FAIRY CAKE,1,2010-06-06 11:35:00,7.49,16335.0,United Kingdom
Year 2009-2010,511047,22057,CERAMIC PLATE STRAWBERRY DESIGN,3,2010-06-06 11:38:00,1.49,14573.0,United Kingdom
Year 2009-2010,C511049,22485,SET OF 2 WOODEN MARKET CRATES,-1,2010-06-06 11:40:00,12.75,12748.0,United Kingdom
Year 2009-2010,511050,22434,BALLOON PUMP WITH 10 BALLOONS,1,2010-06-06 12:07:00,1.95,16782.0,United Kingdom
Year 2009-2010,511050,20675,BLUE SPOTTY BOWL,3,2010-06-06 12:07:00,1.25,16782.0,United Kingdom
Year 2009-2010,511051,22312,OFFICE MUG WARMER POLKADOT,1,2010-06-06 12:13:00,4.95,12911.0,United Kingdom
Year 2009-2010,511070,22329,ROUND CONTAINER SET OF 5 RETROSPOT,2,2010-06-06 13:26:00,1.65,16340.0,United Kingdom
Year 2009-2010,511078,22423,REGENCY CAKESTAND 3 TIER,1,2010-06-06 13:52:00,12.75,16497.0,United Kingdom
Year 2009-2010,511095,21758,VINTAGE SHELLS PRINT,6,2010-06-06 15:47:00,6.45,14249.0,United Kingdom
Year 2009-2010,511096,21915,RED  HARMONICA IN BOX ,12,2010-06-06 15:49:00,1.25,12682.0,France
Year 2009-2010,511266,21611,SET OF 12 LILY BOTANICAL T-LIGHTS,1,2010-06-07 12:51:00,2.95,14534.0,United Kingdom
Year 2009-2010,511284,47556B,TEA TIME TEA TOWELS ,4,2010-06-07 14:39:00,2.95,14467.0,United Kingdom
Year 2009-2010,511298,21791,VINTAGE HEADS AND TAILS CARD GAME ,12,2010-06-07 15:14:00,1.25,15260.0,United Kingdom
Year 2009-2010,511310,90162B,ANT SILVER LIME GREEN BOUDICCA RING,1,2010-06-07 16:08:00,2.95,17784.0,United Kingdom
Year 2009-2010,511433,16161P,WRAP ENGLISH ROSE ,25,2010-06-08 11:49:00,0.42,17706.0,United Kingdom
Year 2009-2010,C511436,22319,HAIRCLIPS FORTIES FABRIC ASSORTED,-24,2010-06-08 11:57:00,0.65,17201.0,United Kingdom
Year 2009-2010,511474,48185,DOOR MAT FAIRY CAKE,1,2010-06-08 13:27:00,7.49,16791.0,United Kingdom
Year 2009-2010,511476,20897,VINTAGE NOTEBOOK PARIS DAYS,2,2010-06-08 13:37:00,2.95,15311.0,United Kingdom
Year 2009-2010,511497,82482,WOODEN PICTURE FRAME WHITE FINISH,12,2010-06-08 14:40:00,2.55,13089.0,United Kingdom
Year 2009-2010,511509,20726,LUNCH BAG WOODLAND,1,2010-06-08 15:26:00,4.21,,United Kingdom
Year 2009-2010,511509,m,Manual,1,2010-06-08 15:26:00,2.55,,United Kingdom
Year 2009-2010,511522,21538,DAIRY MAID  PUDDING BOWL,1,2010-06-08 16:47:00,3.75,16072.0,United Kingdom
Year 2009-2010,511610,22523,CHILDS GARDEN FORK PINK,12,2010-06-09 11:23:00,0.85,14260.0,United Kingdom
Year 2009-2010,C511649,21765,HANGING METAL BIRD BATH,-1,2010-06-09 13:55:00,7.95,14543.0,United Kingdom
Year 2009-2010,C511649,21559,STRAWBERRY LUNCH BOX WITH CUTLERY,-1,2010-06-09 13:55:00,2.55,14543.0,United Kingdom
Year 2009-2010,511778,82484,WOOD BLACK BOARD ANT WHITE FINISH,3,2010-06-10 12:37:00,6.45,17716.0,United Kingdom
Year 2009-2010,511783,48184,DOOR MAT ENGLISH ROSE ,1,2010-06-10 13:17:00,7.49,16713.0,United Kingdom
Year 2009-2010,511785,22029,SPACEBOY BIRTHDAY CARD,12,2010-06-10 13:37:00,0.42,15601.0,United Kingdom
Year 2009-2010,511803,48138,DOOR MAT UNION FLAG,2,2010-06-10 15:22:00,7.49,13658.0,United Kingdom
Year 2009-2010,511808,21836,GINGHAM OVEN GLOVE RED HEART ,2,2010-06-10 15:31:00,3.75,17377.0,United Kingdom
Year 2009-2010,C511815,79323G,GOLD  CHERRY LIGHTS,-4,2010-06-10 16:03:00,6.75,16104.0,United Kingdom
Year 2009-2010,C511819,22138,BAKING SET 9 PIECE RETROSPOT ,-5,2010-06-10 16:16:00,4.95,14168.0,United Kingdom
Year 2009-2010,511852,77101A,UNION FLAG WINDSOCK,1,2010-06-10 20:09:00,1.25,16549.0,United Kingdom
Year 2009-2010,511932,21272,SALLE DE BAIN HOOK,1,2010-06-11 11:52:00,1.25,17996.0,United Kingdom
Year 2009-2010,511991,84997C,BLUE 3 PIECE MINI DOTS CUTLERY SET,216,2010-06-11 15:07:00,3.39,12557.0,Spain
Year 2009-2010,512118,90162B,ANT SILVER LIME GREEN BOUDICCA RING,2,2010-06-13 15:27:00,2.95,17231.0,United Kingdom
Year 2009-2010,512168,gift_0001_70,Dotcomgiftshop Gift Voucher £70.00,1,2010-06-14 11:24:00,59.57,,United Kingdom
Year 2009-2010,512271,84638,SMALL KITCHEN FLOWER POTS PLAQUE,2,2010-06-14 13:31:00,6.95,15817.0,United Kingdom
Year 2009-2010,512282,22222,CAKE PLATE LOVEBIRD WHITE,3,2010-06-14 14:06:00,4.95,14911.0,EIRE
Year 2009-2010,512285,22416,36 DOILIES SPACEBOY DESIGN ,2,2010-06-14 14:27:00,1.45,13069.0,United Kingdom
Year 2009-2010,512332,84991,60 TEATIME FAIRY CAKE CASES,24,2010-06-15 11:42:00,0.55,15358.0,United Kingdom
Year 2009-2010,512386,22302,COFFEE MUG PEARS  DESIGN,12,2010-06-15 12:14:00,2.55,12472.0,Germany
Year 2009-2010,512386,21096,SET/6 FRUIT SALAD  PAPER PLATES,24,2010-06-15 12:14:00,0.85,12472.0,Germany
Year 2009-2010,512386,22614,PACK OF 12 SPACEBOY TISSUES,48,2010-06-15 12:14:00,0.29,12472.0,Germany
Year 2009-2010,512432,22544,MINI JIGSAW SPACEBOY,48,2010-06-15 15:23:00,0.42,15625.0,United Kingdom
Year 2009-2010,512455,21380,WOODEN HAPPY BIRTHDAY GARLAND,6,2010-06-16 08:54:00,2.95,12957.0,United Kingdom
Year 2009-2010,512458,21791,VINTAGE HEADS AND TAILS CARD GAME ,12,2010-06-16 09:48:00,1.25,14634.0,United Kingdom
Year 2009-2010,512539,20751,FUNKY WASHING UP GLOVES ASSORTED,1,2010-06-16 12:48:00,2.1,13567.0,United Kingdom
Year 2009-2010,512552,22028,PENNY FARTHING BIRTHDAY CARD,12,2010-06-16 13:52:00,0.42,18044.0,United Kingdom
Year 2009-2010,512554,22645,CERAMIC HEART FAIRY CAKE MONEY BANK,1,2010-06-16 14:01:00,1.45,15005.0,United Kingdom
Year 2009-2010,512556,21212,PACK OF 72 RETRO SPOT CAKE CASES,24,2010-06-16 14:12:00,0.55,16197.0,United Kingdom
Year 2009-2010,512567,22619,SET OF 6 SOLDIER SKITTLES,8,2010-06-16 14:41:00,3.75,14619.0,United Kingdom
Year 2009-2010,512591,22553,PLASTERS IN TIN SKULLS,12,2010-06-16 16:24:00,1.65,17160.0,United Kingdom
Year 2009-2010,512612,21669,BLUE STRIPE CERAMIC DRAWER KNOB,36,2010-06-17 10:28:00,1.25,17675.0,United Kingdom
Year 2009-2010,512613,21589,SWALLOW GIANT TUBE MATCHES,6,2010-06-17 10:30:00,2.55,17098.0,United Kingdom
Year 2009-2010,512624,20712,JUMBO BAG WOODLAND ANIMALS,10,2010-06-17 10:41:00,1.95,12921.0,United Kingdom
Year 2009-2010,512685,20755,BLUE PAISLEY POCKET BOOK,12,2010-06-17 11:46:00,0.85,13971.0,United Kingdom
Year 2009-2010,512713,21210,SET OF 72 RETRO SPOT PAPER  DOILIES,12,2010-06-17 12:33:00,1.45,17419.0,United Kingdom
Year 2009-2010,512732,21955,DOOR MAT UNION JACK GUNS AND ROSES,3,2010-06-17 13:43:00,7.49,14590.0,United Kingdom
Year 2009-2010,512733,84968C,S/16 VINTAGE PISTACHIO CUTLERY,1,2010-06-17 13:48:00,25.49,,United Kingdom
Year 2009-2010,512741,48189,DOOR MAT FRIENDSHIP ,3,2010-06-17 14:37:00,7.49,14667.0,United Kingdom
Year 2009-2010,512750,22357,KINGS CHOICE BISCUIT TIN,1,2010-06-17 15:03:00,4.25,16925.0,United Kingdom
Year 2009-2010,512827,22385,JUMBO BAG SPACEBOY DESIGN,20,2010-06-18 11:34:00,1.95,15981.0,United Kingdom
Year 2009-2010,512889,22348,TEA BAG PLATE RED SPOTTY ,2,2010-06-18 12:04:00,0.85,16797.0,United Kingdom
Year 2009-2010,512902,84031B,CHARLIE LOLA BLUE HOT WATER BOTTLE ,3,2010-06-18 13:22:00,4.65,12412.0,Denmark
Year 2009-2010,512905,21901,"KEY FOB , BACK DOOR ",3,2010-06-18 14:01:00,0.65,14825.0,United Kingdom
Year 2009-2010,512922,21319,GLASS CHALICE GREEN  SMALL ,6,2010-06-18 17:30:00,1.65,13676.0,United Kingdom
Year 2009-2010,512943,22626,BLACK KITCHEN SCALES,1,2010-06-20 14:38:00,8.5,17623.0,United Kingdom
Year 2009-2010,513019,84791,GINGHAM HEART DECORATION,4,2010-06-21 11:55:00,2.95,14593.0,United Kingdom
Year 2009-2010,513020,21718,RED METAL BEACH SPADE ,24,2010-06-21 11:57:00,1.25,13707.0,United Kingdom
Year 2009-2010,513047,90214V,"LETTER ""V"" BLING KEY RING",1,2010-06-21 12:56:00,1.25,17841.0,United Kingdom
Year 2009-2010,513050,84946,ANTIQUE SILVER TEA GLASS ETCHED,12,2010-06-21 13:18:00,1.25,14493.0,United Kingdom
Year 2009-2010,513056,47559B,TEA TIME OVEN GLOVE,6,2010-06-21 13:52:00,1.25,13334.0,United Kingdom
Year 2009-2010,513184,85099B,JUMBO BAG RED RETROSPOT,20,2010-06-22 13:23:00,1.95,16748.0,United Kingdom
Year 2009-2010,513186,22218,CAKE STAND LACE WHITE,6,2010-06-22 13:28:00,4.25,16227.0,United Kingdom
Year 2009-2010,513200,84879,ASSORTED COLOUR BIRD ORNAMENT,8,2010-06-22 16:28:00,3.19,,United Kingdom
Year 2009-2010,513206,84715,SET OF 6 ICE CREAM SKITTLES,8,2010-06-23 09:30:00,2.95,16680.0,United Kingdom
Year 2009-2010,513324,22536,MAGIC DRAWING SLATE PURDEY,48,2010-06-23 16:52:00,0.42,17345.0,United Kingdom
Year 2009-2010,513334,22620,4 TRADITIONAL SPINNING TOPS,12,2010-06-24 09:29:00,1.25,12437.0,France
Year 2009-2010,513359,21556,CERAMIC STRAWBERRY MONEY BOX,1,2010-06-24 11:32:00,5.06,,United Kingdom
Year 2009-2010,513428,21231,SWEETHEART CERAMIC TRINKET BOX,12,2010-06-24 13:03:00,1.25,13050.0,United Kingdom
Year 2009-2010,513437,22381,TOY TIDY PINK RETROSPOT  ,3,2010-06-24 14:09:00,2.1,15858.0,United Kingdom
Year 2009-2010,513440,21216,"SET 3 RED SPOT TIN TEA,COFFEE,SUGAR",1,2010-06-24 14:34:00,4.95,14583.0,United Kingdom
Year 2009-2010,513468,21124,SET/10 BLUE SPOTTY PARTY CANDLES,24,2010-06-24 16:24:00,1.25,12741.0,USA
Year 2009-2010,C513477,PADS,PADS TO MATCH ALL CUSHIONS,-1,2010-06-24 16:56:00,36.6,14459.0,United Kingdom
Year 2009-2010,513540,21069,VINTAGE BILLBOARD TEA MUG,12,2010-06-25 11:39:00,1.25,15629.0,United Kingdom
Year 2009-2010,513559,22244,"HOOK, 3 HANGER ,MAGIC GARDEN",1,2010-06-25 13:35:00,1.95,17804.0,United Kingdom
Year 2009-2010,513563,21210,SET OF 72 RETRO SPOT PAPER  DOILIES,12,2010-06-25 14:02:00,1.45,12986.0,United Kingdom
Year 2009-2010,513564,ADJUST2,Adjustment by Peter on Jun 25 2010 ,1,2010-06-25 14:15:00,300.13,17050.0,United Kingdom
Year 2009-2010,513565,ADJUST2,Adjustment by Peter on Jun 25 2010 ,1,2010-06-25 14:15:00,72.45,16422.0,United Kingdom
Year 2009-2010,513566,ADJUST2,Adjustment by Peter on Jun 25 2010 ,1,2010-06-25 14:15:00,358.47,17364.0,United Kingdom
Year 2009-2010,513615,22457,NATURAL SLATE HEART CHALKBOARD ,2,2010-06-27 12:25:00,2.95,15998.0,United Kingdom
Year 2009-2010,513625,84378,SET OF 3 HEART COOKIE CUTTERS,1,2010-06-27 13:09:00,1.25,14505.0,United Kingdom
Year 2009-2010,C513749,47591A,CAROUSEL DES CHILD'S APRON,-7,2010-06-28 12:37:00,1.65,12472.0,Germany
Year 2009-2010,513776,21080,SET/20 RED SPOTTY PAPER NAPKINS ,192,2010-06-28 14:01:00,0.64,16754.0,United Kingdom
Year 2009-2010,513788,22508,DOORSTOP RETROSPOT HEART,4,2010-06-28 15:19:00,3.75,13152.0,United Kingdom
Year 2009-2010,513790,22356,CHARLOTTE BAG PINK WITH WHITE SPOTS,10,2010-06-28 15:26:00,0.85,13069.0,United Kingdom
Year 2009-2010,513810,22645,CERAMIC HEART CAKE MONEY BANK,12,2010-06-29 09:32:00,1.45,14156.0,EIRE
Year 2009-2010,513830,84970S,HANGING HEART ZINC T-LIGHT HOLDER,24,2010-06-29 10:54:00,0.85,13089.0,United Kingdom
Year 2009-2010,514163,82494L,WOODEN FRAME ANTIQUE WHITE ,2,2010-06-30 15:34:00,2.95,16283.0,United Kingdom
Year 2009-2010,514211,22487,WHITE WOOD GARDEN PLANT LADDER,1,2010-06-30 16:51:00,9.95,13589.0,United Kingdom
Year 2009-2010,514218,21524,DOORMAT SPOTTY HOME SWEET HOME,2,2010-07-01 08:57:00,7.49,14911.0,EIRE
Year 2009-2010,514312,22554,PLASTERS IN TIN WOODLAND ANIMALS,12,2010-07-01 13:25:00,1.65,12662.0,Germany
Year 2009-2010,514355,21903,MAN FLU METAL SIGN,2,2010-07-01 16:48:00,2.1,17589.0,United Kingdom
Year 2009-2010,514359,82582,AREA PATROLLED METAL SIGN,1,2010-07-01 17:30:00,2.1,16907.0,United Kingdom
Year 2009-2010,514366,22423,REGENCY CAKESTAND 3 TIER,1,2010-07-01 19:05:00,12.75,13969.0,United Kingdom
Year 2009-2010,514367,16161U,WRAP SUKI AND FRIENDS,25,2010-07-01 19:16:00,0.42,15015.0,United Kingdom
Year 2009-2010,514397,21213,PACK OF 72 SKULL CAKE CASES,24,2010-07-02 12:13:00,0.55,16779.0,United Kingdom
Year 2009-2010,514471,20784,RED RETRO BAR STOOL,1,2010-07-02 13:25:00,35.95,12748.0,United Kingdom
Year 2009-2010,514505,84270,ASSTD DESIGN BUBBLE GUM RING,30,2010-07-04 11:40:00,0.21,17201.0,United Kingdom
Year 2009-2010,514505,22386,JUMBO BAG PINK WITH WHITE SPOTS,6,2010-07-04 11:40:00,1.95,17201.0,United Kingdom
Year 2009-2010,514516,70006,LOVE HEART POCKET WARMER,2,2010-07-04 14:27:00,1.65,17406.0,United Kingdom
Year 2009-2010,514665,85123A,WHITE HANGING HEART T-LIGHT HOLDER,2,2010-07-05 13:04:00,2.95,16110.0,United Kingdom
Year 2009-2010,514677,22220,CAKE STAND LOVEBIRD 2 TIER WHITE,2,2010-07-05 13:37:00,9.95,12953.0,United Kingdom
Year 2009-2010,514682,84818,DANISH ROSE PHOTO FRAME,6,2010-07-05 13:56:00,2.55,12693.0,Germany
Year 2009-2010,514728,84946,ANTIQUE SILVER TEA GLASS ETCHED,10,2010-07-06 09:51:00,2.51,,United Kingdom
Year 2009-2010,514734,21733,RED HANGING HEART T-LIGHT HOLDER,32,2010-07-06 09:58:00,2.55,14679.0,United Kingdom
Year 2009-2010,514807,21929,JUMBO BAG PINK VINTAGE PAISLEY,2,2010-07-06 11:29:00,1.95,12835.0,United Kingdom
Year 2009-2010,514812,21611,SET OF 12 LILY BOTANICAL T-LIGHTS,2,2010-07-06 12:01:00,2.95,17377.0,United Kingdom
Year 2009-2010,514839,21259,VICTORIAN SEWING BOX SMALL ,8,2010-07-06 14:46:00,5.95,16126.0,United Kingdom
Year 2009-2010,514931,DOT,DOTCOM POSTAGE,1,2010-07-07 11:21:00,60.21,,United Kingdom
Year 2009-2010,C515011,21541,DINOSAURS WATER TRANSFER TATTOOS ,-15,2010-07-07 16:10:00,0.85,,United Kingdom
Year 2009-2010,515016,85150,LADIES & GENTLEMEN METAL SIGN,1,2010-07-07 17:25:00,2.55,13677.0,United Kingdom
Year 2009-2010,515016,20961,STRAWBERRY BATH SPONGE ,2,2010-07-07 17:26:00,1.25,13677.0,United Kingdom
Year 2009-2010,515022,18097C,WHITE TALL PORCELAIN T-LIGHT HOLDER,6,2010-07-08 10:00:00,2.55,13117.0,United Kingdom
Year 2009-2010,C515092,21843,RED RETROSPOT CAKE STAND,-6,2010-07-08 11:31:00,10.95,14299.0,United Kingdom
Year 2009-2010,515107,20828,GLITTER BUTTERFLY CLIPS,6,2010-07-08 12:19:00,2.55,14621.0,United Kingdom
Year 2009-2010,515166,16237,SLEEPING CAT ERASERS,5,2010-07-08 16:12:00,0.21,17920.0,United Kingdom
Year 2009-2010,515184,21172,PARTY METAL SIGN ,12,2010-07-09 09:03:00,1.45,12839.0,United Kingdom
Year 2009-2010,515305,21323,HANGING MEDINA LANTERN LARGE,3,2010-07-09 15:48:00,4.25,14911.0,EIRE
Year 2009-2010,515313,84837,WHITE SWEETHEARTS CABINET 4 DRAWERS,1,2010-07-11 10:28:00,12.75,15164.0,United Kingdom
Year 2009-2010,515316,21590,KINGS CHOICE CIGAR BOX MATCHES ,3,2010-07-11 11:02:00,1.25,16693.0,United Kingdom
Year 2009-2010,515316,22090,PAPER BUNTING RETRO SPOTS,3,2010-07-11 11:02:00,2.95,16693.0,United Kingdom
Year 2009-2010,515332,84968A,S/16 VINTAGE ROSE CUTLERY,2,2010-07-11 14:06:00,12.75,13047.0,United Kingdom
Year 2009-2010,515345,22384,LUNCH BAG PINK RETROSPOT,3,2010-07-12 10:23:00,1.65,14672.0,United Kingdom
Year 2009-2010,515355,72351B,SET/6 PINK  BUTTERFLY T-LIGHTS,72,2010-07-12 10:58:00,1.69,15369.0,United Kingdom
Year 2009-2010,515421,21929,JUMBO BAG PINK VINTAGE PAISLEY,10,2010-07-12 13:15:00,1.95,17241.0,United Kingdom
Year 2009-2010,515511,35004P,SET OF 3 PINK FLYING DUCKS,3,2010-07-13 11:57:00,5.45,14590.0,United Kingdom
Year 2009-2010,515624,22064,PINK DOUGHNUT TRINKET POT ,12,2010-07-14 10:08:00,1.65,16320.0,Unspecified
Year 2009-2010,515690,85065,CREAM SWEETHEART TRAYS,10,2010-07-14 12:07:00,9.95,,EIRE
Year 2009-2010,515743,20728,LUNCH BAG CARS BLUE,10,2010-07-14 13:04:00,1.65,13824.0,United Kingdom
Year 2009-2010,515763,22072,RED RETROSPOT TEA CUP AND SAUCER ,1,2010-07-14 13:55:00,3.75,14606.0,United Kingdom
Year 2009-2010,515768,72803A,ROSE SCENT CANDLE JEWELLED DRAWER,1,2010-07-14 14:30:00,4.25,18096.0,United Kingdom
Year 2009-2010,515773,22411,JUMBO SHOPPER VINTAGE RED PAISLEY,1,2010-07-14 14:51:00,1.95,16161.0,United Kingdom
Year 2009-2010,515814,21123,SET/10 IVORY SPOTTY PARTY CANDLES,24,2010-07-15 09:02:00,1.25,17145.0,United Kingdom
Year 2009-2010,515830,22491,PACK OF 12 COLOURED PENCILS,12,2010-07-15 11:10:00,0.85,15530.0,United Kingdom
Year 2009-2010,515884,22345,PARTY PIZZA DISH BLUE RETROSPOT,6,2010-07-15 12:00:00,0.85,16435.0,United Kingdom
Year 2009-2010,515944,21523,DOORMAT FANCY FONT HOME SWEET HOME,300,2010-07-15 15:29:00,4.58,18102.0,United Kingdom
Year 2009-2010,515955,21974,SET OF 36 PAISLEY FLOWER DOILIES,2,2010-07-15 19:55:00,1.45,14514.0,United Kingdom
Year 2009-2010,515957,22173,METAL 4 HOOK HANGER FRENCH CHATEAU,3,2010-07-15 20:05:00,2.95,17921.0,United Kingdom
Year 2009-2010,C515972,22199,FRYING PAN RED POLKADOT ,-264,2010-07-16 07:54:00,3.75,14156.0,EIRE
Year 2009-2010,C515993,21843,RED RETROSPOT CAKE STAND,-1,2010-07-16 08:28:00,10.95,15841.0,United Kingdom
Year 2009-2010,516012,20718,RED SPOTTY SHOPPER BAG,20,2010-07-16 09:51:00,1.25,17001.0,United Kingdom
Year 2009-2010,516110,47590B,PINK HAPPY BIRTHDAY BUNTING,3,2010-07-16 13:17:00,5.45,13211.0,United Kingdom
Year 2009-2010,516119,22627,MINT KITCHEN SCALES,2,2010-07-16 14:41:00,8.5,14156.0,EIRE
Year 2009-2010,516183,22251,BIRDHOUSE DECORATION MAGIC GARDEN,12,2010-07-18 15:39:00,1.25,15306.0,United Kingdom
Year 2009-2010,516197,20979,36 PENCILS TUBE RED SPOTTY,1,2010-07-19 10:31:00,2.51,,United Kingdom
Year 2009-2010,A516228,B,Adjust bad debt,1,2010-07-19 11:24:00,-44031.79,,United Kingdom
Year 2009-2010,516328,21397,BLUE  SPOTTY EGG CUP ,6,2010-07-19 16:02:00,1.25,17090.0,United Kingdom
Year 2009-2010,516328,21892,TRADITIONAL WOODEN CATCH CUP GAME ,12,2010-07-19 16:02:00,1.25,17090.0,United Kingdom
Year 2009-2010,516340,21900,"KEY FOB , SHED",24,2010-07-20 09:34:00,0.65,14825.0,United Kingdom
Year 2009-2010,C516606,84927D,LA PALMIERA TILE HOOK,-1,2010-07-21 14:30:00,2.1,14766.0,United Kingdom
Year 2009-2010,516609,22271,FELTCRAFT DOLL ROSIE,1,2010-07-21 14:39:00,2.95,17338.0,United Kingdom
Year 2009-2010,C516612,BANK CHARGES,Bank Charges,-1,2010-07-21 14:45:00,165.84,,United Kingdom
Year 2009-2010,516775,22024,RAINY LADIES BIRTHDAY CARD,72,2010-07-22 19:23:00,0.36,15061.0,United Kingdom
Year 2009-2010,516879,22139,RETRO SPOT TEA SET CERAMIC 11 PC ,6,2010-07-23 13:42:00,4.95,16699.0,United Kingdom
Year 2009-2010,516880,35914,PINK CHICK EGG WARMER + EGG CUP,1,2010-07-23 13:43:00,2.1,15862.0,United Kingdom
Year 2009-2010,516906,72760B,VINTAGE CREAM 3 BASKET CAKE STAND,2,2010-07-25 10:52:00,9.95,16539.0,United Kingdom
Year 2009-2010,516944,21244,BLUE  SPOTTY PLATE ,8,2010-07-25 14:57:00,1.69,15260.0,United Kingdom
Year 2009-2010,516956,20727,LUNCH BAG  BLACK SKULL.,1,2010-07-25 15:44:00,1.65,13148.0,United Kingdom
Year 2009-2010,516970,84978,HANGING HEART JAR T-LIGHT HOLDER,12,2010-07-26 10:09:00,1.25,18231.0,United Kingdom
Year 2009-2010,517050,22666,RECIPE BOX PANTRY YELLOW DESIGN,3,2010-07-26 12:29:00,2.95,18231.0,United Kingdom
Year 2009-2010,517053,21238,RED SPOTTY CUP,8,2010-07-26 12:36:00,0.85,14115.0,United Kingdom
Year 2009-2010,517060,84375,SET OF 20 KIDS COOKIE CUTTERS,24,2010-07-26 13:35:00,1.95,16553.0,United Kingdom
Year 2009-2010,517120,22588,CARD HOLDER GINGHAM HEART,6,2010-07-27 09:05:00,2.55,15142.0,United Kingdom
Year 2009-2010,517230,22198,LARGE POPCORN HOLDER ,24,2010-07-27 13:27:00,1.65,15298.0,United Kingdom
Year 2009-2010,517230,20723,STRAWBERRY CHARLOTTE BAG,10,2010-07-27 13:27:00,0.85,15298.0,United Kingdom
Year 2009-2010,517267,22665,RECIPE BOX BLUE SKETCHBOOK DESIGN,24,2010-07-28 09:21:00,2.55,13552.0,United Kingdom
Year 2009-2010,517333,21249,WOODLAND  HEIGHT CHART STICKERS ,6,2010-07-28 13:05:00,2.95,12656.0,France
Year 2009-2010,517357,82486,WOOD S/3 CABINET ANT WHITE FINISH,2,2010-07-28 15:39:00,7.95,16206.0,United Kingdom
Year 2009-2010,517400,85049G,CHOCOLATE BOX RIBBONS ,12,2010-07-29 10:20:00,1.25,15358.0,United Kingdom
Year 2009-2010,517402,40018F,CHERRY DESIGN PAPERLANTERNS,1,2010-07-29 10:43:00,4.21,,United Kingdom
Year 2009-2010,517474,22077,6 RIBBONS RUSTIC CHARM,12,2010-07-29 12:03:00,1.65,12609.0,Germany
Year 2009-2010,517514,22024,RAINY LADIES BIRTHDAY CARD,24,2010-07-29 13:36:00,0.42,13584.0,United Kingdom
Year 2009-2010,517555,22564,ALPHABET STENCIL CRAFT,2,2010-07-29 19:18:00,1.25,15998.0,United Kingdom
Year 2009-2010,C517572,37448,CERAMIC CAKE DESIGN SPOTTED MUG,-4,2010-07-30 09:37:00,1.49,15298.0,United Kingdom
Year 2009-2010,517739,85008,SET OF 3 CONEY ISLAND OVAL BOXES,1,2010-08-01 14:40:00,4.95,13474.0,United Kingdom
Year 2009-2010,517746,22423,REGENCY CAKESTAND 3 TIER,3,2010-08-02 09:14:00,12.75,17049.0,United Kingdom
Year 2009-2010,517761,82486,WOOD S/3 CABINET ANT WHITE FINISH,1,2010-08-02 11:07:00,7.95,13888.0,United Kingdom
Year 2009-2010,517793,21361,LOVE LARGE WOOD LETTERS ,2,2010-08-02 11:33:00,12.75,13888.0,United Kingdom
Year 2009-2010,517860,21687,SILVER PLATE CANDLE BOWL LARGE,4,2010-08-02 14:03:00,3.75,12857.0,United Kingdom
Year 2009-2010,517906,85123A,WHITE HANGING HEART T-LIGHT HOLDER,6,2010-08-03 09:53:00,2.95,15081.0,United Kingdom
Year 2009-2010,517946,21669,BLUE STRIPE CERAMIC DRAWER KNOB,4,2010-08-03 11:32:00,1.25,17673.0,United Kingdom
Year 2009-2010,517970,21975,PACK OF 60 DINOSAUR CAKE CASES,24,2010-08-03 13:12:00,0.55,17665.0,United Kingdom
Year 2009-2010,517985,22380,TOY TIDY SPACEBOY  ,2,2010-08-03 15:14:00,2.1,17238.0,United Kingdom
Year 2009-2010,517989,gift_0001_30,Dotcomgiftshop Gift Voucher £30.00,1,2010-08-03 15:29:00,25.53,,United Kingdom
Year 2009-2010,C518044,D,Discount,-1,2010-08-04 11:33:00,47.97,18277.0,United Kingdom
Year 2009-2010,518056,21928,JUMBO BAG SCANDINAVIAN PAISLEY,10,2010-08-04 11:48:00,1.95,15750.0,United Kingdom
Year 2009-2010,518067,84849B,FAIRY SOAP SOAP HOLDER,12,2010-08-04 12:54:00,1.69,15817.0,United Kingdom
Year 2009-2010,518138,gift_0001_20,Dotcomgiftshop Gift Voucher £20.00,1,2010-08-04 15:48:00,17.02,,United Kingdom
Year 2009-2010,518150,85152,HAND OVER THE CHOCOLATE   SIGN ,4,2010-08-04 17:39:00,2.1,13571.0,United Kingdom
Year 2009-2010,518154,20675,BLUE SPOTTY BOWL,8,2010-08-05 09:28:00,1.25,14256.0,United Kingdom
Year 2009-2010,518158,22570,FELTCRAFT CUSHION RABBIT,12,2010-08-05 10:18:00,3.75,14129.0,United Kingdom
Year 2009-2010,518201,22271,FELTCRAFT DOLL ROSIE,6,2010-08-05 11:30:00,2.95,17156.0,United Kingdom
Year 2009-2010,518220,20972,PINK CREAM FELT CRAFT TRINKET BOX ,2,2010-08-05 13:31:00,1.25,14049.0,United Kingdom
Year 2009-2010,518227,48187,DOORMAT NEW ENGLAND,1,2010-08-05 14:57:00,7.49,15271.0,United Kingdom
Year 2009-2010,518266,84792,ENCHANTED BIRD COATHANGER 5 HOOK,1,2010-08-05 19:05:00,4.65,13140.0,United Kingdom
Year 2009-2010,518269,22652,TRAVEL SEWING KIT,1,2010-08-05 19:22:00,1.65,16395.0,United Kingdom
Year 2009-2010,518272,22593,CHRISTMAS GINGHAM STAR,12,2010-08-06 09:18:00,0.85,18154.0,United Kingdom
Year 2009-2010,518348,84947,ANTIQUE SILVER TEA GLASS ENGRAVED,12,2010-08-06 14:15:00,1.25,17646.0,United Kingdom
Year 2009-2010,C518372,22523,CHILDS GARDEN FORK PINK,-1,2010-08-08 10:40:00,0.85,15580.0,United Kingdom
Year 2009-2010,518387,22306,SILVER MUG BONE CHINA TREE OF LIFE,6,2010-08-08 12:16:00,1.95,13857.0,United Kingdom
Year 2009-2010,518389,35400,WOODEN BOX ADVENT CALENDAR ,2,2010-08-08 12:21:00,8.95,15280.0,United Kingdom
Year 2009-2010,518401,21625,VINTAGE UNION JACK APRON,3,2010-08-08 13:07:00,6.95,13059.0,United Kingdom
Year 2009-2010,518481,21827,EIGHT PIECE CREEPY CRAWLIE SET,1,2010-08-09 12:22:00,1.25,17841.0,United Kingdom
Year 2009-2010,518487,gift_0001_90,nan,10,2010-08-09 12:28:00,0.0,,United Kingdom
Year 2009-2010,518488,gift_0001_80,nan,10,2010-08-09 12:29:00,0.0,,United Kingdom
Year 2009-2010,518489,gift_0001_70,nan,10,2010-08-09 12:29:00,0.0,,United Kingdom
Year 2009-2010,518490,gift_0001_60,nan,10,2010-08-09 12:29:00,0.0,,United Kingdom
Year 2009-2010,518491,gift_0001_50,nan,10,2010-08-09 12:29:00,0.0,,United Kingdom
Year 2009-2010,518492,gift_0001_40,nan,10,2010-08-09 12:30:00,0.0,,United Kingdom
Year 2009-2010,518496,gift_0001_10,nan,10,2010-08-09 12:31:00,0.0,,United Kingdom
Year 2009-2010,518497,C2,CARRIAGE,1,2010-08-09 12:35:00,50.0,14911.0,EIRE
Year 2009-2010,518500,22294,HEART FILIGREE DOVE  SMALL,6,2010-08-09 12:51:00,1.25,17137.0,United Kingdom
Year 2009-2010,518579,gift_0001_40,Dotcomgiftshop Gift Voucher £40.00,1,2010-08-10 12:08:00,31.35,,United Kingdom
Year 2009-2010,518653,85141,JARDIN ETCHED GLASS FRUITBOWL,1,2010-08-10 13:32:00,10.75,16221.0,United Kingdom
Year 2009-2010,518664,47566,PARTY BUNTING,4,2010-08-10 14:31:00,8.47,,United Kingdom
Year 2009-2010,518769,21936,RED RETROSPOT PICNIC BAG,1,2010-08-11 15:13:00,2.95,14736.0,United Kingdom
Year 2009-2010,518774,gift_0001_20,Dotcomgiftshop Gift Voucher £20.00,1,2010-08-11 15:40:00,17.02,,United Kingdom
Year 2009-2010,518785,C3,nan,-4999,2010-08-11 16:55:00,0.0,,United Kingdom
Year 2009-2010,518787,21519,GIN & TONIC DIET GREETING CARD ,12,2010-08-12 08:54:00,0.42,13089.0,United Kingdom
Year 2009-2010,518787,22170,PICTURE FRAME WOOD TRIPLE PORTRAIT,4,2010-08-12 08:54:00,6.75,13089.0,United Kingdom
Year 2009-2010,518792,72131,COLUMBIAN CANDLE RECTANGLE,96,2010-08-12 10:00:00,0.38,13694.0,United Kingdom
Year 2009-2010,518798,21867,PINK UNION JACK  LUGGAGE TAG,12,2010-08-12 10:12:00,1.25,16650.0,United Kingdom
Year 2009-2010,518847,15044A,PINK PAPER PARASOL ,4,2010-08-12 11:47:00,2.95,13668.0,United Kingdom
Year 2009-2010,518894,20914,SET/5 RED SPOTTY LID GLASS BOWLS,2,2010-08-12 13:24:00,2.95,12835.0,United Kingdom
Year 2009-2010,519027,DOT,DOTCOM POSTAGE,1,2010-08-13 10:00:00,143.09,,United Kingdom
Year 2009-2010,519122,21790,VINTAGE SNAP CARDS,8,2010-08-13 12:11:00,0.85,17913.0,United Kingdom
Year 2009-2010,519198,22557,PLASTERS IN TIN VINTAGE PAISLEY ,2,2010-08-15 10:28:00,1.65,16104.0,United Kingdom
Year 2009-2010,519200,22756,LARGE YELLOW BABUSHKA NOTEBOOK ,12,2010-08-15 10:32:00,1.25,16153.0,United Kingdom
Year 2009-2010,519236,21523,DOORMAT FANCY FONT HOME SWEET HOME,10,2010-08-15 13:23:00,6.35,14051.0,United Kingdom
Year 2009-2010,519252,22742,MAKE YOUR OWN PLAYTIME CARD KIT,1,2010-08-15 15:26:00,2.95,17841.0,United Kingdom
Year 2009-2010,519256,21918,SET 12 KIDS COLOUR  CHALK STICKS,1,2010-08-15 15:42:00,0.42,17841.0,United Kingdom
Year 2009-2010,519380,21239,PINK  SPOTTY CUP,16,2010-08-16 13:36:00,0.85,12921.0,United Kingdom
Year 2009-2010,C519383,84406B,CREAM CUPID HEARTS COAT HANGER,-1,2010-08-16 14:10:00,3.25,18109.0,United Kingdom
Year 2009-2010,519399,22619,SET OF 6 SOLDIER SKITTLES,2,2010-08-16 16:48:00,3.75,13001.0,United Kingdom
Year 2009-2010,519401,35241,ENAMEL BLUE RIM BISCUIT BIN,3,2010-08-16 16:54:00,4.95,13564.0,United Kingdom
Year 2009-2010,519484,82616C,MIDNIGHT GLAMOUR SCARF KNITTING KIT,1,2010-08-17 13:30:00,2.95,16221.0,United Kingdom
Year 2009-2010,519497,22376,AIRLINE BAG VINTAGE JET SET WHITE,2,2010-08-17 14:09:00,6.35,14047.0,United Kingdom
Year 2009-2010,519497,22045,SPACEBOY GIFT WRAP,25,2010-08-17 14:09:00,0.42,14047.0,United Kingdom
Year 2009-2010,519564,21590,KINGS CHOICE CIGAR BOX MATCHES ,24,2010-08-18 11:38:00,1.25,15310.0,United Kingdom
Year 2009-2010,519658,85152,HAND OVER THE CHOCOLATE   SIGN ,2,2010-08-19 11:32:00,2.1,16225.0,United Kingdom
Year 2009-2010,519680,22556,PLASTERS IN TIN CIRCUS PARADE ,3,2010-08-19 12:38:00,1.65,15506.0,United Kingdom
Year 2009-2010,519692,22598,CHRISTMAS MUSICAL ZINC TREE,10,2010-08-19 13:48:00,0.85,17222.0,United Kingdom
Year 2009-2010,519730,85049E,SCANDINAVIAN REDS RIBBONS,1,2010-08-19 19:39:00,1.25,16549.0,United Kingdom
Year 2009-2010,519733,21154,RED SPOTTY OVEN GLOVE ,10,2010-08-20 08:21:00,1.25,12519.0,Germany
Year 2009-2010,519792,21973,SET OF 36 MUSHROOM PAPER DOILIES,12,2010-08-20 12:20:00,1.45,12865.0,Austria
Year 2009-2010,519805,20985,HEART CALCULATOR,12,2010-08-20 12:31:00,1.25,15124.0,United Kingdom
Year 2009-2010,519817,85063,CREAM SWEETHEART MAGAZINE RACK,1,2010-08-20 13:41:00,16.95,14243.0,United Kingdom
Year 2009-2010,519881,21698,MOCK LOBSTER FRIDGE MAGNET,24,2010-08-22 11:28:00,0.85,16275.0,United Kingdom
Year 2009-2010,519909,22296,HEART IVORY TRELLIS LARGE,12,2010-08-22 13:45:00,1.65,16456.0,United Kingdom
Year 2009-2010,519919,48138,DOORMAT UNION FLAG,2,2010-08-22 14:54:00,7.49,14767.0,United Kingdom
Year 2009-2010,519933,82582,AREA PATROLLED METAL SIGN,2,2010-08-22 16:07:00,2.1,16409.0,United Kingdom
Year 2009-2010,520081,22335,HEART DECORATION PAINTED ZINC ,24,2010-08-24 10:39:00,0.65,15222.0,United Kingdom
Year 2009-2010,520169,84969,BOX OF 6 ASSORTED COLOUR TEASPOONS,6,2010-08-24 13:01:00,4.25,17649.0,United Kingdom
Year 2009-2010,520179,20681,PINK SPOTTY CHILDS UMBRELLA,3,2010-08-24 13:46:00,3.25,16550.0,United Kingdom
Year 2009-2010,C520298,22656,VINTAGE BLUE KITCHEN CABINET,-1,2010-08-25 11:35:00,295.0,16985.0,United Kingdom
Year 2009-2010,C520329,85123A,WHITE HANGING HEART T-LIGHT HOLDER,-1,2010-08-25 12:25:00,2.55,16779.0,United Kingdom
Year 2009-2010,520361,22643,SET OF 4 NAPKIN CHARMS LEAVES   ,1,2010-08-25 13:44:00,2.55,13548.0,United Kingdom
Year 2009-2010,520361,22080,RIBBON REEL SPOTS DESIGN ,1,2010-08-25 13:44:00,1.65,13548.0,United Kingdom
Year 2009-2010,520363,84905,PINK BUTTERFLY CUSHION COVER ,1,2010-08-25 14:04:00,5.06,,United Kingdom
Year 2009-2010,520484,22168,ORGANISER WOOD ANTIQUE WHITE ,2,2010-08-26 11:43:00,8.5,14930.0,Channel Islands
Year 2009-2010,520561,22628,PICNIC BOXES SET OF 3 RETROSPOT ,2,2010-08-26 16:46:00,4.95,14769.0,United Kingdom
Year 2009-2010,520602,84970L,SINGLE HEART ZINC T-LIGHT HOLDER,12,2010-08-27 11:57:00,0.95,14499.0,United Kingdom
Year 2009-2010,520665,79000,MOROCCAN TEA GLASS,12,2010-08-27 13:05:00,0.85,13206.0,United Kingdom
Year 2009-2010,C520667,BANK CHARGES,Bank Charges,-1,2010-08-27 13:42:00,18910.69,,United Kingdom
Year 2009-2010,520678,21839,MUMMY MOUSE RED GINGHAM RIBBON,1,2010-08-27 14:52:00,5.45,15271.0,United Kingdom
Year 2009-2010,520680,84247E,PACK/12 XMAS FUN CARD,6,2010-08-27 15:14:00,2.95,15480.0,Malta
Year 2009-2010,520681,20677,PINK SPOTTY BOWL,1,2010-08-27 15:28:00,0.0,,United Kingdom
Year 2009-2010,520698,85123A,WHITE HANGING HEART T-LIGHT HOLDER,3,2010-08-29 11:15:00,2.95,15465.0,United Kingdom
Year 2009-2010,520701,85099F,JUMBO BAG STRAWBERRY,1,2010-08-29 11:38:00,1.95,15058.0,United Kingdom
Year 2009-2010,C520735,84792,ENCHANTED BIRD COATHANGER 5 HOOK,-1,2010-08-31 09:30:00,4.65,,United Kingdom
Year 2009-2010,520746,85014A,BLACK/BLUE DOTS RUFFLED UMBRELLA,3,2010-08-31 10:52:00,5.95,14911.0,EIRE
Year 2009-2010,520824,gift_0001_20,Dotcomgiftshop Gift Voucher £20.00,1,2010-08-31 12:30:00,17.02,,United Kingdom
Year 2009-2010,520856,84406B,CREAM CUPID HEARTS COAT HANGER,2,2010-08-31 13:26:00,3.25,16458.0,United Kingdom
Year 2009-2010,520877,79192A,RETRO PLASTIC 70'S TRAY,1,2010-08-31 15:28:00,1.25,17346.0,United Kingdom
Year 2009-2010,520885,48185,DOORMAT FAIRY CAKE,2,2010-08-31 16:21:00,7.95,14040.0,United Kingdom
Year 2009-2010,520894,20726,LUNCH BAG WOODLAND,1,2010-08-31 17:31:00,1.65,16549.0,United Kingdom
Year 2009-2010,C520995,20725,LUNCH BAG RED SPOTTY,-1,2010-09-01 13:35:00,1.65,13093.0,United Kingdom
Year 2009-2010,521116,21212,PACK OF 72 RETRO SPOT CAKE CASES,120,2010-09-02 11:34:00,0.42,17695.0,United Kingdom
Year 2009-2010,521193,21547,CERAMIC BIRDHOUSE CRESTED TIT SMALL,6,2010-09-02 16:55:00,2.95,13414.0,United Kingdom
Year 2009-2010,521226,16161P,WRAP ENGLISH ROSE ,25,2010-09-03 10:49:00,0.42,16719.0,United Kingdom
Year 2009-2010,521365,85123A,WHITE HANGING HEART T-LIGHT HOLDER,24,2010-09-05 10:44:00,2.95,14911.0,EIRE
Year 2009-2010,521368,20685,DOORMAT RED SPOT,10,2010-09-05 11:13:00,6.35,15981.0,United Kingdom
Year 2009-2010,521379,22426,ENAMEL WASH BOWL CREAM,1,2010-09-05 12:22:00,3.75,17757.0,United Kingdom
Year 2009-2010,521392,21241,GREEN SPOTTY CUP,8,2010-09-05 14:40:00,0.85,16170.0,United Kingdom
Year 2009-2010,521397,35095A,BLUE VICTORIAN FABRIC OVAL BOX,6,2010-09-05 16:02:00,0.42,16549.0,United Kingdom
Year 2009-2010,521653,85152,HAND OVER THE CHOCOLATE   SIGN ,4,2010-09-07 13:52:00,2.1,13571.0,United Kingdom
Year 2009-2010,521653,22666,RECIPE BOX PANTRY YELLOW DESIGN,2,2010-09-07 13:52:00,2.95,13571.0,United Kingdom
Year 2009-2010,521737,21915,RED  HARMONICA IN BOX ,12,2010-09-08 11:33:00,1.25,15141.0,United Kingdom
Year 2009-2010,521816,22139,RETRO SPOT TEA SET CERAMIC 11 PC ,3,2010-09-08 15:30:00,4.95,15555.0,United Kingdom
Year 2009-2010,521869,21448,12 DAISY PEGS IN WOOD BOX,12,2010-09-09 11:12:00,1.65,17612.0,United Kingdom
Year 2009-2010,521893,22625,RED KITCHEN SCALES,2,2010-09-09 12:14:00,8.5,13305.0,United Kingdom
Year 2009-2010,521932,85099B,JUMBO BAG RED RETROSPOT,1,2010-09-09 15:49:00,4.21,,United Kingdom
Year 2009-2010,521949,21819,GLITTER CHRISTMAS STAR ,12,2010-09-09 17:16:00,0.85,15150.0,United Kingdom
Year 2009-2010,C521965,22617,BAKING SET SPACEBOY DESIGN,-1,2010-09-09 18:25:00,4.95,15981.0,United Kingdom
Year 2009-2010,521969,20943,SET/6 GINGERBREAD STAR T-LIGHTS,12,2010-09-09 19:03:00,1.25,17473.0,United Kingdom
Year 2009-2010,C521998,20971,PINK BLUE FELT CRAFT TRINKET BOX,-12,2010-09-10 11:07:00,1.25,12921.0,United Kingdom
Year 2009-2010,522048,21975,PACK OF 60 DINOSAUR CAKE CASES,24,2010-09-10 14:12:00,0.55,13330.0,United Kingdom
Year 2009-2010,522078,16049,TEATIME GEL PENS ASST,36,2010-09-12 11:29:00,0.42,16206.0,United Kingdom
Year 2009-2010,522098,22179,SET 10 LIGHTS NIGHT OWL,4,2010-09-12 13:51:00,6.75,16320.0,Unspecified
Year 2009-2010,522111,84970L,SINGLE HEART ZINC T-LIGHT HOLDER,12,2010-09-12 15:21:00,0.95,14243.0,United Kingdom
Year 2009-2010,522117,22359,GLASS JAR KINGS CHOICE,1,2010-09-12 16:17:00,2.95,15800.0,United Kingdom
Year 2009-2010,522286,22694,WICKER STAR ,5,2010-09-13 13:42:00,2.1,14467.0,United Kingdom
Year 2009-2010,522439,21670,BLUE SPOT CERAMIC DRAWER KNOB,12,2010-09-14 14:14:00,1.25,15240.0,United Kingdom
Year 2009-2010,522443,22753,SMALL YELLOW BABUSHKA NOTEBOOK ,2,2010-09-14 14:30:00,0.85,15998.0,United Kingdom
Year 2009-2010,522501,22424,ENAMEL BREAD BIN CREAM,5,2010-09-15 11:07:00,12.75,15039.0,United Kingdom
Year 2009-2010,522591,22294,HEART FILIGREE DOVE  SMALL,24,2010-09-15 12:53:00,1.25,16940.0,United Kingdom
Year 2009-2010,C522616,22851,SET 20 NAPKINS FAIRY CAKES DESIGN ,-64,2010-09-15 14:51:00,0.85,15372.0,United Kingdom
Year 2009-2010,522619,22579,WOODEN TREE CHRISTMAS SCANDINAVIAN,12,2010-09-15 15:08:00,0.85,16395.0,United Kingdom
Year 2009-2010,522626,84792,ENCHANTED BIRD COATHANGER 5 HOOK,24,2010-09-15 16:22:00,3.81,15513.0,United Kingdom
Year 2009-2010,522636,21704,BAG 250g SWIRLY MARBLES,72,2010-09-16 09:54:00,0.72,16656.0,United Kingdom
Year 2009-2010,C522709,79067,CORONA MEXICAN TRAY,-2,2010-09-16 11:33:00,3.75,16133.0,United Kingdom
Year 2009-2010,522711,22759,SET OF 3 NOTEBOOKS IN PARCEL,4,2010-09-16 11:40:00,1.65,17348.0,United Kingdom
Year 2009-2010,522723,22946,WOODEN ADVENT CALENDAR CREAM,1,2010-09-16 12:27:00,16.95,14701.0,United Kingdom
Year 2009-2010,C522734,20684,STRAWBERRY DREAM CHILDS UMBRELLA,-1,2010-09-16 12:55:00,3.25,12474.0,Germany
Year 2009-2010,522760,22624,IVORY KITCHEN SCALES,1,2010-09-16 13:48:00,8.5,15962.0,United Kingdom
Year 2009-2010,522766,PADS,PADS TO MATCH ALL CUSHIONS,1,2010-09-16 13:58:00,0.001,15182.0,United Kingdom
Year 2009-2010,522794,82600,NO SINGING METAL SIGN,12,2010-09-16 15:07:00,2.1,13515.0,United Kingdom
Year 2009-2010,522814,22555,PLASTERS IN TIN STRONGMAN,12,2010-09-16 18:24:00,1.65,12921.0,United Kingdom
Year 2009-2010,522819,20823,GOLD WINE GOBLET,4,2010-09-16 20:04:00,4.65,15535.0,United Kingdom
Year 2009-2010,522825,22236,CAKE STAND 3 TIER MAGIC GARDEN,2,2010-09-17 10:00:00,12.75,13093.0,United Kingdom
Year 2009-2010,C522830,84978,HANGING HEART JAR T-LIGHT HOLDER,-1,2010-09-17 10:25:00,1.25,13784.0,United Kingdom
Year 2009-2010,C522853,22073,RED RETROSPOT STORAGE JAR,-1,2010-09-17 11:24:00,3.75,16150.0,United Kingdom
Year 2009-2010,522948,82494L,WOODEN FRAME ANTIQUE WHITE ,12,2010-09-19 10:05:00,2.95,17243.0,United Kingdom
Year 2009-2010,522957,22308,TEA COSY BLUE STRIPE,6,2010-09-19 12:05:00,2.55,17188.0,United Kingdom
Year 2009-2010,522962,84949,SILVER HANGING T-LIGHT HOLDER,6,2010-09-19 12:39:00,1.65,13701.0,United Kingdom
Year 2009-2010,522966,22661,CHARLOTTE BAG DOLLY GIRL DESIGN,2,2010-09-19 13:01:00,0.85,16007.0,United Kingdom
Year 2009-2010,522986,84991,60 TEATIME FAIRY CAKE CASES,24,2010-09-19 14:45:00,0.55,13883.0,United Kingdom
Year 2009-2010,522986,21977,PACK OF 60 PINK PAISLEY CAKE CASES,24,2010-09-19 14:45:00,0.55,13883.0,United Kingdom
Year 2009-2010,522987,21826,EIGHT PIECE DINOSAUR SET,8,2010-09-19 14:51:00,1.25,17625.0,United Kingdom
Year 2009-2010,522987,84406B,CREAM CUPID HEARTS COAT HANGER,2,2010-09-19 14:51:00,3.25,17625.0,United Kingdom
Year 2009-2010,523065,44089C,LILAC GAUZE BUTTERFLY LAMPSHADE,2,2010-09-20 12:05:00,0.42,16919.0,United Kingdom
Year 2009-2010,523115,22429,ENAMEL MEASURING JUG CREAM,4,2010-09-20 12:41:00,4.25,12388.0,Australia
Year 2009-2010,523150,gift_0001_30,Dotcomgiftshop Gift Voucher £30.00,1,2010-09-20 14:52:00,25.53,,United Kingdom
Year 2009-2010,523207,84992,72 SWEETHEART FAIRY CAKE CASES,24,2010-09-21 10:30:00,0.55,14852.0,United Kingdom
Year 2009-2010,523304,20970,PINK FLORAL FELTCRAFT SHOULDER BAG,1,2010-09-21 12:46:00,3.75,14688.0,United Kingdom
Year 2009-2010,523326,82552,WASHROOM METAL SIGN,24,2010-09-21 14:12:00,1.45,13183.0,United Kingdom
Year 2009-2010,523327,22812,PACK 3 BOXES CHRISTMAS PANNETONE,12,2010-09-21 14:22:00,1.95,14761.0,United Kingdom
Year 2009-2010,523417,21110,LARGE CAKE TOWEL PINK SPOTS,2,2010-09-22 09:21:00,6.75,13474.0,United Kingdom
Year 2009-2010,523422,22113,GREY HEART HOT WATER BOTTLE,6,2010-09-22 10:10:00,3.39,17850.0,United Kingdom
Year 2009-2010,523579,22652,TRAVEL SEWING KIT,4,2010-09-22 16:34:00,1.65,13756.0,United Kingdom
Year 2009-2010,523637,21232,STRAWBERRY CERAMIC TRINKET BOX,3,2010-09-23 11:58:00,1.25,14606.0,United Kingdom
Year 2009-2010,523640,22089,PAPER BUNTING VINTAGE PAISLEY,1,2010-09-23 12:06:00,2.95,16515.0,United Kingdom
Year 2009-2010,523640,22698,PINK REGENCY TEACUP AND SAUCER,4,2010-09-23 12:06:00,2.95,16515.0,United Kingdom
Year 2009-2010,C523657,82494L,WOODEN FRAME ANTIQUE WHITE ,-1,2010-09-23 13:33:00,2.95,15005.0,United Kingdom
Year 2009-2010,523659,21826,EIGHT PIECE DINOSAUR SET,1,2010-09-23 13:54:00,1.25,18096.0,United Kingdom
Year 2009-2010,523659,84192,ASSORTED COLOUR METAL CAT ,3,2010-09-23 13:54:00,1.25,18096.0,United Kingdom
Year 2009-2010,523731,20950,SET/6  ANGEL T-LIGHTS WHITE/GOLD,36,2010-09-23 17:16:00,0.42,17519.0,United Kingdom
Year 2009-2010,C523772,20734,SILVER MINI TAPE MEASURE ,-1,2010-09-24 11:04:00,0.85,12782.0,Portugal
Year 2009-2010,523838,21984,PACK OF 12 PINK PAISLEY TISSUES ,24,2010-09-24 12:08:00,0.29,14934.0,Channel Islands
Year 2009-2010,523838,21755,LOVE BUILDING BLOCK WORD,3,2010-09-24 12:08:00,5.95,14934.0,Channel Islands
Year 2009-2010,523841,21907,I'M ON HOLIDAY METAL SIGN,6,2010-09-24 12:11:00,2.1,14934.0,Channel Islands
Year 2009-2010,523864,21484,CHICK GREY HOT WATER BOTTLE,1,2010-09-24 12:24:00,3.45,15034.0,United Kingdom
Year 2009-2010,523867,22082,RIBBON REEL STRIPES DESIGN ,5,2010-09-24 12:43:00,1.65,13174.0,United Kingdom
Year 2009-2010,523921,84836,ZINC METAL HEART DECORATION,432,2010-09-24 16:19:00,1.06,14646.0,Netherlands
Year 2009-2010,523937,82581,TOILET METAL SIGN,12,2010-09-26 10:50:00,0.55,15201.0,United Kingdom
Year 2009-2010,523971,21324,HANGING MEDINA LANTERN SMALL,2,2010-09-26 13:53:00,2.95,15967.0,United Kingdom
Year 2009-2010,523971,35653,VINTAGE BEAD NOTEBOOK,3,2010-09-26 13:53:00,2.95,15967.0,United Kingdom
Year 2009-2010,523990,21212,PACK OF 72 RETROSPOT CAKE CASES,24,2010-09-26 14:20:00,0.55,14688.0,United Kingdom
Year 2009-2010,523993,22603,CHRISTMAS RETROSPOT TREE WOOD,5,2010-09-26 14:43:00,0.85,16161.0,United Kingdom
Year 2009-2010,524018,22057,CERAMIC PLATE STRAWBERRY DESIGN,12,2010-09-27 10:23:00,1.49,14911.0,EIRE
Year 2009-2010,524018,20682,RED SPOTTY CHILDS UMBRELLA,6,2010-09-27 10:23:00,3.25,14911.0,EIRE
Year 2009-2010,524098,21123,SET/10 IVORY SPOTTY PARTY CANDLES,24,2010-09-27 12:21:00,1.25,17204.0,United Kingdom
Year 2009-2010,524100,21981,PACK OF 12 WOODLAND TISSUES ,12,2010-09-27 12:31:00,0.29,16330.0,United Kingdom
Year 2009-2010,524102,85036A,GARDENIA 1 WICK MORRIS BOXED CANDLE,6,2010-09-27 12:45:00,4.25,17315.0,United Kingdom
Year 2009-2010,524108,22176,BLUE OWL SOFT TOY,6,2010-09-27 13:13:00,2.95,16636.0,United Kingdom
Year 2009-2010,524125,22090,PAPER BUNTING RETRO SPOTS,6,2010-09-27 14:20:00,2.95,15382.0,United Kingdom
Year 2009-2010,524185,21916,SET 12 RETRO WHITE CHALK STICKS,24,2010-09-28 09:12:00,0.42,13139.0,United Kingdom
Year 2009-2010,524212,21110,LARGE CAKE TOWEL PINK SPOTS,2,2010-09-28 10:44:00,6.75,15614.0,United Kingdom
Year 2009-2010,C524235,37444A,YELLOW BREAKFAST CUP AND SAUCER,-1308,2010-09-28 11:02:00,0.13,14277.0,France
Year 2009-2010,524284,90214D,"LETTER ""D"" BLING KEY RING",3,2010-09-28 12:26:00,1.25,16779.0,United Kingdom
Year 2009-2010,524289,22138,BAKING SET 9 PIECE RETROSPOT ,6,2010-09-28 12:50:00,4.95,15347.0,United Kingdom
Year 2009-2010,524290,22671,FRENCH LAUNDRY SIGN BLUE METAL,6,2010-09-28 12:54:00,1.65,14461.0,United Kingdom
Year 2009-2010,524300,82483,WOOD 2 DRAWER CABINET WHITE FINISH,4,2010-09-28 13:15:00,5.95,16554.0,United Kingdom
Year 2009-2010,524351,22637,PIGGY BANK RETROSPOT ,4,2010-09-28 16:25:00,2.55,13554.0,United Kingdom
Year 2009-2010,524351,22625,RED KITCHEN SCALES,1,2010-09-28 16:25:00,8.5,13554.0,United Kingdom
Year 2009-2010,524407,21790,VINTAGE SNAP CARDS,12,2010-09-29 09:23:00,0.85,14210.0,United Kingdom
Year 2009-2010,524423,85064,CREAM SWEETHEART LETTER RACK,2,2010-09-29 10:34:00,5.45,13797.0,United Kingdom
Year 2009-2010,524487,22154,ANGEL DECORATION 3 BUTTONS ,8,2010-09-29 12:06:00,0.42,17068.0,United Kingdom
Year 2009-2010,524504,21186,WHITE DOVE HONEYCOMB PAPER GARLAND,12,2010-09-29 12:39:00,1.65,14843.0,United Kingdom
Year 2009-2010,524521,20685,DOORMAT RED RETROSPOT,10,2010-09-29 13:13:00,6.75,17739.0,United Kingdom
Year 2009-2010,524523,21524,DOORMAT SPOTTY HOME SWEET HOME,2,2010-09-29 13:14:00,7.95,14829.0,United Kingdom
Year 2009-2010,524524,22572,ROCKING HORSE GREEN CHRISTMAS ,12,2010-09-29 13:14:00,0.85,14514.0,United Kingdom
Year 2009-2010,524553,22469,HEART OF WICKER SMALL,24,2010-09-29 14:21:00,1.65,13050.0,United Kingdom
Year 2009-2010,524628,20671,BLUE TEATIME PRINT BOWL ,4,2010-09-30 10:56:00,1.25,14796.0,United Kingdom
Year 2009-2010,524719,POST,POSTAGE,1,2010-09-30 13:34:00,15.0,12806.0,Netherlands
Year 2009-2010,524730,22604,SET OF 4 NAPKIN CHARMS CUTLERY,2,2010-09-30 14:25:00,2.55,16958.0,United Kingdom
Year 2009-2010,524832,20914,SET/5 RED SPOTTY LID GLASS BOWLS,12,2010-09-30 17:15:00,2.95,14568.0,Channel Islands
Year 2009-2010,524837,22222,CAKE PLATE LOVEBIRD WHITE,12,2010-09-30 17:39:00,4.25,13763.0,United Kingdom
Year 2009-2010,524842,21098,CHRISTMAS TOILET ROLL,12,2010-09-30 18:02:00,1.25,12951.0,United Kingdom
Year 2009-2010,524843,85048,15CM CHRISTMAS GLASS BALL 20 LIGHTS,2,2010-09-30 18:12:00,7.95,16044.0,United Kingdom
Year 2009-2010,524864,22379,RECYCLING BAG RETROSPOT ,5,2010-10-01 09:02:00,2.1,14564.0,Channel Islands
Year 2009-2010,524871,21498,RED RETROSPOT WRAP ,25,2010-10-01 10:04:00,0.42,12935.0,United Kingdom
Year 2009-2010,524879,85099F,JUMBO BAG STRAWBERRY,10,2010-10-01 10:45:00,1.95,16101.0,United Kingdom
Year 2009-2010,524944,22865,HAND WARMER OWL DESIGN,2,2010-10-01 12:24:00,2.1,15276.0,United Kingdom
Year 2009-2010,524961,20750,RED RETROSPOT MINI CASES,1,2010-10-01 13:40:00,7.95,15451.0,United Kingdom
Year 2009-2010,524972,20665,RED RETROSPOT PURSE ,6,2010-10-01 14:57:00,2.95,13849.0,United Kingdom
Year 2009-2010,525013,22944,CHRISTMAS METAL POSTCARD WITH BELLS,24,2010-10-03 11:15:00,1.25,14911.0,EIRE
Year 2009-2010,525016,85049C,ROMANTIC PINKS RIBBONS ,3,2010-10-03 11:35:00,1.25,15860.0,United Kingdom
Year 2009-2010,525067,21905,MORE BUTTER METAL SIGN ,1,2010-10-03 14:36:00,2.1,14579.0,United Kingdom
Year 2009-2010,525070,22738,RIBBON REEL SNOWY VILLAGE,1,2010-10-03 14:47:00,1.65,16549.0,United Kingdom
Year 2009-2010,525070,22119,PEACE WOODEN BLOCK LETTERS,1,2010-10-03 14:47:00,6.95,16549.0,United Kingdom
Year 2009-2010,525075,22424,ENAMEL BREAD BIN CREAM,1,2010-10-03 15:24:00,12.75,16782.0,United Kingdom
Year 2009-2010,525114,22150,3 STRIPEY MICE FELTCRAFT,6,2010-10-04 11:33:00,1.95,18284.0,United Kingdom
Year 2009-2010,525248,85039C,S/4 BLACK MINI ROSE CANDLE IN BOWL,24,2010-10-04 14:42:00,0.42,15789.0,United Kingdom
Year 2009-2010,C525272,TEST001,This is a test product.,-1,2010-10-04 16:29:00,4.5,16454.0,United Kingdom
Year 2009-2010,C525273,TEST001,This is a test product.,-1,2010-10-04 16:30:00,4.5,16454.0,United Kingdom
Year 2009-2010,C525274,TEST001,This is a test product.,-1,2010-10-04 16:33:00,4.5,12346.0,United Kingdom
Year 2009-2010,C525275,TEST001,This is a test product.,-2,2010-10-04 16:38:00,4.5,16446.0,United Kingdom
Year 2009-2010,525277,21988,PACK OF 6 SKULL PAPER PLATES,4,2010-10-04 17:07:00,0.85,15652.0,United Kingdom
Year 2009-2010,525294,22198,LARGE POPCORN HOLDER ,12,2010-10-05 09:21:00,1.65,14911.0,EIRE
Year 2009-2010,525299,22349,DOG BOWL CHASING BALL DESIGN,6,2010-10-05 09:38:00,3.75,18188.0,United Kingdom
Year 2009-2010,525303,82494L,WOODEN FRAME ANTIQUE WHITE ,6,2010-10-05 09:58:00,2.95,15955.0,United Kingdom
Year 2009-2010,525310,22654,DELUXE SEWING KIT ,3,2010-10-05 10:35:00,5.95,13177.0,United Kingdom
Year 2009-2010,525335,20733,GOLD MINI TAPE MEASURE ,20,2010-10-05 11:24:00,0.42,14298.0,United Kingdom
Year 2009-2010,525472,20724,RED RETROSPOT CHARLOTTE BAG,10,2010-10-05 15:15:00,0.85,16129.0,United Kingdom
Year 2009-2010,525706,21161,KEEP OUT BOYS DOOR HANGER ,2,2010-10-06 13:24:00,1.45,17075.0,United Kingdom
Year 2009-2010,525709,22726,ALARM CLOCK BAKELIKE GREEN,1,2010-10-06 13:44:00,3.75,13554.0,United Kingdom
Year 2009-2010,525755,gift_0001_50,Dotcomgiftshop Gift Voucher £50.00,1,2010-10-07 10:23:00,42.55,,United Kingdom
Year 2009-2010,525764,21136,PAINTED METAL PEARS ASSORTED,8,2010-10-07 10:39:00,1.69,12511.0,Greece
Year 2009-2010,525837,22729,ALARM CLOCK BAKELIKE ORANGE,1,2010-10-07 12:23:00,3.75,17841.0,United Kingdom
Year 2009-2010,525857,21041,RED RETROSPOT OVEN GLOVE DOUBLE,1,2010-10-07 13:09:00,2.95,17860.0,United Kingdom
Year 2009-2010,525870,22175,PINK OWL SOFT TOY,6,2010-10-07 13:38:00,2.95,15641.0,United Kingdom
Year 2009-2010,525883,85035B,CHOCOLATE 3 WICK MORRIS BOX CANDLE,4,2010-10-07 14:28:00,4.25,13652.0,United Kingdom
Year 2009-2010,C525911,22171,3 HOOK PHOTO SHELF ANTIQUE WHITE,-2,2010-10-07 16:14:00,8.5,13964.0,United Kingdom
Year 2009-2010,525919,72741,GRAND CHOCOLATECANDLE,9,2010-10-07 16:28:00,1.45,13280.0,United Kingdom
Year 2009-2010,525928,21584,RETROSPOT SMALL TUBE MATCHES,4,2010-10-07 16:48:00,1.65,16072.0,United Kingdom
Year 2009-2010,525976,21562,HAWAIIAN GRASS SKIRT ,12,2010-10-08 10:27:00,1.25,17920.0,United Kingdom
Year 2009-2010,526089,84968C,SET OF 16 VINTAGE PISTACHIO CUTLERY,1,2010-10-08 12:14:00,12.75,15281.0,United Kingdom
Year 2009-2010,526108,22738,RIBBON REEL SNOWY VILLAGE,1,2010-10-08 12:48:00,1.65,14904.0,United Kingdom
Year 2009-2010,526108,22951,60 CAKE CASES DOLLY GIRL DESIGN,2,2010-10-08 12:48:00,0.55,14904.0,United Kingdom
Year 2009-2010,C526129,21016,LIGHT BIRD HOUSE TREE DECORATION,-4,2010-10-08 14:09:00,0.42,17172.0,United Kingdom
Year 2009-2010,526140,20725,LUNCH BAG RED SPOTTY,10,2010-10-08 14:40:00,1.65,14665.0,United Kingdom
Year 2009-2010,526167,22952,60 CAKE CASES VINTAGE CHRISTMAS,24,2010-10-10 10:33:00,0.55,14334.0,United Kingdom
Year 2009-2010,526176,84754,S/15 SILVER GLASS BAUBLES IN BAG,3,2010-10-10 11:32:00,1.25,13838.0,United Kingdom
Year 2009-2010,526183,72741,GRAND CHOCOLATECANDLE,9,2010-10-10 11:53:00,1.45,14127.0,United Kingdom
Year 2009-2010,526204,22659,LUNCH BOX I LOVE LONDON,2,2010-10-10 13:23:00,1.95,14040.0,United Kingdom
Year 2009-2010,526230,22571,ROCKING HORSE RED CHRISTMAS ,12,2010-10-10 15:27:00,0.85,13362.0,United Kingdom
Year 2009-2010,526264,44089A,PINK GAUZE BUTTERFLY LAMPSHADE,6,2010-10-11 10:33:00,0.42,15562.0,United Kingdom
Year 2009-2010,526388,22557,PLASTERS IN TIN VINTAGE PAISLEY ,1,2010-10-11 12:52:00,1.65,17264.0,United Kingdom
Year 2009-2010,526409,85061W,WHITE JEWELLED HEART DECORATION,1,2010-10-11 13:57:00,0.85,15920.0,United Kingdom
Year 2009-2010,C526456,20675,BLUE POLKADOT BOWL,-8,2010-10-11 15:45:00,1.25,17755.0,United Kingdom
Year 2009-2010,526462,22571,ROCKING HORSE RED CHRISTMAS ,5,2010-10-11 16:14:00,0.85,15024.0,United Kingdom
Year 2009-2010,526484,20685,DOORMAT RED RETROSPOT,2,2010-10-12 07:49:00,7.95,17710.0,United Kingdom
Year 2009-2010,526491,22449,SILK PURSE BABUSHKA PINK,6,2010-10-12 09:17:00,3.35,12655.0,France
Year 2009-2010,526612,35400,WOODEN BOX ADVENT CALENDAR ,2,2010-10-12 12:20:00,8.95,14907.0,United Kingdom
Year 2009-2010,526645,84508A,CAMOUFLAGE DESIGN TEDDY,1,2010-10-12 13:33:00,2.55,17841.0,United Kingdom
Year 2009-2010,526647,21928,JUMBO BAG SCANDINAVIAN PAISLEY,2,2010-10-12 13:39:00,1.95,12748.0,United Kingdom
Year 2009-2010,526654,77101A,UNION FLAG WINDSOCK,1,2010-10-12 14:14:00,1.25,16932.0,United Kingdom
Year 2009-2010,526659,22703,PINK CAT BOWL,1,2010-10-12 15:04:00,2.1,15570.0,United Kingdom
Year 2009-2010,526707,22467,GUMBALL COAT RACK,6,2010-10-12 16:23:00,2.55,13485.0,United Kingdom
Year 2009-2010,526719,21902,"KEY FOB , FRONT  DOOR ",24,2010-10-12 17:06:00,0.65,17686.0,United Kingdom
Year 2009-2010,526741,85018D,YULETIDE IMAGES S/6 PAPER BOXES,48,2010-10-12 18:16:00,0.85,16701.0,United Kingdom
Year 2009-2010,526853,21519,GIN & TONIC DIET GREETING CARD ,24,2010-10-13 12:48:00,0.42,12540.0,Spain
Year 2009-2010,526861,21700,BIG DOUGHNUT FRIDGE MAGNETS,6,2010-10-13 13:05:00,0.85,14606.0,United Kingdom
Year 2009-2010,526867,21056,DOCTOR'S BAG SOFT TOY,1,2010-10-13 13:32:00,8.95,14204.0,United Kingdom
Year 2009-2010,526890,20726,LUNCH BAG WOODLAND,10,2010-10-13 14:40:00,1.65,15032.0,United Kingdom
Year 2009-2010,526891,22851,SET 20 NAPKINS FAIRY CAKES DESIGN ,2,2010-10-13 14:41:00,0.85,13832.0,United Kingdom
Year 2009-2010,526903,22411,JUMBO SHOPPER VINTAGE RED PAISLEY,3,2010-10-13 15:13:00,1.95,17851.0,United Kingdom
Year 2009-2010,526937,22149,FELTCRAFT 6 FLOWER FRIENDS,6,2010-10-14 10:07:00,2.1,17422.0,United Kingdom
Year 2009-2010,526937,22867,HAND WARMER BIRD DESIGN,12,2010-10-14 10:07:00,2.1,17422.0,United Kingdom
Year 2009-2010,526938,21484,CHICK GREY HOT WATER BOTTLE,12,2010-10-14 10:10:00,3.45,17409.0,United Kingdom
Year 2009-2010,527050,37461,FUNKY MONKEY MUG,12,2010-10-14 12:54:00,1.25,17717.0,United Kingdom
Year 2009-2010,527069,21790,VINTAGE SNAP CARDS,72,2010-10-14 14:08:00,0.72,14866.0,United Kingdom
Year 2009-2010,527086,22837,HOT WATER BOTTLE BABUSHKA ,2,2010-10-14 15:45:00,4.65,17965.0,United Kingdom
Year 2009-2010,527092,22423,REGENCY CAKESTAND 3 TIER,4,2010-10-14 16:09:00,12.75,17101.0,United Kingdom
Year 2009-2010,527097,21754,HOME BUILDING BLOCK WORD,3,2010-10-14 16:29:00,5.95,17716.0,United Kingdom
Year 2009-2010,527129,21987,PACK OF 6 SKULL PAPER CUPS,12,2010-10-15 09:29:00,0.65,16153.0,United Kingdom
Year 2009-2010,527131,22659,LUNCH BOX I LOVE LONDON,64,2010-10-15 09:32:00,1.65,14646.0,Netherlands
Year 2009-2010,C527150,82616B,FRAPPUCINO SCARF KNITTING KIT,-1,2010-10-15 11:19:00,2.95,,United Kingdom
Year 2009-2010,527251,22738,RIBBON REEL SNOWY VILLAGE,10,2010-10-15 12:30:00,1.65,17687.0,United Kingdom
Year 2009-2010,527262,21558,SKULL LUNCH BOX WITH CUTLERY ,3,2010-10-15 12:45:00,2.55,15574.0,United Kingdom
Year 2009-2010,527283,22821,GIFT BAG PSYCHEDELIC APPLES,12,2010-10-15 13:42:00,0.65,15651.0,United Kingdom
Year 2009-2010,527285,22650,CERAMIC PIRATE CHEST MONEY BANK,1,2010-10-15 13:47:00,1.45,17822.0,United Kingdom
Year 2009-2010,527306,22294,HEART FILIGREE DOVE  SMALL,24,2010-10-15 14:45:00,1.25,13052.0,United Kingdom
Year 2009-2010,527380,20712,JUMBO BAG WOODLAND ANIMALS,1,2010-10-17 12:52:00,1.95,14953.0,United Kingdom
Year 2009-2010,527391,22251,BIRDHOUSE DECORATION MAGIC GARDEN,12,2010-10-17 13:22:00,1.25,13663.0,United Kingdom
Year 2009-2010,527394,22483,RED GINGHAM TEDDY BEAR ,6,2010-10-17 13:33:00,2.95,15772.0,United Kingdom
Year 2009-2010,527398,22869,"NUMBER TILE COTTAGE GARDEN, 1",2,2010-10-17 13:46:00,1.95,13820.0,United Kingdom
Year 2009-2010,527412,22665,RECIPE BOX BLUE SKETCHBOOK DESIGN,6,2010-10-17 15:05:00,2.95,15367.0,United Kingdom
Year 2009-2010,527418,22667,RECIPE BOX RETROSPOT ,12,2010-10-17 15:40:00,2.55,16684.0,United Kingdom
Year 2009-2010,527420,84849D,HOT BATHS SOAP HOLDER,2,2010-10-17 15:50:00,1.69,16549.0,United Kingdom
Year 2009-2010,527420,21307,SET/4 BUTTERFLY MIRROR MAGNETS,1,2010-10-17 15:50:00,2.1,16549.0,United Kingdom
Year 2009-2010,527423,22114,HOT WATER BOTTLE TEA AND SYMPATHY,4,2010-10-17 16:06:00,3.95,14755.0,United Kingdom
Year 2009-2010,527424,21428,SET3 BOOK BOX GREEN GINGHAM FLOWER ,2,2010-10-17 16:08:00,4.25,15068.0,United Kingdom
Year 2009-2010,527428,84944,SET OF 6 KASHMIR FOLKART BAUBLES,1,2010-10-17 16:17:00,4.25,16283.0,United Kingdom
Year 2009-2010,527443,79321,CHILLI LIGHTS,4,2010-10-18 09:13:00,4.95,13464.0,United Kingdom
Year 2009-2010,C527500,21238,RED RETROSPOT CUP,-6,2010-10-18 12:17:00,0.85,17685.0,United Kingdom
Year 2009-2010,527508,22952,60 CAKE CASES VINTAGE CHRISTMAS,24,2010-10-18 12:46:00,0.55,15674.0,United Kingdom
Year 2009-2010,527520,16237,SLEEPING CAT ERASERS,4,2010-10-18 13:18:00,0.43,,United Kingdom
Year 2009-2010,527520,gift_0001_30,Dotcomgiftshop Gift Voucher £30.00,1,2010-10-18 13:18:00,25.53,,United Kingdom
Year 2009-2010,527728,84270,ASSTD DESIGN BUBBLE GUM RING,5,2010-10-18 15:44:00,0.43,,United Kingdom
Year 2009-2010,527754,84692,BOX OF 24 COCKTAIL PARASOLS,4,2010-10-18 17:05:00,0.42,15710.0,United Kingdom
Year 2009-2010,527883,22911,PAPER CHAIN KIT LONDON,1,2010-10-19 11:59:00,2.95,17760.0,United Kingdom
Year 2009-2010,527884,22725,ALARM CLOCK BAKELIKE CHOCOLATE,2,2010-10-19 12:01:00,3.75,15886.0,United Kingdom
Year 2009-2010,527891,84997C,BLUE 3 PIECE POLKADOT CUTLERY SET,8,2010-10-19 12:16:00,3.75,14524.0,United Kingdom
Year 2009-2010,527891,85049G,CHOCOLATE BOX RIBBONS ,4,2010-10-19 12:16:00,1.25,14524.0,United Kingdom
Year 2009-2010,527924,21645,ASSORTED TUTTI FRUTTI ROUND BOX,3,2010-10-19 13:19:00,1.65,17967.0,United Kingdom
Year 2009-2010,527925,21683,MEDIUM MEDINA STAMPED METAL BOWL ,6,2010-10-19 13:20:00,2.95,17397.0,United Kingdom
Year 2009-2010,527954,22652,TRAVEL SEWING KIT,5,2010-10-19 16:10:00,1.65,14030.0,United Kingdom
Year 2009-2010,528054,35970,ZINC FOLKART SLEIGH BELLS,1,2010-10-20 11:44:00,1.69,12748.0,United Kingdom
Year 2009-2010,528057,22570,FELTCRAFT CUSHION RABBIT,4,2010-10-20 11:58:00,3.75,18241.0,United Kingdom
Year 2009-2010,A528059,B,Adjust bad debt,1,2010-10-20 12:04:00,-38925.87,,United Kingdom
Year 2009-2010,C528093,S,SAMPLES,-1,2010-10-20 13:21:00,104.0,,United Kingdom
Year 2009-2010,528112,21896,POTTING SHED TWINE,24,2010-10-20 14:22:00,2.1,17457.0,United Kingdom
Year 2009-2010,528125,22197,SMALL POPCORN HOLDER,2,2010-10-20 14:42:00,0.85,16903.0,United Kingdom
Year 2009-2010,528136,22619,SET OF 6 SOLDIER SKITTLES,4,2010-10-20 15:16:00,3.75,14624.0,United Kingdom
Year 2009-2010,528141,22457,NATURAL SLATE HEART CHALKBOARD ,48,2010-10-20 15:36:00,2.55,16019.0,United Kingdom
Year 2009-2010,528145,22180,RETROSPOT LAMP,1,2010-10-20 15:56:00,21.23,,United Kingdom
Year 2009-2010,528326,22082,RIBBON REEL STRIPES DESIGN ,1,2010-10-21 13:07:00,1.65,13195.0,United Kingdom
Year 2009-2010,528329,22154,ANGEL DECORATION 3 BUTTONS ,4,2010-10-21 13:23:00,0.42,13891.0,United Kingdom
Year 2009-2010,528352,71477,COLOUR GLASS. STAR T-LIGHT HOLDER,8,2010-10-21 14:29:00,3.25,18243.0,United Kingdom
Year 2009-2010,528382,gift_0001_40,Dotcomgiftshop Gift Voucher £40.00,1,2010-10-21 18:01:00,34.04,,United Kingdom
Year 2009-2010,C528406,21098,CHRISTMAS TOILET ROLL,-72,2010-10-22 09:09:00,1.06,17829.0,United Arab Emirates
Year 2009-2010,528419,22399,MAGNETS PACK OF 4 CHILDHOOD MEMORY,12,2010-10-22 09:44:00,1.25,12615.0,France
Year 2009-2010,528444,22942,CHRISTMAS LIGHTS 10 SANTAS ,2,2010-10-22 11:00:00,8.5,16497.0,United Kingdom
Year 2009-2010,C528451,22138,BAKING SET 9 PIECE RETROSPOT ,-5,2010-10-22 11:23:00,4.95,12986.0,United Kingdom
Year 2009-2010,528507,22757,LARGE RED BABUSHKA NOTEBOOK ,1,2010-10-22 12:29:00,1.25,17841.0,United Kingdom
Year 2009-2010,528581,22489,PACK OF 12 TRADITIONAL CRAYONS,4,2010-10-22 13:27:00,0.42,18055.0,United Kingdom
Year 2009-2010,528595,22407,MONEY BOX FIRST ADE DESIGN,12,2010-10-22 14:30:00,1.25,15067.0,United Kingdom
Year 2009-2010,C528602,22765,NEWSPAPER STAND,-1,2010-10-22 15:06:00,14.95,12749.0,United Kingdom
Year 2009-2010,528613,21990,MODERN FLORAL STATIONERY SET,1,2010-10-22 15:57:00,2.51,,United Kingdom
Year 2009-2010,528615,22598,CHRISTMAS MUSICAL ZINC TREE,2,2010-10-22 16:36:00,0.85,17231.0,United Kingdom
Year 2009-2010,528625,20950,SET/6  ANGEL T-LIGHTS WHITE/GOLD,2,2010-10-24 10:56:00,0.42,17843.0,United Kingdom
Year 2009-2010,528638,51008,AFGHAN SLIPPER SOCK PAIR,50,2010-10-24 11:40:00,3.45,16024.0,United Kingdom
Year 2009-2010,528640,82581,TOILET METAL SIGN,1,2010-10-24 11:47:00,0.55,13555.0,United Kingdom
Year 2009-2010,528646,48129,DOORMAT TOPIARY,1,2010-10-24 12:24:00,7.95,14532.0,United Kingdom
Year 2009-2010,528705,21011,GLITTER SNOW PEAR TREE DECORATION,6,2010-10-24 13:07:00,1.45,13137.0,United Kingdom
Year 2009-2010,528735,22531,MAGIC DRAWING SLATE CIRCUS PARADE  ,3,2010-10-24 13:57:00,0.42,13240.0,United Kingdom
Year 2009-2010,528754,21485,RETROSPOT HEART HOT WATER BOTTLE,2,2010-10-24 15:08:00,4.95,15796.0,United Kingdom
Year 2009-2010,528767,22211,WOOD STAMP SET FLOWERS,12,2010-10-25 08:12:00,1.65,14911.0,EIRE
Year 2009-2010,528770,20723,STRAWBERRY CHARLOTTE BAG,10,2010-10-25 09:13:00,0.85,15065.0,United Kingdom
Year 2009-2010,528838,22863,SOAP DISH BROCANTE,6,2010-10-25 10:25:00,2.95,16193.0,United Kingdom
Year 2009-2010,528852,21349,IVY HEART WREATH,6,2010-10-25 10:41:00,6.75,14766.0,United Kingdom
Year 2009-2010,528852,21880,RED RETROSPOT TAPE,12,2010-10-25 10:41:00,0.65,14766.0,United Kingdom
Year 2009-2010,528912,22524,CHILDRENS GARDEN GLOVES BLUE,1,2010-10-25 13:40:00,1.25,16241.0,United Kingdom
Year 2009-2010,528923,22077,6 RIBBONS RUSTIC CHARM,2,2010-10-25 14:41:00,1.65,14413.0,United Kingdom
Year 2009-2010,C528934,22184,CAKE STAND VICTORIAN FILIGREE LARGE,-2,2010-10-25 15:12:00,8.5,13047.0,United Kingdom
Year 2009-2010,C528976,D,Discount,-1,2010-10-26 10:56:00,14.35,17858.0,United Kingdom
Year 2009-2010,529072,84732D,CUTE RABBIT CEATURE SCREEN ,1,2010-10-26 12:22:00,1.65,12577.0,France
Year 2009-2010,529148,21625,VINTAGE UNION JACK APRON,3,2010-10-26 15:57:00,6.95,18136.0,United Kingdom
Year 2009-2010,529157,22196,SMALL HEART MEASURING SPOONS,1,2010-10-26 16:49:00,0.85,13969.0,United Kingdom
Year 2009-2010,529157,22110,BIRD HOUSE HOT WATER BOTTLE,3,2010-10-26 16:49:00,2.55,13969.0,United Kingdom
Year 2009-2010,529200,22580,ADVENT CALENDAR GINGHAM SACK,9,2010-10-27 09:36:00,5.95,12676.0,Sweden
Year 2009-2010,529201,22556,PLASTERS IN TIN CIRCUS PARADE ,12,2010-10-27 09:52:00,1.65,12563.0,Italy
Year 2009-2010,529300,22729,ALARM CLOCK BAKELIKE ORANGE,8,2010-10-27 12:30:00,3.75,18172.0,United Kingdom
Year 2009-2010,529303,48111,DOORMAT 3 SMILEY CATS,1,2010-10-27 12:39:00,7.95,17841.0,United Kingdom
Year 2009-2010,529305,22729,ALARM CLOCK BAKELIKE ORANGE,4,2010-10-27 12:50:00,3.75,13466.0,United Kingdom
Year 2009-2010,529320,84559B,3D SHEET OF CAT STICKERS,12,2010-10-27 13:59:00,0.85,14400.0,United Kingdom
Year 2009-2010,529328,22093,MOTORING TISSUE BOX,1,2010-10-27 14:16:00,1.25,17000.0,United Kingdom
Year 2009-2010,529332,22622,BOX OF VINTAGE ALPHABET BLOCKS,6,2010-10-27 15:01:00,9.95,17478.0,United Kingdom
Year 2009-2010,529333,22783,SET 3 WICKER OVAL BASKETS W LIDS,1,2010-10-27 15:04:00,19.95,17690.0,United Kingdom
Year 2009-2010,529334,21533,RETROSPOT LARGE MILK JUG,1,2010-10-27 15:11:00,4.95,,United Kingdom
Year 2009-2010,529593,47590A,BLUE HAPPY BIRTHDAY BUNTING,3,2010-10-29 08:23:00,5.45,12921.0,United Kingdom
Year 2009-2010,529597,20979,36 PENCILS TUBE RED RETROSPOT,32,2010-10-29 08:48:00,1.25,17675.0,United Kingdom
Year 2009-2010,529607,22534,MAGIC DRAWING SLATE SPACEBOY ,24,2010-10-29 10:28:00,0.42,16147.0,United Kingdom
Year 2009-2010,C529606,22730,ALARM CLOCK BAKELIKE IVORY,-8,2010-10-29 10:28:00,3.75,17396.0,United Kingdom
Year 2009-2010,529709,22891,TEA FOR ONE POLKADOT,24,2010-10-29 13:03:00,3.75,15513.0,United Kingdom
Year 2009-2010,529714,21011,GLITTER SNOW PEAR TREE DECORATION,36,2010-10-29 13:26:00,0.38,18025.0,United Kingdom
Year 2009-2010,529720,22631,CIRCUS PARADE LUNCH BOX ,12,2010-10-29 13:58:00,1.95,12705.0,Germany
Year 2009-2010,529786,20728,LUNCH BAG CARS BLUE,60,2010-10-29 15:32:00,1.65,,RSA
Year 2009-2010,529803,22942,CHRISTMAS LIGHTS 10 SANTAS ,48,2010-10-31 10:37:00,7.65,14213.0,United Kingdom
Year 2009-2010,529811,20974,12 PENCILS SMALL TUBE SKULL,3,2010-10-31 11:06:00,0.65,15569.0,United Kingdom
Year 2009-2010,529824,72780,BLACK SILOUETTE CANDLE PLATE,4,2010-10-31 11:40:00,0.85,16724.0,United Kingdom
Year 2009-2010,529826,21161,KEEP OUT BOYS DOOR HANGER ,8,2010-10-31 11:43:00,1.45,15351.0,United Kingdom
Year 2009-2010,529830,22434,BALLOON PUMP WITH 10 BALLOONS,8,2010-10-31 12:13:00,1.95,18278.0,United Kingdom
Year 2009-2010,529850,82482,WOODEN PICTURE FRAME WHITE FINISH,2,2010-10-31 13:35:00,2.55,16788.0,United Kingdom
Year 2009-2010,529868,22799,SWEETHEART WIRE FRUIT BOWL,1,2010-10-31 13:58:00,8.5,14247.0,United Kingdom
Year 2009-2010,529899,21181,PLEASE ONE PERSON METAL SIGN,1,2010-10-31 14:09:00,2.1,15535.0,United Kingdom
Year 2009-2010,529904,22423,REGENCY CAKESTAND 3 TIER,4,2010-10-31 14:11:00,12.75,13833.0,United Kingdom
Year 2009-2010,529937,22111,SCOTTIE DOG HOT WATER BOTTLE,3,2010-10-31 14:43:00,4.95,16539.0,United Kingdom
Year 2009-2010,529987,22867,HAND WARMER BIRD DESIGN,1,2010-10-31 15:54:00,2.1,18116.0,United Kingdom
Year 2009-2010,529991,21507,"ELEPHANT, BIRTHDAY CARD, ",12,2010-10-31 16:21:00,0.42,15879.0,United Kingdom
Year 2009-2010,529994,21018,BIRD BOX CHRISTMAS TREE DECORATION,3,2010-10-31 16:26:00,0.85,16984.0,United Kingdom
Year 2009-2010,530014,21244,BLUE POLKADOT PLATE ,4,2010-11-01 10:37:00,1.69,17238.0,United Kingdom
Year 2009-2010,530060,85136C,RED SHARK HELICOPTER,1,2010-11-01 11:35:00,8.47,,United Kingdom
Year 2009-2010,530061,22075,6 RIBBONS ELEGANT CHRISTMAS ,12,2010-11-01 11:36:00,1.65,13115.0,United Kingdom
Year 2009-2010,530066,85099F,JUMBO BAG STRAWBERRY,5,2010-11-01 11:48:00,1.95,17068.0,United Kingdom
Year 2009-2010,530085,85055,FRENCH ENAMEL UTENSIL HOLDER,1,2010-11-01 13:26:00,3.75,17315.0,United Kingdom
Year 2009-2010,530115,22379,RECYCLING BAG RETROSPOT ,1,2010-11-01 14:22:00,2.1,17190.0,United Kingdom
Year 2009-2010,530124,22578,WOODEN STAR CHRISTMAS SCANDINAVIAN,6,2010-11-01 15:14:00,0.85,13174.0,United Kingdom
Year 2009-2010,530184,21754,HOME BUILDING BLOCK WORD,6,2010-11-02 10:47:00,5.95,17377.0,United Kingdom
Year 2009-2010,530268,22776,SWEETHEART CAKESTAND 3 TIER,6,2010-11-02 11:47:00,9.95,17121.0,United Kingdom
Year 2009-2010,C530282,D,Discount,-1,2010-11-02 12:08:00,8.2,14527.0,United Kingdom
Year 2009-2010,530296,10133,COLOURING PENCILS BROWN TUBE,10,2010-11-02 12:37:00,0.85,13937.0,United Kingdom
Year 2009-2010,530311,22737,RIBBON REEL CHRISTMAS PRESENT ,5,2010-11-02 13:27:00,1.65,16374.0,United Kingdom
Year 2009-2010,530420,22667,RECIPE BOX RETROSPOT ,6,2010-11-03 09:16:00,2.95,17735.0,United Kingdom
Year 2009-2010,530427,22451,SILK PURSE BABUSHKA RED,1,2010-11-03 10:28:00,3.35,17894.0,United Kingdom
Year 2009-2010,530562,22426,ENAMEL WASH BOWL CREAM,2,2010-11-03 13:47:00,3.75,16012.0,United Kingdom
Year 2009-2010,530613,21524,DOORMAT SPOTTY HOME SWEET HOME,2,2010-11-03 15:46:00,7.95,15628.0,United Kingdom
Year 2009-2010,530648,35958,FOLKART ZINC STAR CHRISTMAS DEC,24,2010-11-04 08:41:00,0.85,14062.0,United Kingdom
Year 2009-2010,530652,85174,S/4 CACTI CANDLES,1,2010-11-04 09:38:00,11.02,,United Kingdom
Year 2009-2010,530657,21696,SMALL SILVER TRELLIS CANDLEPOT,6,2010-11-04 10:13:00,2.95,12933.0,United Kingdom
Year 2009-2010,530780,22776,SWEETHEART CAKESTAND 3 TIER,3,2010-11-04 12:06:00,9.95,12949.0,United Kingdom
Year 2009-2010,530809,47566,PARTY BUNTING,2,2010-11-04 13:02:00,4.65,13772.0,United Kingdom
Year 2009-2010,530809,22210,WOOD STAMP SET BEST WISHES,1,2010-11-04 13:02:00,1.65,13772.0,United Kingdom
Year 2009-2010,530811,22865,HAND WARMER OWL DESIGN,2,2010-11-04 13:04:00,2.1,13137.0,United Kingdom
Year 2009-2010,530850,gift_0001_30,Dotcomgiftshop Gift Voucher £30.00,1,2010-11-04 14:49:00,25.53,,United Kingdom
Year 2009-2010,530885,21212,PACK OF 72 RETROSPOT CAKE CASES,4,2010-11-04 15:07:00,0.55,14085.0,United Kingdom
Year 2009-2010,530915,21279,VINTAGE KITCHEN PRINT FRUITS,2,2010-11-04 16:10:00,2.55,13660.0,United Kingdom
Year 2009-2010,530917,21754,HOME BUILDING BLOCK WORD,2,2010-11-04 16:28:00,5.95,15023.0,United Kingdom
Year 2009-2010,530927,21469,POLKA DOT RAFFIA FOOD COVER,1,2010-11-04 16:51:00,3.75,18181.0,United Kingdom
Year 2009-2010,530927,21181,PLEASE ONE PERSON METAL SIGN,1,2010-11-04 16:51:00,2.1,18181.0,United Kingdom
Year 2009-2010,530951,22034,ROBIN CHRISTMAS CARD,24,2010-11-04 18:34:00,0.42,15521.0,United Kingdom
Year 2009-2010,530955,21166,COOK WITH WINE METAL SIGN ,12,2010-11-04 18:48:00,1.95,16128.0,United Kingdom
Year 2009-2010,531014,84879,ASSORTED COLOUR BIRD ORNAMENT,8,2010-11-05 11:42:00,1.69,13278.0,United Kingdom
Year 2009-2010,531014,16161M,WRAP  PINK FLOCK,25,2010-11-05 11:42:00,0.42,13278.0,United Kingdom
Year 2009-2010,531036,21931,JUMBO STORAGE BAG SUKI,1,2010-11-05 11:58:00,4.21,,United Kingdom
Year 2009-2010,531043,22554,PLASTERS IN TIN WOODLAND ANIMALS,1,2010-11-05 12:00:00,1.65,13646.0,United Kingdom
Year 2009-2010,531130,84880,WHITE WIRE EGG HOLDER,3,2010-11-05 13:42:00,5.95,13615.0,United Kingdom
Year 2009-2010,531232,22866,HAND WARMER SCOTTY DOG DESIGN,6,2010-11-05 17:30:00,2.1,,EIRE
Year 2009-2010,531344,84562A,PINK/WHITE RIBBED MELAMINE JUG,3,2010-11-07 13:10:00,7.95,17218.0,United Kingdom
Year 2009-2010,531352,48116,DOORMAT MULTICOLOUR STRIPE,1,2010-11-07 13:45:00,7.95,13137.0,United Kingdom
Year 2009-2010,531352,22952,60 CAKE CASES VINTAGE CHRISTMAS,3,2010-11-07 13:45:00,0.55,13137.0,United Kingdom
Year 2009-2010,531353,22556,PLASTERS IN TIN CIRCUS PARADE ,1,2010-11-07 13:47:00,1.65,15571.0,United Kingdom
Year 2009-2010,531365,21818,GLITTER CHRISTMAS HEART ,3,2010-11-07 14:51:00,0.85,17550.0,United Kingdom
Year 2009-2010,531370,22197,SMALL POPCORN HOLDER,2,2010-11-07 15:30:00,0.85,16511.0,United Kingdom
Year 2009-2010,531373,22733,3D TRADITIONAL CHRISTMAS STICKERS,1,2010-11-07 15:49:00,1.25,15996.0,United Kingdom
Year 2009-2010,531378,84247L,FAWN AND MUSHROOM GREETING CARD,12,2010-11-07 15:58:00,0.42,13564.0,United Kingdom
Year 2009-2010,531378,22030,SWALLOWS GREETING CARD,12,2010-11-07 15:58:00,0.42,13564.0,United Kingdom
Year 2009-2010,531387,21181,PLEASE ONE PERSON METAL SIGN,1,2010-11-08 09:20:00,4.21,,United Kingdom
Year 2009-2010,531391,22618,COOKING SET RETROSPOT,2,2010-11-08 09:56:00,9.95,18260.0,United Kingdom
Year 2009-2010,531421,21080,SET/20 RED RETROSPOT PAPER NAPKINS ,6,2010-11-08 10:44:00,0.85,15039.0,United Kingdom
Year 2009-2010,531433,PADS,PADS TO MATCH ALL CUSHIONS,1,2010-11-08 11:54:00,0.001,13317.0,United Kingdom
Year 2009-2010,531476,22087,PAPER BUNTING WHITE LACE,40,2010-11-08 14:19:00,2.55,15311.0,United Kingdom
Year 2009-2010,531485,22086,PAPER CHAIN KIT 50'S CHRISTMAS ,6,2010-11-08 14:51:00,2.95,15992.0,United Kingdom
Year 2009-2010,531485,84380,SET OF 3 BUTTERFLY COOKIE CUTTERS,12,2010-11-08 14:51:00,1.25,15992.0,United Kingdom
Year 2009-2010,531489,20707,CRAZY DAISY HEART DECORATION,1,2010-11-08 15:02:00,2.51,,United Kingdom
Year 2009-2010,531489,gift_0001_10,Dotcomgiftshop Gift Voucher £10.00,1,2010-11-08 15:02:00,8.51,,United Kingdom
Year 2009-2010,531513,79163,BLACK CHAMPAGNE GLASS,6,2010-11-08 16:31:00,1.65,18098.0,United Kingdom
Year 2009-2010,531513,22217,T-LIGHT HOLDER HANGING LACE,3,2010-11-08 16:31:00,1.25,18098.0,United Kingdom
Year 2009-2010,531543,84877D,BLUE ROUND COMPACT MIRROR,1,2010-11-08 17:34:00,3.75,13691.0,United Kingdom
Year 2009-2010,531738,22759,SET OF 3 NOTEBOOKS IN PARCEL,2,2010-11-09 12:39:00,1.65,16960.0,United Kingdom
Year 2009-2010,531789,21446,12 RED ROSE PEG PLACE SETTINGS,3,2010-11-09 15:07:00,1.25,15570.0,United Kingdom
Year 2009-2010,531800,22792,FLUTED ANTIQUE CANDLE HOLDER,12,2010-11-09 15:45:00,0.85,15281.0,United Kingdom
Year 2009-2010,531922,22294,HEART FILIGREE DOVE  SMALL,24,2010-11-10 12:09:00,1.25,17974.0,United Kingdom
Year 2009-2010,532010,22772,PINK DRAWER KNOB ACRYLIC EDWARDIAN,2,2010-11-10 12:42:00,1.25,17321.0,United Kingdom
Year 2009-2010,532020,21080,SET/20 RED RETROSPOT PAPER NAPKINS ,1,2010-11-10 13:08:00,0.85,15311.0,United Kingdom
Year 2009-2010,532057,22358,KINGS CHOICE TEA CADDY ,1,2010-11-10 14:32:00,2.95,15028.0,United Kingdom
Year 2009-2010,532063,22594,CHRISTMAS GINGHAM TREE,3,2010-11-10 14:48:00,1.66,,United Kingdom
Year 2009-2010,532083,22118,JOY WOODEN BLOCK LETTERS,4,2010-11-10 15:16:00,4.95,13735.0,United Kingdom
Year 2009-2010,532087,84879,ASSORTED COLOUR BIRD ORNAMENT,32,2010-11-10 15:32:00,1.69,13735.0,United Kingdom
Year 2009-2010,532090,21098,CHRISTMAS TOILET ROLL,4,2010-11-10 15:39:00,1.25,17903.0,United Kingdom
Year 2009-2010,532095,72817,SET OF 2 CHRISTMAS DECOUPAGE CANDLE,2,2010-11-10 16:05:00,1.25,14651.0,United Kingdom
Year 2009-2010,532095,22362,GLASS JAR PEACOCK BATH SALTS,1,2010-11-10 16:05:00,2.95,14651.0,United Kingdom
Year 2009-2010,532100,22041,"RECORD FRAME 7"" SINGLE SIZE ",48,2010-11-10 16:15:00,2.1,13750.0,United Kingdom
Year 2009-2010,532109,22683,"FRENCH BLUE METAL DOOR SIGN, 8",10,2010-11-10 16:40:00,1.25,12666.0,Israel
Year 2009-2010,532120,21980,PACK OF 12 RED RETROSPOT TISSUES ,24,2010-11-11 09:16:00,0.29,15138.0,United Kingdom
Year 2009-2010,532128,21535,RED RETROSPOT SMALL MILK JUG,6,2010-11-11 10:41:00,2.55,17688.0,United Kingdom
Year 2009-2010,532143,21559,STRAWBERRY LUNCH BOX WITH CUTLERY,2,2010-11-11 11:44:00,2.55,16782.0,United Kingdom
Year 2009-2010,C532255,D,Discount,-1,2010-11-11 12:50:00,1269.51,14088.0,United Kingdom
Year 2009-2010,532288,22149,FELTCRAFT 6 FLOWER FRIENDS,2,2010-11-11 13:24:00,2.1,13821.0,United Kingdom
Year 2009-2010,532290,82484,WOOD BLACK BOARD ANT WHITE FINISH,12,2010-11-11 13:26:00,5.55,17675.0,United Kingdom
Year 2009-2010,532307,21364,PEACE SMALL WOOD LETTERS,2,2010-11-11 14:30:00,6.75,15916.0,United Kingdom
Year 2009-2010,532325,22595,CHRISTMAS GINGHAM HEART,12,2010-11-11 15:25:00,0.85,16735.0,United Kingdom
Year 2009-2010,532443,22951,60 CAKE CASES DOLLY GIRL DESIGN,24,2010-11-12 11:31:00,0.55,12360.0,Austria
Year 2009-2010,532548,21705,BAG 500g SWIRLY MARBLES,2,2010-11-12 12:15:00,1.65,17210.0,United Kingdom
Year 2009-2010,532556,21807,WHITE CHRISTMAS STAR DECORATION,36,2010-11-12 12:44:00,0.42,12576.0,Poland
Year 2009-2010,532577,22534,MAGIC DRAWING SLATE SPACEBOY ,5,2010-11-12 14:05:00,0.42,16727.0,United Kingdom
Year 2009-2010,532613,85049a,TRADITIONAL CHRISTMAS RIBBONS,11,2010-11-12 15:20:00,3.36,,United Kingdom
Year 2009-2010,532679,22746,POPPY'S PLAYHOUSE LIVINGROOM ,1,2010-11-14 12:17:00,2.1,16960.0,United Kingdom
Year 2009-2010,532755,21713,CITRONELLA CANDLE FLOWERPOT,4,2010-11-14 13:38:00,2.1,17288.0,United Kingdom
Year 2009-2010,532756,22854,CREAM SWEETHEART EGG HOLDER,4,2010-11-14 13:39:00,4.95,14769.0,United Kingdom
Year 2009-2010,532756,20725,LUNCH BAG RED RETROSPOT,10,2010-11-14 13:39:00,1.65,14769.0,United Kingdom
Year 2009-2010,532757,84347,ROTATING SILVER ANGELS T-LIGHT HLDR,3,2010-11-14 13:42:00,2.55,17288.0,United Kingdom
Year 2009-2010,532801,22479,DAISY GARDEN MARKER,1,2010-11-14 14:54:00,1.25,17802.0,United Kingdom
Year 2009-2010,532808,22800,ANTIQUE TALL SWIRLGLASS TRINKET POT,1,2010-11-14 15:19:00,3.75,15532.0,United Kingdom
Year 2009-2010,532961,21080,SET/20 RED RETROSPOT PAPER NAPKINS ,12,2010-11-15 12:31:00,0.85,12471.0,Germany
Year 2009-2010,532983,21155,RED RETROSPOT PEG BAG,12,2010-11-15 13:54:00,2.1,14911.0,EIRE
Year 2009-2010,532983,22943,CHRISTMAS LIGHTS 10 VINTAGE BAUBLES,3,2010-11-15 13:54:00,4.95,14911.0,EIRE
Year 2009-2010,532990,22442,GROW YOUR OWN FLOWERS SET OF 3,1,2010-11-15 14:11:00,7.95,17106.0,United Kingdom
Year 2009-2010,532995,85049A,TRADITIONAL CHRISTMAS RIBBONS,1,2010-11-15 14:36:00,1.25,14395.0,United Kingdom
Year 2009-2010,533004,22536,MAGIC DRAWING SLATE PURDEY,1,2010-11-15 15:03:00,0.42,17231.0,United Kingdom
Year 2009-2010,533053,21116,OWL DOORSTOP,1,2010-11-15 16:22:00,4.95,12836.0,United Kingdom
Year 2009-2010,533070,22272,FELTCRAFT DOLL MARIA,2,2010-11-15 17:37:00,2.95,13148.0,United Kingdom
Year 2009-2010,533072,22727,ALARM CLOCK BAKELIKE RED ,1,2010-11-15 17:43:00,3.75,13148.0,United Kingdom
Year 2009-2010,533113,22229,BUNNY WOODEN PAINTED WITH FLOWER ,1,2010-11-16 12:19:00,0.85,17852.0,United Kingdom
Year 2009-2010,533137,22867,HAND WARMER BIRD DESIGN,2,2010-11-16 12:58:00,2.1,17203.0,United Kingdom
Year 2009-2010,533154,21124,SET/10 BLUE POLKADOT PARTY CANDLES,24,2010-11-16 14:01:00,1.25,13458.0,United Kingdom
Year 2009-2010,533154,22027,TEA PARTY BIRTHDAY CARD,12,2010-11-16 14:01:00,0.42,13458.0,United Kingdom
Year 2009-2010,533337,47566,PARTY BUNTING,5,2010-11-16 18:11:00,4.65,16829.0,United Kingdom
Year 2009-2010,533423,22585,PACK OF 6 BIRDY GIFT TAGS,4,2010-11-17 11:19:00,1.25,16386.0,United Kingdom
Year 2009-2010,533447,22801,ANTIQUE GLASS PEDESTAL BOWL,2,2010-11-17 11:40:00,3.75,17287.0,United Kingdom
Year 2009-2010,533481,84799,SPRIG LAVENDER ARTIFICIAL FLOWER,48,2010-11-17 13:05:00,0.42,14829.0,United Kingdom
Year 2009-2010,533505,85049D,BRIGHT BLUES RIBBONS ,2,2010-11-17 14:05:00,1.25,12890.0,United Kingdom
Year 2009-2010,533509,21065,BOOM BOX SPEAKER GIRLS,2,2010-11-17 14:25:00,5.95,13198.0,United Kingdom
Year 2009-2010,533554,22810,SET OF 6 T-LIGHTS SNOWMEN,6,2010-11-17 17:16:00,2.95,13605.0,United Kingdom
Year 2009-2010,533561,84030E,ENGLISH ROSE HOT WATER BOTTLE,12,2010-11-18 10:06:00,4.25,16265.0,United Kingdom
Year 2009-2010,533592,22530,MAGIC DRAWING SLATE DOLLY GIRL ,1,2010-11-18 12:08:00,0.42,14446.0,United Kingdom
Year 2009-2010,533769,22798,ANTIQUE GLASS DRESSING TABLE POT,8,2010-11-18 15:33:00,2.95,17089.0,United Kingdom
Year 2009-2010,533780,22493,PAINT YOUR OWN CANVAS SET,1,2010-11-18 16:23:00,1.65,,United Kingdom
Year 2009-2010,533806,21891,TRADITIONAL WOODEN SKIPPING ROPE,12,2010-11-19 08:18:00,1.25,16080.0,United Kingdom
Year 2009-2010,533819,79000,MOROCCAN TEA GLASS,24,2010-11-19 09:23:00,0.85,17001.0,United Kingdom
Year 2009-2010,533898,22083,PAPER CHAIN KIT RETROSPOT,6,2010-11-19 11:48:00,2.95,15129.0,United Kingdom
Year 2009-2010,533904,20973,12 PENCIL SMALL TUBE WOODLAND,2,2010-11-19 11:54:00,0.65,16936.0,United Kingdom
Year 2009-2010,533956,22734,SET OF 6 RIBBONS VINTAGE CHRISTMAS,6,2010-11-19 12:50:00,2.55,12682.0,France
Year 2009-2010,533974,22576,SWALLOW WOODEN CHRISTMAS DECORATION,4,2010-11-19 13:24:00,0.85,15483.0,United Kingdom
Year 2009-2010,533996,21171,BATHROOM METAL SIGN ,12,2010-11-19 14:14:00,1.45,17865.0,United Kingdom
Year 2009-2010,534020,22147,FELTCRAFT BUTTERFLY HEARTS,2,2010-11-19 14:40:00,1.45,15846.0,United Kingdom
Year 2009-2010,534053,21930,JUMBO STORAGE BAG SKULLS,2,2010-11-21 10:35:00,1.95,16010.0,United Kingdom
Year 2009-2010,534062,22556,PLASTERS IN TIN CIRCUS PARADE ,1,2010-11-21 11:03:00,1.65,16326.0,United Kingdom
Year 2009-2010,534112,22479,DAISY GARDEN MARKER,9,2010-11-21 12:11:00,1.25,16792.0,United Kingdom
Year 2009-2010,534158,22297,HEART IVORY TRELLIS SMALL,6,2010-11-21 12:40:00,1.25,13988.0,United Kingdom
Year 2009-2010,534166,22561,WOODEN SCHOOL COLOURING SET,12,2010-11-21 13:15:00,1.65,17702.0,United Kingdom
Year 2009-2010,534219,21735,TWO DOOR CURIO CABINET,1,2010-11-21 16:13:00,12.75,13230.0,United Kingdom
Year 2009-2010,534221,20978,36 PENCILS TUBE SKULLS,1,2010-11-21 16:15:00,1.25,16049.0,United Kingdom
Year 2009-2010,534234,84347,ROTATING SILVER ANGELS T-LIGHT HLDR,4,2010-11-22 10:22:00,2.55,16905.0,United Kingdom
Year 2009-2010,534321,22837,HOT WATER BOTTLE BABUSHKA ,6,2010-11-22 11:37:00,4.65,15039.0,United Kingdom
Year 2009-2010,534327,21066,VINTAGE RED MUG,1,2010-11-22 11:39:00,1.25,16005.0,United Kingdom
Year 2009-2010,534378,22633,HAND WARMER UNION JACK,6,2010-11-22 12:33:00,2.1,14461.0,United Kingdom
Year 2009-2010,534384,22509,SEWING BOX RETROSPOT DESIGN ,1,2010-11-22 12:55:00,16.95,18145.0,United Kingdom
Year 2009-2010,534389,35961,FOLKART ZINC HEART CHRISTMAS DEC,5,2010-11-22 13:02:00,1.66,,United Kingdom
Year 2009-2010,534403,47594B,SCOTTIES DESIGN WASHBAG,1,2010-11-22 13:59:00,1.95,14649.0,United Kingdom
Year 2009-2010,534432,22457,NATURAL SLATE HEART CHALKBOARD ,1,2010-11-22 15:01:00,2.95,18283.0,United Kingdom
Year 2009-2010,534473,85048,15CM CHRISTMAS GLASS BALL 20 LIGHTS,2,2010-11-23 10:41:00,7.95,15730.0,United Kingdom
Year 2009-2010,534489,22139,RETROSPOT TEA SET CERAMIC 11 PC ,3,2010-11-23 10:50:00,4.95,12880.0,United Kingdom
Year 2009-2010,534497,20974,12 PENCILS SMALL TUBE SKULL,10,2010-11-23 11:00:00,0.65,17811.0,United Kingdom
Year 2009-2010,534497,22144,CHRISTMAS CRAFT LITTLE FRIENDS,1,2010-11-23 11:00:00,2.1,17811.0,United Kingdom
Year 2009-2010,534500,21977,PACK OF 60 PINK PAISLEY CAKE CASES,1,2010-11-23 11:13:00,0.55,17290.0,United Kingdom
Year 2009-2010,534506,22600,CHRISTMAS RETROSPOT STAR WOOD,36,2010-11-23 11:41:00,0.85,12849.0,United Kingdom
Year 2009-2010,534507,22713,CARD I LOVE LONDON ,12,2010-11-23 11:43:00,0.42,17841.0,United Kingdom
Year 2009-2010,534526,22941,CHRISTMAS LIGHTS 10 REINDEER,12,2010-11-23 12:04:00,8.5,15384.0,United Kingdom
Year 2009-2010,C534533,22362,GLASS JAR PEACOCK BATH SALTS,-4,2010-11-23 12:06:00,2.95,12380.0,Belgium
Year 2009-2010,534631,22521,CHILDS GARDEN TROWEL PINK,2,2010-11-23 12:57:00,0.85,18047.0,United Kingdom
Year 2009-2010,534651,21329,DINOSAURS  WRITING SET ,1,2010-11-23 13:24:00,1.65,17974.0,United Kingdom
Year 2009-2010,534656,22154,ANGEL DECORATION 3 BUTTONS ,24,2010-11-23 13:36:00,0.42,13869.0,United Kingdom
Year 2009-2010,534659,21217,RED RETROSPOT ROUND CAKE TINS,1,2010-11-23 13:38:00,9.95,12434.0,Australia
Year 2009-2010,534659,22094,RED RETROSPOT TISSUE BOX,12,2010-11-23 13:38:00,1.25,12434.0,Australia
Year 2009-2010,534660,21928,JUMBO BAG SCANDINAVIAN PAISLEY,10,2010-11-23 13:46:00,1.95,14849.0,United Kingdom
Year 2009-2010,534673,20871,OPULENT VELVET SET/3 CANDLES,1,2010-11-23 14:28:00,2.1,12748.0,United Kingdom
Year 2009-2010,534681,21899,"KEY FOB , GARAGE DESIGN",6,2010-11-23 14:50:00,0.65,13451.0,United Kingdom
Year 2009-2010,534701,22865,HAND WARMER OWL DESIGN,24,2010-11-23 16:08:00,2.1,15808.0,United Kingdom
Year 2009-2010,534711,21232,STRAWBERRY CERAMIC TRINKET BOX,12,2010-11-23 17:10:00,1.25,16001.0,United Kingdom
Year 2009-2010,534749,35833G,4 GOLD FLOCK CHRISTMAS BALLS,12,2010-11-24 09:51:00,1.25,14861.0,United Kingdom
Year 2009-2010,534767,85014B,RED RETROSPOT UMBRELLA,3,2010-11-24 10:30:00,5.95,16125.0,United Kingdom
Year 2009-2010,C534789,22322,BIRD DECORATION GREEN POLKADOT,-1,2010-11-24 11:31:00,0.85,16554.0,United Kingdom
Year 2009-2010,534794,22895,SET OF 2 TEA TOWELS APPLE AND PEARS,3,2010-11-24 11:47:00,2.95,15984.0,United Kingdom
Year 2009-2010,534800,21329,DINOSAURS  WRITING SET ,1,2010-11-24 12:04:00,1.65,17019.0,United Kingdom
Year 2009-2010,534801,21733,RED HANGING HEART T-LIGHT HOLDER,6,2010-11-24 12:06:00,2.95,14673.0,United Kingdom
Year 2009-2010,534801,22423,REGENCY CAKESTAND 3 TIER,1,2010-11-24 12:06:00,12.75,14673.0,United Kingdom
Year 2009-2010,534839,84029G,KNITTED UNION FLAG HOT WATER BOTTLE,1,2010-11-24 13:13:00,3.75,15889.0,United Kingdom
Year 2009-2010,534841,22457,NATURAL SLATE HEART CHALKBOARD ,5,2010-11-24 13:16:00,2.95,15572.0,United Kingdom
Year 2009-2010,534870,M,Manual,1,2010-11-24 14:29:00,0.42,17601.0,United Kingdom
Year 2009-2010,534948,35924,HANGING FAIRY CAKE DECORATION,12,2010-11-24 15:31:00,2.1,15269.0,United Kingdom
Year 2009-2010,534948,22061,LARGE CAKE STAND  HANGING STRAWBERY,4,2010-11-24 15:32:00,9.95,15269.0,United Kingdom
Year 2009-2010,535066,22548,HEADS AND TAILS SPORTING FUN,2,2010-11-24 17:11:00,1.25,12933.0,United Kingdom
Year 2009-2010,535084,22294,HEART FILIGREE DOVE  SMALL,4,2010-11-25 09:46:00,1.25,14796.0,United Kingdom
Year 2009-2010,535242,84970L,SINGLE HEART ZINC T-LIGHT HOLDER,2,2010-11-25 12:35:00,0.95,15311.0,United Kingdom
Year 2009-2010,535257,22112,CHOCOLATE HOT WATER BOTTLE,3,2010-11-25 13:13:00,4.95,15044.0,United Kingdom
Year 2009-2010,535266,90085,CRYSTAL STILETTO PHONE CHARM,4,2010-11-25 13:32:00,0.85,14159.0,United Kingdom
Year 2009-2010,535268,22739,RIBBON REEL CHRISTMAS SOCK BAUBLE,5,2010-11-25 13:38:00,1.65,12841.0,United Kingdom
Year 2009-2010,535334,84558A,3D DOG PICTURE PLAYING CARDS,1,2010-11-25 15:59:00,2.95,15961.0,United Kingdom
Year 2009-2010,535350,82552,WASHROOM METAL SIGN,12,2010-11-25 16:52:00,1.45,18245.0,United Kingdom
Year 2009-2010,535393,51014A,"FEATHER PEN,HOT PINK",12,2010-11-26 10:24:00,0.85,16812.0,United Kingdom
Year 2009-2010,535407,85049A,TRADITIONAL CHRISTMAS RIBBONS,1,2010-11-26 11:20:00,2.51,,United Kingdom
Year 2009-2010,535408,C2,CARRIAGE,1,2010-11-26 11:24:00,50.0,14934.0,Channel Islands
Year 2009-2010,535449,22242,5 HOOK HANGER MAGIC TOADSTOOL,1,2010-11-26 12:50:00,1.65,17516.0,United Kingdom
Year 2009-2010,535449,22035,VINTAGE CARAVAN GREETING CARD ,12,2010-11-26 12:50:00,0.42,17516.0,United Kingdom
Year 2009-2010,C535460,22941,CHRISTMAS LIGHTS 10 REINDEER,-2,2010-11-26 12:58:00,8.5,12474.0,Germany
Year 2009-2010,535464,22093,MOTORING TISSUE BOX,1,2010-11-26 13:16:00,1.25,17999.0,United Kingdom
Year 2009-2010,535465,21682,LARGE MEDINA STAMPED METAL BOWL ,4,2010-11-26 13:22:00,4.95,16254.0,United Kingdom
Year 2009-2010,535465,21658,GLASS  BEURRE DISH,4,2010-11-26 13:22:00,3.95,16254.0,United Kingdom
Year 2009-2010,535576,22845,VINTAGE CREAM CAT FOOD CONTAINER,2,2010-11-26 15:37:00,6.35,12865.0,Austria
Year 2009-2010,535655,21181,PLEASE ONE PERSON METAL SIGN,4,2010-11-28 11:14:00,2.1,15059.0,United Kingdom
Year 2009-2010,535777,21756,BATH BUILDING BLOCK WORD,8,2010-11-28 13:43:00,5.95,13735.0,United Kingdom
Year 2009-2010,535831,21470,FLOWER VINE RAFFIA FOOD COVER,6,2010-11-29 09:38:00,3.75,12767.0,Korea
Year 2009-2010,535835,22740,POLKADOT PEN,3,2010-11-29 09:46:00,1.66,,United Kingdom
Year 2009-2010,535949,22962,JAM JAR WITH PINK LID,8,2010-11-29 12:02:00,0.85,13113.0,United Kingdom
Year 2009-2010,535957,48184,DOORMAT ENGLISH ROSE ,2,2010-11-29 12:26:00,7.95,13510.0,United Kingdom
Year 2009-2010,535958,72349B,SET/6 PURPLE BUTTERFLY T-LIGHTS,3,2010-11-29 12:33:00,2.1,16161.0,United Kingdom
Year 2009-2010,535961,22557,PLASTERS IN TIN VINTAGE PAISLEY ,1,2010-11-29 12:36:00,1.65,18034.0,United Kingdom
Year 2009-2010,535961,21907,I'M ON HOLIDAY METAL SIGN,1,2010-11-29 12:36:00,2.1,18034.0,United Kingdom
Year 2009-2010,536001,22665,RECIPE BOX BLUE SKETCHBOOK DESIGN,2,2010-11-29 14:21:00,2.95,17814.0,United Kingdom
Year 2009-2010,536016,22581,WOOD STOCKING CHRISTMAS SCANDISPOT,12,2010-11-29 15:36:00,0.85,17315.0,United Kingdom
Year 2009-2010,536016,22178,VICTORIAN GLASS HANGING T-LIGHT,6,2010-11-29 15:36:00,1.25,17315.0,United Kingdom
Year 2009-2010,536016,21967,PACK OF 12 SKULL TISSUES,12,2010-11-29 15:36:00,0.29,17315.0,United Kingdom
Year 2009-2010,536017,22649,STRAWBERRY FAIRY CAKE TEAPOT,2,2010-11-29 15:39:00,4.95,15005.0,United Kingdom
Year 2009-2010,536024,22748,POPPY'S PLAYHOUSE KITCHEN,6,2010-11-29 16:13:00,2.1,17338.0,United Kingdom
Year 2009-2010,536031,22968,ROSE COTTAGE KEEPSAKE BOX ,1,2010-11-29 16:45:00,20.38,,United Kingdom
Year 2009-2010,536042,85123A,WHITE HANGING HEART T-LIGHT HOLDER,1,2010-11-29 17:35:00,2.95,13955.0,United Kingdom
Year 2009-2010,536049,22652,TRAVEL SEWING KIT,10,2010-11-30 09:44:00,1.65,15382.0,United Kingdom
Year 2009-2010,536183,21035,SET/2 RED RETROSPOT TEA TOWELS ,200,2010-11-30 12:28:00,2.55,13802.0,United Kingdom
Year 2009-2010,536184,20974,12 PENCILS SMALL TUBE SKULL,2,2010-11-30 12:28:00,0.65,17889.0,United Kingdom
Year 2009-2010,536191,22569,FELTCRAFT CUSHION BUTTERFLY,4,2010-11-30 12:46:00,3.75,13890.0,United Kingdom
Year 2009-2010,536241,22625,RED KITCHEN SCALES,4,2010-11-30 14:35:00,8.5,12471.0,Germany
Year 2009-2010,536367,22745,POPPY'S PLAYHOUSE BEDROOM ,6,2010-12-01 08:34:00,2.1,13047.0,United Kingdom
Year 2009-2010,536389,22727,ALARM CLOCK BAKELIKE RED ,4,2010-12-01 10:03:00,3.75,12431.0,Australia
Year 2009-2010,536406,37370,RETRO COFFEE MUGS ASSORTED,6,2010-12-01 11:33:00,1.06,17850.0,United Kingdom
Year 2009-2010,536409,22198,LARGE POPCORN HOLDER ,1,2010-12-01 11:45:00,1.65,17908.0,United Kingdom
Year 2009-2010,536412,21738,COSY SLIPPER SHOES SMALL  RED ,1,2010-12-01 11:49:00,2.95,17920.0,United Kingdom
Year 2009-2010,536551,22111,SCOTTIE DOG HOT WATER BOTTLE,1,2010-12-01 14:34:00,4.95,17346.0,United Kingdom
Year 2009-2010,536591,21643,ASSORTED TUTTI FRUTTI MIRROR,3,2010-12-01 16:57:00,1.25,14606.0,United Kingdom
Year 2009-2010,536607,22365,DOORMAT RESPECTABLE HOUSE,2,2010-12-02 09:29:00,7.95,17732.0,United Kingdom
Year 2009-2010,536629,22632,HAND WARMER RED POLKA DOT,6,2010-12-02 10:55:00,1.85,17850.0,United Kingdom
Year 2009-2010,536632,22924,FRIDGE MAGNETS LA VIE EN ROSE,12,2010-12-02 11:02:00,0.85,14388.0,United Kingdom
Year 2009-2010,C536734,22780,LIGHT GARLAND BUTTERFILES PINK,-4,2010-12-02 12:50:00,4.25,16042.0,United Kingdom
Year 2009-2010,536819,22328,ROUND SNACK BOXES SET OF 4 FRUITS ,12,2010-12-02 17:12:00,2.95,13402.0,United Kingdom
Year 2009-2010,536837,22633,HAND WARMER UNION JACK,4,2010-12-02 18:15:00,2.1,14395.0,United Kingdom
Year 2009-2010,536846,22625,RED KITCHEN SCALES,1,2010-12-02 19:59:00,8.5,14573.0,United Kingdom
Year 2009-2010,536876,22760,"TRAY, BREAKFAST IN BED",2,2010-12-03 11:36:00,25.49,,United Kingdom
Year 2009-2010,536957,22569,FELTCRAFT CUSHION BUTTERFLY,12,2010-12-03 12:43:00,3.75,17809.0,United Kingdom
Year 2009-2010,537042,21259,VICTORIAN SEWING BOX SMALL ,1,2010-12-05 10:45:00,5.95,13838.0,United Kingdom
Year 2009-2010,537044,22947,WOODEN ADVENT CALENDAR RED,2,2010-12-05 10:52:00,16.95,18055.0,United Kingdom
Year 2009-2010,537047,22630,DOLLY GIRL LUNCH BOX,1,2010-12-05 11:02:00,1.95,13069.0,United Kingdom
Year 2009-2010,537054,21871,SAVE THE PLANET MUG,4,2010-12-05 11:40:00,1.25,16931.0,United Kingdom
Year 2009-2010,537111,82482,WOODEN PICTURE FRAME WHITE FINISH,2,2010-12-05 12:08:00,2.55,14810.0,United Kingdom
Year 2009-2010,537126,22918,HERB MARKER PARSLEY,2,2010-12-05 12:13:00,0.65,18118.0,United Kingdom
Year 2009-2010,537128,21445,12 PINK ROSE PEG PLACE SETTINGS,4,2010-12-05 12:15:00,1.25,12841.0,United Kingdom
Year 2009-2010,537137,85130D,BEADED CRYSTAL HEART PINK LARGE,5,2010-12-05 12:43:00,1.65,16327.0,United Kingdom
Year 2009-2010,537155,85179A,GREEN BITTY LIGHT CHAIN,2,2010-12-05 13:05:00,4.65,12748.0,United Kingdom
Year 2009-2010,537197,22843,BISCUIT TIN VINTAGE GREEN,2,2010-12-05 14:02:00,6.75,12647.0,Germany
Year 2009-2010,537209,82616C,MIDNIGHT GLAMOUR SCARF KNITTING KIT,1,2010-12-05 15:12:00,2.95,14606.0,United Kingdom
Year 2009-2010,537222,21385,IVORY HANGING DECORATION  HEART,1,2010-12-05 16:00:00,0.85,14404.0,United Kingdom
Year 2009-2010,537240,22616,PACK OF 12 LONDON TISSUES ,2,2010-12-06 10:08:00,0.85,,United Kingdom
Year 2009-2010,537244,21790,VINTAGE SNAP CARDS,72,2010-12-06 10:20:00,0.72,17674.0,United Kingdom
Year 2009-2010,537256,85049E,SCANDINAVIAN REDS RIBBONS,12,2010-12-06 11:06:00,1.25,16210.0,United Kingdom
Year 2009-2010,537312,21874,GIN AND TONIC MUG,12,2010-12-06 11:42:00,1.25,14189.0,United Kingdom
Year 2009-2010,537369,21080,SET/20 RED RETROSPOT PAPER NAPKINS ,1,2010-12-06 12:41:00,0.85,17860.0,United Kingdom
Year 2009-2010,537374,22634,CHILDS BREAKFAST SET SPACEBOY ,1,2010-12-06 12:55:00,9.95,17259.0,United Kingdom
Year 2009-2010,537387,71053,WHITE METAL LANTERN,4,2010-12-06 13:34:00,3.75,13468.0,United Kingdom
Year 2009-2010,537422,22909,SET OF 20 VINTAGE CHRISTMAS NAPKINS,1,2010-12-06 15:27:00,0.85,17812.0,United Kingdom
Year 2009-2010,537434,DOT,DOTCOM POSTAGE,1,2010-12-06 16:57:00,950.99,,United Kingdom
Year 2009-2010,537464,21484,CHICK GREY HOT WATER BOTTLE,4,2010-12-07 10:14:00,3.45,14907.0,United Kingdom
Year 2009-2010,C537602,22197,SMALL POPCORN HOLDER,-1,2010-12-07 12:45:00,0.72,17511.0,United Kingdom
Year 2009-2010,537604,85123A,WHITE HANGING HEART T-LIGHT HOLDER,32,2010-12-07 13:01:00,2.55,13488.0,United Kingdom
Year 2009-2010,537622,22616,PACK OF 12 LONDON TISSUES ,12,2010-12-07 14:30:00,0.29,13173.0,United Kingdom
Year 2009-2010,537632,PLATFORMFEE,PLATFORM FEE,1,2010-12-07 15:08:00,13541.33,,United Kingdom
Year 2009-2010,537638,85152,HAND OVER THE CHOCOLATE   SIGN ,2,2010-12-07 15:28:00,4.21,,United Kingdom
Year 2009-2010,537643,DOT,DOTCOM POSTAGE,1,2010-12-07 15:34:00,593.15,,United Kingdom
Year 2009-2010,537646,21114,LAVENDER SCENTED FABRIC HEART,5,2010-12-07 15:39:00,1.25,17591.0,United Kingdom
Year 2009-2010,C537651,PLATFORMFEE,PLATFORM FEE,-1,2010-12-07 15:49:00,13541.33,,United Kingdom
Year 2009-2010,537671,22726,ALARM CLOCK BAKELIKE GREEN,4,2010-12-08 09:20:00,3.75,13267.0,United Kingdom
Year 2009-2010,537683,21218,RED SPOTTY BISCUIT TIN,6,2010-12-08 10:14:00,3.75,12921.0,United Kingdom
Year 2009-2010,537754,21621,VINTAGE UNION JACK BUNTING,1,2010-12-08 11:16:00,8.5,16081.0,United Kingdom
Year 2009-2010,537793,20718,RED RETROSPOT SHOPPER BAG,3,2010-12-08 12:57:00,1.25,15032.0,United Kingdom
Year 2009-2010,537804,72130,COLUMBIAN CANDLE ROUND,6,2010-12-08 13:17:00,0.65,12748.0,United Kingdom
Year 2009-2010,537822,22197,SMALL POPCORN HOLDER,24,2010-12-08 14:22:00,0.85,13523.0,United Kingdom
Year 2009-2010,537851,22646,CERAMIC STRAWBERRY CAKE MONEY BANK,72,2010-12-08 15:39:00,1.25,13758.0,United Kingdom
Year 2009-2010,537852,20668,DISCO BALL CHRISTMAS DECORATION,144,2010-12-08 15:56:00,0.12,17340.0,United Kingdom
Year 2009-2010,C537860,22295,HEART FILIGREE DOVE LARGE,-12,2010-12-08 16:15:00,1.65,16252.0,United Kingdom
Year 2009-2010,C537860,21624,VINTAGE UNION JACK DOORSTOP,-3,2010-12-08 16:15:00,5.95,16252.0,United Kingdom
Year 2009-2010,538008,22973,CHILDREN'S CIRCUS PARADE MUG,12,2010-12-09 12:17:00,1.65,12683.0,France
Year 2009-2010,538015,85169B,BLACK LOVE BIRD CANDLE,3,2010-12-09 12:49:00,1.25,13240.0,United Kingdom
Year 2009-2010,538035,22909,SET OF 20 VINTAGE CHRISTMAS NAPKINS,1,2010-12-09 13:03:00,0.85,16065.0,United Kingdom
Year 2009-2010,538040,21703,BAG 125g SWIRLY MARBLES,4,2010-12-09 13:08:00,0.42,16520.0,United Kingdom
Year 2009-2010,538051,22600,CHRISTMAS RETROSPOT STAR WOOD,5,2010-12-09 13:24:00,0.85,18041.0,United Kingdom
Year 2009-2010,538056,90151,SILVER/NATURAL SHELL NECKLACE,4,2010-12-09 13:34:00,8.5,17198.0,United Kingdom
Year 2009-2010,538065,20724,RED RETROSPOT CHARLOTTE BAG,10,2010-12-09 13:57:00,0.85,13982.0,United Kingdom
Year 2009-2010,538069,22910,PAPER CHAIN KIT VINTAGE CHRISTMAS,7,2010-12-09 14:08:00,2.95,16795.0,United Kingdom
Year 2009-2010,538086,22405,MONEY BOX POCKET MONEY DESIGN,3,2010-12-09 14:44:00,1.25,12872.0,United Kingdom
Year 2009-2010,538086,85152,HAND OVER THE CHOCOLATE   SIGN ,4,2010-12-09 14:44:00,2.1,12872.0,United Kingdom
Year 2009-2010,538108,22595,CHRISTMAS GINGHAM HEART,12,2010-12-09 15:23:00,0.85,17456.0,United Kingdom
Year 2009-2010,538145,85032C,CURIOUS IMAGES GIFT WRAP SET,6,2010-12-09 16:08:00,2.1,15211.0,United Kingdom
Year 2010-2011,536374,21258,VICTORIAN SEWING BOX LARGE,32,2010-12-01 09:09:00,10.95,15100.0,United Kingdom
Year 2010-2011,536412,22077,6 RIBBONS RUSTIC CHARM,7,2010-12-01 11:49:00,1.65,17920.0,United Kingdom
Year 2010-2011,536464,22619,SET OF 6 SOLDIER SKITTLES,1,2010-12-01 12:23:00,3.75,17968.0,United Kingdom
Year 2010-2011,536528,22812,PACK 3 BOXES CHRISTMAS PANNETONE,3,2010-12-01 13:17:00,1.95,15525.0,United Kingdom
Year 2010-2011,536539,21625,VINTAGE UNION JACK APRON,3,2010-12-01 14:03:00,6.95,15165.0,United Kingdom
Year 2010-2011,536544,22580,ADVENT CALENDAR GINGHAM SACK,1,2010-12-01 14:32:00,11.87,,United Kingdom
Year 2010-2011,536557,22941,CHRISTMAS LIGHTS 10 REINDEER,1,2010-12-01 14:41:00,8.5,17841.0,United Kingdom
Year 2010-2011,536569,22572,ROCKING HORSE GREEN CHRISTMAS ,1,2010-12-01 15:35:00,0.85,16274.0,United Kingdom
Year 2010-2011,536607,22365,DOORMAT RESPECTABLE HOUSE,2,2010-12-02 09:29:00,7.95,17732.0,United Kingdom
Year 2010-2011,536620,21062,PARTY INVITES SPACEMAN,12,2010-12-02 10:27:00,0.85,14135.0,United Kingdom
Year 2010-2011,536627,22778,GLASS BELL JAR SMALL,4,2010-12-02 10:53:00,3.95,15658.0,United Kingdom
Year 2010-2011,536743,21918,SET 12 KIDS COLOUR  CHALK STICKS,1,2010-12-02 13:32:00,0.42,17964.0,United Kingdom
Year 2010-2011,536754,20967,GREY FLORAL FELTCRAFT SHOULDER BAG,2,2010-12-02 14:09:00,3.75,14449.0,United Kingdom
Year 2010-2011,536779,BANK CHARGES,Bank Charges,1,2010-12-02 15:08:00,15.0,15823.0,United Kingdom
Year 2010-2011,536783,20719,WOODLAND CHARLOTTE BAG,100,2010-12-02 15:19:00,0.72,15061.0,United Kingdom
Year 2010-2011,536798,21877,HOME SWEET HOME MUG,6,2010-12-02 15:55:00,1.25,17838.0,United Kingdom
Year 2010-2011,536819,22667,RECIPE BOX RETROSPOT ,6,2010-12-02 17:12:00,2.95,13402.0,United Kingdom
Year 2010-2011,C536825,22197,SMALL POPCORN HOLDER,-2,2010-12-02 17:27:00,0.85,15384.0,United Kingdom
Year 2010-2011,C536828,84946,ANTIQUE SILVER TEA GLASS ETCHED,-3,2010-12-02 17:35:00,1.25,14264.0,United Kingdom
Year 2010-2011,536857,85123A,WHITE HANGING HEART T-LIGHT HOLDER,2,2010-12-03 10:33:00,2.95,16883.0,United Kingdom
Year 2010-2011,536876,22248,DECORATION  PINK CHICK MAGIC GARDEN,1,2010-12-03 11:36:00,1.66,,United Kingdom
Year 2010-2011,536975,21888,BINGO SET,4,2010-12-03 14:04:00,3.75,14911.0,EIRE
Year 2010-2011,536980,22866,HAND WARMER SCOTTY DOG DESIGN,20,2010-12-03 14:26:00,2.1,17819.0,United Kingdom
Year 2010-2011,536987,21928,JUMBO BAG SCANDINAVIAN PAISLEY,1,2010-12-03 14:54:00,1.95,17198.0,United Kingdom
Year 2010-2011,537022,79337,BLUE FLOCK GLASS CANDLEHOLDER,6,2010-12-03 15:45:00,1.65,12725.0,Italy
Year 2010-2011,537034,21843,RED RETROSPOT CAKE STAND,2,2010-12-03 17:20:00,10.95,13081.0,United Kingdom
Year 2010-2011,537047,22595,CHRISTMAS GINGHAM HEART,10,2010-12-05 11:02:00,0.85,13069.0,United Kingdom
Year 2010-2011,537047,20725,LUNCH BAG RED RETROSPOT,10,2010-12-05 11:02:00,1.65,13069.0,United Kingdom
Year 2010-2011,537126,22750,FELTCRAFT PRINCESS LOLA DOLL,1,2010-12-05 12:13:00,3.75,18118.0,United Kingdom
Year 2010-2011,537195,21258,VICTORIAN SEWING BOX LARGE,8,2010-12-05 13:55:00,10.95,15311.0,United Kingdom
Year 2010-2011,537199,22156,HEART DECORATION WITH PEARLS ,1,2010-12-05 14:06:00,0.85,15894.0,United Kingdom
Year 2010-2011,537218,22984,CARD GINGHAM ROSE ,12,2010-12-05 15:46:00,0.42,12763.0,Japan
Year 2010-2011,537241,22646,CERAMIC STRAWBERRY CAKE MONEY BANK,12,2010-12-06 10:18:00,1.45,14293.0,United Kingdom
Year 2010-2011,537372,22158,3 HEARTS HANGING DECORATION RUSTIC,5,2010-12-06 12:52:00,2.95,16919.0,United Kingdom
Year 2010-2011,537399,21328,BALLOONS  WRITING SET ,3,2010-12-06 14:31:00,1.65,13030.0,United Kingdom
Year 2010-2011,537405,22763,KEY CABINET MA CAMPAGNE,1,2010-12-06 14:51:00,9.95,17841.0,United Kingdom
Year 2010-2011,537415,22625,RED KITCHEN SCALES,3,2010-12-06 15:09:00,8.5,16654.0,United Kingdom
Year 2010-2011,537418,22086,PAPER CHAIN KIT 50'S CHRISTMAS ,1,2010-12-06 15:13:00,2.95,17884.0,United Kingdom
Year 2010-2011,537434,22493,PAINT YOUR OWN CANVAS SET,2,2010-12-06 16:57:00,3.36,,United Kingdom
Year 2010-2011,537459,22855,FINE WICKER HEART ,12,2010-12-07 09:57:00,1.25,17470.0,United Kingdom
Year 2010-2011,537603,22158,3 HEARTS HANGING DECORATION RUSTIC,8,2010-12-07 12:49:00,2.95,14673.0,United Kingdom
Year 2010-2011,537623,22800,ANTIQUE TALL SWIRLGLASS TRINKET POT,7,2010-12-07 14:31:00,3.75,15858.0,United Kingdom
Year 2010-2011,537632,PLATFORMFEE,PLATFORM FEE,1,2010-12-07 15:08:00,13541.33,,United Kingdom
Year 2010-2011,537638,22108,PING! MICROWAVE PLATE,1,2010-12-07 15:28:00,3.36,,United Kingdom
Year 2010-2011,537638,85150,LADIES & GENTLEMEN METAL SIGN,1,2010-12-07 15:28:00,5.06,,United Kingdom
Year 2010-2011,C537652,PLATFORMFEE,PLATFORM FEE,-1,2010-12-07 15:51:00,6706.71,,United Kingdom
Year 2010-2011,537692,22294,HEART FILIGREE DOVE  SMALL,4,2010-12-08 10:40:00,1.25,14796.0,United Kingdom
Year 2010-2011,537764,21929,JUMBO BAG PINK VINTAGE PAISLEY,1,2010-12-08 12:06:00,1.95,16893.0,United Kingdom
Year 2010-2011,537773,20725,LUNCH BAG RED RETROSPOT,2,2010-12-08 12:36:00,1.65,16016.0,United Kingdom
Year 2010-2011,537775,15036,ASSORTED COLOURS SILK FAN,12,2010-12-08 12:41:00,0.75,17722.0,United Kingdom
Year 2010-2011,537781,84247E,PACK/12 XMAS FUN CARD,1,2010-12-08 12:46:00,2.95,17341.0,United Kingdom
Year 2010-2011,537818,22899,CHILDREN'S APRON DOLLY GIRL ,6,2010-12-08 13:53:00,2.1,12766.0,Portugal
Year 2010-2011,537823,21804,WHITE CHRISTMAS GARLAND STARS TREES,2,2010-12-08 14:25:00,7.62,,United Kingdom
Year 2010-2011,537823,10135,COLOURING PENCILS BROWN TUBE,3,2010-12-08 14:25:00,2.51,,United Kingdom
Year 2010-2011,537855,21688,SILVER PLATE CANDLE BOWL SMALL,6,2010-12-08 15:59:00,2.95,15996.0,United Kingdom
Year 2010-2011,537855,22574,HEART WOODEN CHRISTMAS DECORATION,2,2010-12-08 15:59:00,0.85,15996.0,United Kingdom
Year 2010-2011,C537860,84406B,CREAM CUPID HEARTS COAT HANGER,-8,2010-12-08 16:15:00,3.25,16252.0,United Kingdom
Year 2010-2011,537888,21880,RED RETROSPOT TAPE,12,2010-12-09 10:04:00,0.65,15358.0,United Kingdom
Year 2010-2011,538035,21907,I'M ON HOLIDAY METAL SIGN,2,2010-12-09 13:03:00,2.1,16065.0,United Kingdom
Year 2010-2011,C538052,22138,BAKING SET 9 PIECE RETROSPOT ,-1,2010-12-09 13:28:00,4.95,15181.0,United Kingdom
Year 2010-2011,538097,22560,TRADITIONAL MODELLING CLAY,24,2010-12-09 14:56:00,1.25,15192.0,United Kingdom
Year 2010-2011,538183,47021G,SET/6 BEAD COASTERS GAUZE BAG GOLD,12,2010-12-10 10:21:00,1.25,16265.0,United Kingdom
Year 2010-2011,538198,22741,FUNKY DIVA PEN,48,2010-12-10 11:01:00,0.85,17827.0,United Kingdom
Year 2010-2011,538210,21527,RED RETROSPOT TRADITIONAL TEAPOT ,4,2010-12-10 11:44:00,7.95,14256.0,United Kingdom
Year 2010-2011,538250,22084,PAPER CHAIN KIT EMPIRE,1,2010-12-10 12:20:00,2.95,18118.0,United Kingdom
Year 2010-2011,538343,22494,EMERGENCY FIRST AID TIN ,12,2010-12-10 14:29:00,1.25,13448.0,United Kingdom
Year 2010-2011,538365,22932,BAKING MOULD TOFFEE CUP CHOCOLATE,8,2010-12-12 10:11:00,2.55,17243.0,United Kingdom
Year 2010-2011,538437,22469,HEART OF WICKER SMALL,5,2010-12-12 12:18:00,1.65,16010.0,United Kingdom
Year 2010-2011,538514,21756,BATH BUILDING BLOCK WORD,1,2010-12-12 14:27:00,5.95,15044.0,United Kingdom
Year 2010-2011,538524,22601,CHRISTMAS RETROSPOT ANGEL WOOD,1,2010-12-13 09:35:00,1.66,,United Kingdom
Year 2010-2011,538593,22710,WRAP I LOVE LONDON ,50,2010-12-13 11:51:00,0.42,16701.0,United Kingdom
Year 2010-2011,538626,84030E,ENGLISH ROSE HOT WATER BOTTLE,6,2010-12-13 12:57:00,4.25,17338.0,United Kingdom
Year 2010-2011,538629,21615,4 LAVENDER BOTANICAL DINNER CANDLES,2,2010-12-13 13:10:00,3.75,17799.0,United Kingdom
Year 2010-2011,538636,22839,3 TIER CAKE TIN GREEN AND CREAM,1,2010-12-13 13:50:00,14.95,14639.0,United Kingdom
Year 2010-2011,538636,21534,DAIRY MAID LARGE MILK JUG,3,2010-12-13 13:50:00,4.95,14639.0,United Kingdom
Year 2010-2011,538638,21817,GLITTER CHRISTMAS TREE,3,2010-12-13 14:16:00,0.85,17231.0,United Kingdom
Year 2010-2011,538660,82582,AREA PATROLLED METAL SIGN,12,2010-12-13 15:37:00,2.1,15808.0,United Kingdom
Year 2010-2011,538689,21314,SMALL GLASS HEART TRINKET POT,8,2010-12-14 09:52:00,2.1,13050.0,United Kingdom
Year 2010-2011,C538834,22618,COOKING SET RETROSPOT,-1,2010-12-14 13:06:00,9.95,14415.0,United Kingdom
Year 2010-2011,538839,82486,WOOD S/3 CABINET ANT WHITE FINISH,1,2010-12-14 13:10:00,7.95,14606.0,United Kingdom
Year 2010-2011,538890,21494,ROTATING LEAVES T-LIGHT HOLDER,14,2010-12-14 16:39:00,1.25,12867.0,United Kingdom
Year 2010-2011,538896,20914,SET/5 RED RETROSPOT LID GLASS BOWLS,6,2010-12-15 09:09:00,2.95,16145.0,United Kingdom
Year 2010-2011,538968,22029,SPACEBOY BIRTHDAY CARD,12,2010-12-15 11:34:00,0.42,15384.0,United Kingdom
Year 2010-2011,538998,48184,DOORMAT ENGLISH ROSE ,10,2010-12-15 12:08:00,6.75,15061.0,United Kingdom
Year 2010-2011,539088,22629,SPACEBOY LUNCH BOX ,24,2010-12-16 09:45:00,1.95,13093.0,United Kingdom
Year 2010-2011,539112,84356,POMPOM CURTAIN,12,2010-12-16 11:15:00,1.95,13468.0,United Kingdom
Year 2010-2011,539215,22727,ALARM CLOCK BAKELIKE RED ,1,2010-12-16 12:42:00,3.75,15574.0,United Kingdom
Year 2010-2011,C539301,22457,NATURAL SLATE HEART CHALKBOARD ,-12,2010-12-16 17:33:00,2.95,13496.0,United Kingdom
Year 2010-2011,539317,21389,IVORY HANGING DECORATION  BIRD,1,2010-12-16 19:04:00,0.85,17392.0,United Kingdom
Year 2010-2011,539325,22620,4 TRADITIONAL SPINNING TOPS,12,2010-12-17 08:20:00,1.25,13004.0,United Kingdom
Year 2010-2011,539338,22758,LARGE PURPLE BABUSHKA NOTEBOOK  ,12,2010-12-17 10:54:00,1.25,17404.0,Sweden
Year 2010-2011,539405,22973,CHILDREN'S CIRCUS PARADE MUG,12,2010-12-17 12:38:00,1.65,12621.0,Germany
Year 2010-2011,539421,C2,CARRIAGE,1,2010-12-17 14:21:00,50.0,14016.0,EIRE
Year 2010-2011,539436,84947,ANTIQUE SILVER TEA GLASS ENGRAVED,4,2010-12-17 14:49:00,2.51,,United Kingdom
Year 2010-2011,539457,M,Manual,2,2010-12-17 17:24:00,1.0,,United Kingdom
Year 2010-2011,539492,gift_0001_40,Dotcomgiftshop Gift Voucher £40.00,1,2010-12-20 10:14:00,34.04,,United Kingdom
Year 2010-2011,539590,85123A,WHITE HANGING HEART T-LIGHT HOLDER,32,2010-12-20 13:21:00,2.55,14733.0,United Kingdom
Year 2010-2011,539595,22456,NATURAL SLATE CHALKBOARD LARGE ,1,2010-12-20 13:43:00,10.17,,United Kingdom
Year 2010-2011,539631,22086,PAPER CHAIN KIT 50'S CHRISTMAS ,2,2010-12-20 15:03:00,5.91,,United Kingdom
Year 2010-2011,539647,21871,SAVE THE PLANET MUG,1,2010-12-20 16:08:00,1.25,15460.0,United Kingdom
Year 2010-2011,539730,22804,CANDLEHOLDER PINK HANGING HEART,6,2010-12-21 14:54:00,2.95,13487.0,United Kingdom
Year 2010-2011,539736,m,Manual,1,2010-12-21 15:18:00,2.55,,United Kingdom
Year 2010-2011,539737,22502,PICNIC BASKET WICKER SMALL,2,2010-12-21 15:19:00,8.47,,United Kingdom
Year 2010-2011,C539945,22665,RECIPE BOX BLUE SKETCHBOOK DESIGN,-3,2010-12-23 11:40:00,2.95,17069.0,United Kingdom
Year 2010-2011,539958,gift_0001_50,Dotcomgiftshop Gift Voucher £50.00,1,2010-12-23 13:26:00,42.55,,United Kingdom
Year 2010-2011,540031,22147,FELTCRAFT BUTTERFLY HEARTS,1,2011-01-04 13:50:00,1.45,17975.0,United Kingdom
Year 2010-2011,540099,22727,ALARM CLOCK BAKELIKE RED ,3,2011-01-04 16:41:00,3.75,15808.0,United Kingdom
Year 2010-2011,C540117,PLATFORMFEE,PLATFORM FEE,-1,2011-01-05 09:55:00,16888.02,,United Kingdom
Year 2010-2011,540163,84992,72 SWEETHEART FAIRY CAKE CASES,24,2011-01-05 11:52:00,0.55,13089.0,United Kingdom
Year 2010-2011,540187,22965,3 TRADITIONAl BISCUIT CUTTERS  SET,6,2011-01-05 13:53:00,2.1,15358.0,United Kingdom
Year 2010-2011,540238,gift_0001_20,Dotcomgiftshop Gift Voucher £20.00,1,2011-01-05 14:44:00,17.02,,United Kingdom
Year 2010-2011,540238,gift_0001_30,Dotcomgiftshop Gift Voucher £30.00,1,2011-01-05 14:44:00,25.53,,United Kingdom
Year 2010-2011,540247,20752,BLUE POLKADOT WASHING UP GLOVES,2,2011-01-05 15:56:00,2.1,15464.0,United Kingdom
Year 2010-2011,540260,21259,VICTORIAN SEWING BOX SMALL ,4,2011-01-06 09:40:00,5.95,13097.0,United Kingdom
Year 2010-2011,540268,22318,FIVE HEART HANGING DECORATION,12,2011-01-06 11:25:00,2.95,13458.0,United Kingdom
Year 2010-2011,540277,85123A,WHITE HANGING HEART T-LIGHT HOLDER,32,2011-01-06 12:18:00,2.55,14258.0,United Kingdom
Year 2010-2011,540355,22834,HAND WARMER BABUSHKA DESIGN,4,2011-01-06 15:11:00,5.06,,United Kingdom
Year 2010-2011,540365,22504,CABIN BAG VINTAGE RETROSPOT,1,2011-01-06 16:12:00,29.95,12413.0,France
Year 2010-2011,540372,20679,EDWARDIAN PARASOL RED,3,2011-01-06 16:41:00,5.95,13081.0,United Kingdom
Year 2010-2011,C540417,20712,JUMBO BAG WOODLAND ANIMALS,-30,2011-01-07 10:56:00,1.95,13680.0,United Kingdom
Year 2010-2011,540457,22783,SET 3 WICKER OVAL BASKETS W LIDS,4,2011-01-07 12:26:00,7.95,14217.0,United Kingdom
Year 2010-2011,540458,21447,12 IVORY ROSE PEG PLACE SETTINGS,12,2011-01-07 12:28:00,1.25,12501.0,Germany
Year 2010-2011,540473,84992,72 SWEETHEART FAIRY CAKE CASES,4,2011-01-07 14:31:00,0.55,17284.0,United Kingdom
Year 2010-2011,540509,22899,CHILDREN'S APRON DOLLY GIRL ,5,2011-01-09 11:27:00,2.1,14800.0,United Kingdom
Year 2010-2011,540511,22577,WOODEN HEART CHRISTMAS SCANDINAVIAN,7,2011-01-09 11:34:00,0.85,14472.0,United Kingdom
Year 2010-2011,540511,21755,LOVE BUILDING BLOCK WORD,1,2011-01-09 11:34:00,5.95,14472.0,United Kingdom
Year 2010-2011,540531,20718,RED RETROSPOT SHOPPER BAG,1,2011-01-09 14:03:00,1.25,16549.0,United Kingdom
Year 2010-2011,C540535,20724,RED RETROSPOT CHARLOTTE BAG,-1,2011-01-09 14:17:00,0.85,15005.0,United Kingdom
Year 2010-2011,540550,21625,VINTAGE UNION JACK APRON,3,2011-01-10 09:11:00,6.95,12539.0,Spain
Year 2010-2011,540551,21555,CERAMIC STRAWBERRY TRINKET TRAY,3,2011-01-10 09:43:00,2.51,,United Kingdom
Year 2010-2011,540644,21870,I CAN ONLY PLEASE ONE PERSON MUG,12,2011-01-10 14:16:00,1.25,16303.0,United Kingdom
Year 2010-2011,540647,37446,MINI CAKE STAND WITH HANGING CAKES,1,2011-01-10 14:57:00,1.45,17406.0,United Kingdom
Year 2010-2011,540798,47566,PARTY BUNTING,1,2011-01-11 12:11:00,4.65,17365.0,United Kingdom
Year 2010-2011,540839,20914,SET/5 RED RETROSPOT LID GLASS BOWLS,1,2011-01-11 15:42:00,2.95,16791.0,United Kingdom
Year 2010-2011,540848,20770,ABSTRACT CIRCLE JOURNAL ,1,2011-01-12 09:26:00,2.51,,United Kingdom
Year 2010-2011,540906,22560,TRADITIONAL MODELLING CLAY,48,2011-01-12 11:51:00,1.06,16701.0,United Kingdom
Year 2010-2011,540995,gift_0001_20,Dotcomgiftshop Gift Voucher £20.00,1,2011-01-13 09:30:00,16.67,,United Kingdom
Year 2010-2011,541006,21755,LOVE BUILDING BLOCK WORD,6,2011-01-13 10:43:00,5.95,13993.0,United Kingdom
Year 2010-2011,541014,20828,GLITTER BUTTERFLY CLIPS,3,2011-01-13 11:54:00,2.55,14085.0,United Kingdom
Year 2010-2011,541015,37448,CERAMIC CAKE DESIGN SPOTTED MUG,12,2011-01-13 11:57:00,1.49,16315.0,United Kingdom
Year 2010-2011,541038,22228,BUNNY WOODEN PAINTED WITH BIRD ,3,2011-01-13 12:10:00,0.85,16395.0,United Kingdom
Year 2010-2011,541088,22983,CARD BILLBOARD FONT,12,2011-01-13 12:41:00,0.42,15513.0,United Kingdom
Year 2010-2011,C541092,22700,BLACK AND WHITE DOG BOWL,-6,2011-01-13 12:56:00,0.85,13473.0,United Kingdom
Year 2010-2011,541094,10002,INFLATABLE POLITICAL GLOBE ,11,2011-01-13 13:36:00,0.85,13246.0,United Kingdom
Year 2010-2011,541123,85187,S/12 MINI RABBIT EASTER,6,2011-01-14 09:52:00,1.65,13385.0,United Kingdom
Year 2010-2011,541286,21531,RED RETROSPOT SUGAR JAM BOWL,2,2011-01-17 13:08:00,2.55,13982.0,United Kingdom
Year 2010-2011,541421,22430,ENAMEL WATERING CAN CREAM,1,2011-01-17 17:44:00,9.96,,United Kingdom
Year 2010-2011,541505,BANK CHARGES,Bank Charges,1,2011-01-18 15:58:00,15.0,15939.0,United Kingdom
Year 2010-2011,541522,21355,TOAST ITS - I LOVE YOU ,12,2011-01-19 09:54:00,1.25,17419.0,United Kingdom
Year 2010-2011,541564,22433,WATERING CAN GREEN DINOSAUR,2,2011-01-19 11:38:00,1.95,16904.0,United Kingdom
Year 2010-2011,541570,21559,STRAWBERRY LUNCH BOX WITH CUTLERY,60,2011-01-19 12:34:00,2.1,14646.0,Netherlands
Year 2010-2011,541696,90161C,ANT COPPER LIME BOUDICCA BRACELET,1,2011-01-20 18:08:00,4.98,,United Kingdom
Year 2010-2011,541698,21930,JUMBO STORAGE BAG SKULLS,2,2011-01-20 19:16:00,1.95,14713.0,United Kingdom
Year 2010-2011,541756,84997C,BLUE 3 PIECE POLKADOT CUTLERY SET,48,2011-01-21 11:42:00,3.75,12664.0,Finland
Year 2010-2011,541756,84997A,GREEN 3 PIECE POLKADOT CUTLERY SET,36,2011-01-21 11:42:00,3.75,12664.0,Finland
Year 2010-2011,541795,22749,FELTCRAFT PRINCESS CHARLOTTE DOLL,2,2011-01-21 13:47:00,3.75,14692.0,United Kingdom
Year 2010-2011,541827,22279,POCKET BAG BLUE PAISLEY RED SPOT,13,2011-01-21 17:05:00,0.83,,United Kingdom
Year 2010-2011,541838,22078,RIBBON REEL LACE DESIGN ,5,2011-01-23 10:43:00,2.1,12916.0,United Kingdom
Year 2010-2011,541849,20973,12 PENCIL SMALL TUBE WOODLAND,2,2011-01-23 13:34:00,0.65,13230.0,United Kingdom
Year 2010-2011,541864,20914,SET/5 RED RETROSPOT LID GLASS BOWLS,32,2011-01-23 16:17:00,2.55,13798.0,United Kingdom
Year 2010-2011,541880,20723,STRAWBERRY CHARLOTTE BAG,20,2011-01-24 10:38:00,0.85,13819.0,United Kingdom
Year 2010-2011,542000,47566B,TEA TIME PARTY BUNTING,5,2011-01-25 10:49:00,4.65,14257.0,United Kingdom
Year 2010-2011,542103,22933,BAKING MOULD EASTER EGG MILK CHOC,6,2011-01-25 13:26:00,2.95,13198.0,United Kingdom
Year 2010-2011,542107,22822,CREAM WALL PLANTER HEART SHAPED,2,2011-01-25 13:38:00,5.95,16222.0,United Kingdom
Year 2010-2011,542152,22386,JUMBO BAG PINK POLKADOT,10,2011-01-26 10:33:00,1.95,13534.0,United Kingdom
Year 2010-2011,542227,21314,SMALL GLASS HEART TRINKET POT,8,2011-01-26 13:33:00,2.1,14243.0,United Kingdom
Year 2010-2011,542344,22460,EMBOSSED GLASS TEALIGHT HOLDER,2,2011-01-27 11:30:00,2.46,,United Kingdom
Year 2010-2011,542347,22669,RED BABY BUNTING ,5,2011-01-27 12:06:00,2.95,12826.0,United Kingdom
Year 2010-2011,542351,84520B,PACK 20 ENGLISH ROSE PAPER NAPKINS,12,2011-01-27 12:13:00,0.85,14560.0,United Kingdom
Year 2010-2011,542373,22960,JAM MAKING SET WITH JARS,12,2011-01-27 13:38:00,3.75,16767.0,United Kingdom
Year 2010-2011,542373,22967,SET 3 SONG BIRD PAPER EGGS ASSORTED,6,2011-01-27 13:38:00,2.95,16767.0,United Kingdom
Year 2010-2011,542398,90016B,GOLD/M.O.P PENDANT ORBIT NECKLACE,1,2011-01-27 15:36:00,8.5,13174.0,United Kingdom
Year 2010-2011,542399,21947,SET OF 6 HEART CHOPSTICKS,2,2011-01-27 15:38:00,1.25,15549.0,United Kingdom
Year 2010-2011,542420,21213,PACK OF 72 SKULL CAKE CASES,2,2011-01-27 18:05:00,0.55,17180.0,United Kingdom
Year 2010-2011,542521,22328,ROUND SNACK BOXES SET OF 4 FRUITS ,3,2011-01-28 12:28:00,2.95,17965.0,United Kingdom
Year 2010-2011,542607,84947,ANTIQUE SILVER TEA GLASS ENGRAVED,4,2011-01-30 13:48:00,1.25,13148.0,United Kingdom
Year 2010-2011,542616,21135,VICTORIAN  METAL POSTCARD SPRING,8,2011-01-30 15:40:00,1.69,16816.0,United Kingdom
Year 2010-2011,542622,22624,IVORY KITCHEN SCALES,1,2011-01-31 09:09:00,16.63,,United Kingdom
Year 2010-2011,542662,21791,VINTAGE HEADS AND TAILS CARD GAME ,12,2011-01-31 12:10:00,1.25,18145.0,United Kingdom
Year 2010-2011,542713,21137,BLACK RECORD COVER FRAME,4,2011-01-31 13:27:00,3.75,12668.0,Germany
Year 2010-2011,542898,22083,PAPER CHAIN KIT RETROSPOT,1,2011-02-01 14:01:00,2.95,16110.0,United Kingdom
Year 2010-2011,C542913,21041,RED RETROSPOT OVEN GLOVE DOUBLE,-1,2011-02-01 15:57:00,2.95,16779.0,United Kingdom
Year 2010-2011,542921,22379,RECYCLING BAG RETROSPOT ,100,2011-02-02 07:58:00,1.85,15838.0,United Kingdom
Year 2010-2011,543020,22630,DOLLY GIRL LUNCH BOX,2,2011-02-02 14:29:00,1.95,15005.0,United Kingdom
Year 2010-2011,543021,79000,MOROCCAN TEA GLASS,12,2011-02-02 14:36:00,0.85,15421.0,United Kingdom
Year 2010-2011,543040,20725,LUNCH BAG RED RETROSPOT,3,2011-02-02 17:06:00,1.65,17337.0,United Kingdom
Year 2010-2011,543108,22072,RED RETROSPOT TEA CUP AND SAUCER ,6,2011-02-03 12:37:00,3.75,14085.0,United Kingdom
Year 2010-2011,543111,22629,SPACEBOY LUNCH BOX ,2,2011-02-03 12:44:00,1.95,15719.0,United Kingdom
Year 2010-2011,543111,82581,TOILET METAL SIGN,1,2011-02-03 12:44:00,0.55,15719.0,United Kingdom
Year 2010-2011,543113,22708,WRAP DOLLY GIRL,25,2011-02-03 13:06:00,0.42,13047.0,United Kingdom
Year 2010-2011,543129,48194,DOORMAT HEARTS,2,2011-02-03 15:02:00,7.95,14540.0,United Kingdom
Year 2010-2011,543165,22195,LARGE HEART MEASURING SPOONS,1,2011-02-03 19:58:00,1.65,13230.0,United Kingdom
Year 2010-2011,543179,22359,GLASS JAR KINGS CHOICE,1,2011-02-04 10:32:00,2.95,12754.0,Japan
Year 2010-2011,543188,21936,RED RETROSPOT PICNIC BAG,10,2011-02-04 11:45:00,2.95,12567.0,France
Year 2010-2011,543199,22900, SET 2 TEA TOWELS I LOVE LONDON ,6,2011-02-04 12:40:00,2.95,13102.0,United Kingdom
Year 2010-2011,543245,22467,GUMBALL COAT RACK,1,2011-02-04 14:08:00,2.55,16725.0,United Kingdom
Year 2010-2011,543259,84612B,thrown away,-162,2011-02-04 16:07:00,0.0,,United Kingdom
Year 2010-2011,543275,21623,VINTAGE UNION JACK MEMOBOARD,1,2011-02-06 12:49:00,9.95,13584.0,United Kingdom
Year 2010-2011,543300,21041,RED RETROSPOT OVEN GLOVE DOUBLE,1,2011-02-07 11:42:00,2.95,13334.0,United Kingdom
Year 2010-2011,543306,21244,BLUE POLKADOT PLATE ,1,2011-02-07 11:56:00,1.69,16686.0,United Kingdom
Year 2010-2011,543355,22152,PLACE SETTING WHITE STAR,10,2011-02-07 13:50:00,0.42,16033.0,United Kingdom
Year 2010-2011,543367,21181,PLEASE ONE PERSON METAL SIGN,12,2011-02-07 14:33:00,2.1,18225.0,United Kingdom
Year 2010-2011,543392,84978,HANGING HEART JAR T-LIGHT HOLDER,72,2011-02-08 10:15:00,1.06,16839.0,United Kingdom
Year 2010-2011,543466,22482,BLUE TEA TOWEL CLASSIC DESIGN,12,2011-02-08 14:34:00,1.25,16713.0,United Kingdom
Year 2010-2011,543530,84988,SET OF 72 PINK HEART PAPER DOILIES,1,2011-02-09 12:46:00,2.92,,United Kingdom
Year 2010-2011,543542,22706,WRAP COWBOYS  ,25,2011-02-09 15:25:00,0.42,16607.0,United Kingdom
Year 2010-2011,543597,22477,WATERING CAN GARDEN MARKER,10,2011-02-10 12:32:00,1.25,12857.0,United Kingdom
Year 2010-2011,C543605,82486,WOOD S/3 CABINET ANT WHITE FINISH,-4,2011-02-10 14:11:00,8.95,13110.0,United Kingdom
Year 2010-2011,543653,22630,DOLLY GIRL LUNCH BOX,4,2011-02-11 10:26:00,1.95,14796.0,United Kingdom
Year 2010-2011,543808,21212,PACK OF 72 RETROSPOT CAKE CASES,2,2011-02-13 13:22:00,0.55,17454.0,United Kingdom
Year 2010-2011,543822,22893,MINI CAKE STAND T-LIGHT HOLDER,48,2011-02-14 09:24:00,0.42,12507.0,Spain
Year 2010-2011,543907,22937,BAKING MOULD CHOCOLATE CUPCAKES,4,2011-02-14 12:16:00,2.55,17346.0,United Kingdom
Year 2010-2011,543973,22260,FELT EGG COSY BLUE RABBIT ,2,2011-02-14 15:15:00,0.85,17571.0,United Kingdom
Year 2010-2011,543978,20726,LUNCH BAG WOODLAND,3,2011-02-14 15:37:00,1.65,12867.0,United Kingdom
Year 2010-2011,543997,17003,BROCADE RING PURSE ,36,2011-02-15 10:49:00,0.29,17348.0,United Kingdom
Year 2010-2011,544044,22800,ANTIQUE TALL SWIRLGLASS TRINKET POT,4,2011-02-15 12:05:00,3.75,14659.0,United Kingdom
Year 2010-2011,C544049,BANK CHARGES,Bank Charges,-1,2011-02-15 12:39:00,566.37,,United Kingdom
Year 2010-2011,544067,20762,GREEN FERN SKETCHBOOK ,3,2011-02-15 14:02:00,3.75,16431.0,United Kingdom
Year 2010-2011,544082,47422,ASSORTED MONKEY SUCTION CUP HOOK,2,2011-02-15 15:50:00,0.42,,United Kingdom
Year 2010-2011,544089,gift_0001_20,Dotcomgiftshop Gift Voucher £20.00,1,2011-02-15 17:51:00,16.67,,United Kingdom
Year 2010-2011,544094,22382,LUNCH BAG SPACEBOY DESIGN ,10,2011-02-16 09:11:00,1.65,15810.0,United Kingdom
Year 2010-2011,544102,72741,GRAND CHOCOLATECANDLE,9,2011-02-16 10:32:00,1.45,14665.0,United Kingdom
Year 2010-2011,544111,20970,PINK FLORAL FELTCRAFT SHOULDER BAG,12,2011-02-16 11:18:00,3.75,16126.0,United Kingdom
Year 2010-2011,544160,22151,PLACE SETTING WHITE HEART,24,2011-02-16 12:49:00,0.42,16494.0,United Kingdom
Year 2010-2011,544281,POST,POSTAGE,1,2011-02-17 12:23:00,18.0,12500.0,Germany
Year 2010-2011,544286,21407,BROWN CHECK CAT DOORSTOP ,2,2011-02-17 12:29:00,4.25,13151.0,United Kingdom
Year 2010-2011,544353,22845,VINTAGE CREAM CAT FOOD CONTAINER,12,2011-02-18 10:32:00,5.55,18229.0,United Kingdom
Year 2010-2011,544409,22730,ALARM CLOCK BAKELIKE IVORY,4,2011-02-18 13:32:00,3.75,16265.0,United Kingdom
Year 2010-2011,544445,21424,WOODLAND STORAGE BOX LARGE ,2,2011-02-20 10:56:00,2.95,16746.0,United Kingdom
Year 2010-2011,544484,21584,RETROSPOT SMALL TUBE MATCHES,20,2011-02-21 11:10:00,1.65,15321.0,United Kingdom
Year 2010-2011,C544583,S,SAMPLES,-1,2011-02-21 14:48:00,4.59,,United Kingdom
Year 2010-2011,544586,22637,PIGGY BANK RETROSPOT ,4,2011-02-21 15:04:00,2.55,17338.0,United Kingdom
Year 2010-2011,C544587,PLATFORMFEE,PLATFORM FEE,-1,2011-02-21 15:07:00,5575.28,,United Kingdom
Year 2010-2011,C544589,PLATFORMFEE,PLATFORM FEE,-1,2011-02-21 15:11:00,5258.77,,United Kingdom
Year 2010-2011,544607,22993,SET OF 4 PANTRY JELLY MOULDS,12,2011-02-22 10:00:00,1.25,13862.0,United Kingdom
Year 2010-2011,544637,21975,PACK OF 60 DINOSAUR CAKE CASES,24,2011-02-22 11:20:00,0.55,16546.0,United Kingdom
Year 2010-2011,544688,22858,EASTER TIN KEEPSAKE,6,2011-02-23 08:29:00,1.65,18151.0,United Kingdom
Year 2010-2011,544790,22895,SET OF 2 TEA TOWELS APPLE AND PEARS,4,2011-02-23 12:27:00,2.95,16940.0,United Kingdom
Year 2010-2011,544793,72232,FENG SHUI PILLAR CANDLE,1152,2011-02-23 12:41:00,0.19,13694.0,United Kingdom
Year 2010-2011,544795,22777,GLASS CLOCHE LARGE,3,2011-02-23 13:21:00,8.5,15858.0,United Kingdom
Year 2010-2011,544796,22822,CREAM WALL PLANTER HEART SHAPED,2,2011-02-23 13:37:00,5.95,16208.0,United Kingdom
Year 2010-2011,544802,21715,GIRLS VINTAGE TIN SEASIDE BUCKET,8,2011-02-23 13:57:00,2.55,13149.0,United Kingdom
Year 2010-2011,544809,21621,VINTAGE UNION JACK BUNTING,1,2011-02-23 15:41:00,8.5,16692.0,United Kingdom
Year 2010-2011,544824,22557,PLASTERS IN TIN VINTAGE PAISLEY ,12,2011-02-24 09:32:00,1.65,17139.0,United Kingdom
Year 2010-2011,544825,22374,AIRLINE BAG VINTAGE JET SET RED,12,2011-02-24 09:32:00,3.95,15606.0,United Kingdom
Year 2010-2011,544893,22698,PINK REGENCY TEACUP AND SAUCER,6,2011-02-24 12:01:00,2.95,17865.0,United Kingdom
Year 2010-2011,544996,22814,CARD PARTY GAMES ,12,2011-02-25 11:53:00,0.42,12474.0,Germany
Year 2010-2011,545031,20978,36 PENCILS TUBE SKULLS,16,2011-02-25 15:35:00,1.25,15990.0,United Kingdom
Year 2010-2011,545053,22250,DECORATION  BUTTERFLY  MAGIC GARDEN,1,2011-02-27 12:41:00,0.85,17516.0,United Kingdom
Year 2010-2011,545054,21823,PAINTED METAL HEART WITH HOLLY BELL,1,2011-02-27 12:41:00,1.45,14472.0,United Kingdom
Year 2010-2011,545054,84218,BOX/12 CHICK & EGG IN BASKET,2,2011-02-27 12:41:00,1.95,14472.0,United Kingdom
Year 2010-2011,545059,22694,WICKER STAR ,4,2011-02-27 13:04:00,2.1,14157.0,United Kingdom
Year 2010-2011,545073,47574A,ENGLISH ROSE SCENTED HANGING FLOWER,3,2011-02-28 09:26:00,4.25,14036.0,United Kingdom
Year 2010-2011,545073,48129,DOORMAT TOPIARY,2,2011-02-28 09:26:00,7.95,14036.0,United Kingdom
Year 2010-2011,545148,22293,HANGING CHICK GREEN DECORATION,24,2011-02-28 12:14:00,1.45,13675.0,United Kingdom
Year 2010-2011,545188,22100,SKULLS SQUARE TISSUE BOX,1,2011-02-28 15:19:00,1.25,14056.0,United Kingdom
Year 2010-2011,545217,22962,JAM JAR WITH PINK LID,1,2011-02-28 16:59:00,1.63,,United Kingdom
Year 2010-2011,545231,22993,SET OF 4 PANTRY JELLY MOULDS,12,2011-03-01 10:08:00,1.25,15194.0,United Kingdom
Year 2010-2011,545232,22286,"DECORATION , WOBBLY RABBIT , METAL ",12,2011-03-01 10:19:00,1.65,15676.0,United Kingdom
Year 2010-2011,545314,21749,LARGE RED RETROSPOT WINDMILL,6,2011-03-01 14:11:00,2.1,12866.0,Belgium
Year 2010-2011,545338,23182,TOILET SIGN OCCUPIED OR VACANT,4,2011-03-01 17:32:00,0.83,17449.0,United Kingdom
Year 2010-2011,545340,22606,WOODEN SKITTLES GARDEN SET,2,2011-03-02 08:41:00,15.95,15416.0,United Kingdom
Year 2010-2011,545340,22221,CAKE STAND LOVEBIRD 2 TIER PINK,4,2011-03-02 08:41:00,9.95,15416.0,United Kingdom
Year 2010-2011,545340,22844,VINTAGE CREAM DOG FOOD CONTAINER,2,2011-03-02 08:41:00,8.5,15416.0,United Kingdom
Year 2010-2011,545398,47566B,TEA TIME PARTY BUNTING,12,2011-03-02 11:43:00,4.95,13722.0,United Kingdom
Year 2010-2011,545412,71459,HANGING JAM JAR T-LIGHT HOLDER,48,2011-03-02 12:24:00,0.72,15061.0,United Kingdom
Year 2010-2011,545428,22423,REGENCY CAKESTAND 3 TIER,4,2011-03-02 14:43:00,12.75,14239.0,United Kingdom
Year 2010-2011,545460,21929,JUMBO BAG PINK VINTAGE PAISLEY,7,2011-03-02 17:33:00,1.95,13230.0,United Kingdom
Year 2010-2011,545462,22673,FRENCH GARDEN SIGN BLUE METAL,12,2011-03-03 08:24:00,1.25,17567.0,United Kingdom
Year 2010-2011,545514,22610,PENS ASSORTED FUNNY FACE,36,2011-03-03 12:06:00,0.85,15053.0,United Kingdom
Year 2010-2011,545515,22984,CARD GINGHAM ROSE ,24,2011-03-03 12:06:00,0.42,12727.0,France
Year 2010-2011,545536,22770,MIRROR CORNICE,4,2011-03-03 14:12:00,14.95,12417.0,Belgium
Year 2010-2011,545568,90214N,"LETTER ""N"" BLING KEY RING",2,2011-03-03 16:22:00,0.83,,United Kingdom
Year 2010-2011,545580,21380,WOODEN HAPPY BIRTHDAY GARLAND,6,2011-03-04 08:43:00,2.95,13931.0,United Kingdom
Year 2010-2011,545683,82494L,WOODEN FRAME ANTIQUE WHITE ,3,2011-03-06 11:50:00,2.95,14903.0,United Kingdom
Year 2010-2011,545697,82482,WOODEN PICTURE FRAME WHITE FINISH,1,2011-03-06 14:38:00,2.55,14504.0,United Kingdom
Year 2010-2011,545764,22084,PAPER CHAIN KIT EMPIRE,24,2011-03-07 12:00:00,2.95,13408.0,United Kingdom
Year 2010-2011,545842,20728,LUNCH BAG CARS BLUE,10,2011-03-07 13:37:00,1.65,15498.0,United Kingdom
Year 2010-2011,545854,22148,EASTER CRAFT 4 CHICKS ,12,2011-03-07 13:51:00,1.95,14817.0,United Kingdom
Year 2010-2011,545872,21519,GIN & TONIC DIET GREETING CARD ,12,2011-03-07 14:51:00,0.42,15752.0,United Kingdom
Year 2010-2011,545897,22729,ALARM CLOCK BAKELIKE ORANGE,1,2011-03-07 17:22:00,7.46,,United Kingdom
Year 2010-2011,545901,20726,LUNCH BAG WOODLAND,2,2011-03-07 17:52:00,1.65,15834.0,United Kingdom
Year 2010-2011,545901,20761,BLUE PAISLEY SKETCHBOOK,1,2011-03-07 17:52:00,3.75,15834.0,United Kingdom
Year 2010-2011,545937,21929,JUMBO BAG PINK VINTAGE PAISLEY,30,2011-03-08 12:05:00,1.95,12758.0,Portugal
Year 2010-2011,546003,22905,CALENDAR IN SEASON DESIGN,3,2011-03-08 15:07:00,2.95,16712.0,United Kingdom
Year 2010-2011,546007,21993,FLORAL FOLK STATIONERY SET,2,2011-03-08 15:34:00,2.46,,United Kingdom
Year 2010-2011,546008,22464,HANGING METAL HEART LANTERN,10,2011-03-08 15:43:00,3.29,,United Kingdom
Year 2010-2011,546100,22151,PLACE SETTING WHITE HEART,24,2011-03-09 12:04:00,0.42,16572.0,United Kingdom
Year 2010-2011,546103,84970S,HANGING HEART ZINC T-LIGHT HOLDER,48,2011-03-09 12:14:00,0.85,13093.0,United Kingdom
Year 2010-2011,546107,84828,JUNGLE POPSICLES ICE LOLLY HOLDERS,1,2011-03-09 12:33:00,1.25,17238.0,United Kingdom
Year 2010-2011,546376,85129D,BEADED CRYSTAL HEART PINK SMALL,12,2011-03-11 12:11:00,1.25,13842.0,United Kingdom
Year 2010-2011,546378,22236,CAKE STAND 3 TIER MAGIC GARDEN,2,2011-03-11 12:17:00,12.75,14329.0,United Kingdom
Year 2010-2011,546392,22645,CERAMIC HEART FAIRY CAKE MONEY BANK,1,2011-03-11 14:15:00,1.45,14587.0,United Kingdom
Year 2010-2011,546422,82494L,WOODEN FRAME ANTIQUE WHITE ,6,2011-03-13 11:38:00,2.95,15547.0,United Kingdom
Year 2010-2011,546423,85188B,PINK METAL SWINGING BUNNY,3,2011-03-13 12:39:00,0.85,14502.0,United Kingdom
Year 2010-2011,546430,20711,JUMBO BAG TOYS ,2,2011-03-13 15:55:00,1.95,15918.0,United Kingdom
Year 2010-2011,546438,22962,JAM JAR WITH PINK LID,96,2011-03-14 09:59:00,0.72,15125.0,United Kingdom
Year 2010-2011,546486,22797,CHEST OF DRAWERS GINGHAM HEART ,1,2011-03-14 11:41:00,16.95,15039.0,United Kingdom
Year 2010-2011,546542,21401,BLUE PUDDING SPOON,24,2011-03-14 15:13:00,0.12,13263.0,United Kingdom
Year 2010-2011,546561,84992,72 SWEETHEART FAIRY CAKE CASES,24,2011-03-15 10:34:00,0.55,18260.0,United Kingdom
Year 2010-2011,546580,22411,JUMBO SHOPPER VINTAGE RED PAISLEY,10,2011-03-15 11:09:00,1.95,14911.0,EIRE
Year 2010-2011,546643,22624,IVORY KITCHEN SCALES,2,2011-03-15 13:23:00,8.5,16214.0,United Kingdom
Year 2010-2011,546665,21955,DOORMAT UNION JACK GUNS AND ROSES,2,2011-03-15 15:06:00,7.95,15867.0,United Kingdom
Year 2010-2011,546670,84991,60 TEATIME FAIRY CAKE CASES,6,2011-03-15 15:37:00,0.55,13451.0,United Kingdom
Year 2010-2011,546670,22358,KINGS CHOICE TEA CADDY ,2,2011-03-15 15:37:00,2.95,13451.0,United Kingdom
Year 2010-2011,546678,21239,PINK  POLKADOT CUP,8,2011-03-15 16:39:00,0.85,12681.0,France
Year 2010-2011,546732,84712B,PINK JEWELLED PHOTO FRAME,1,2011-03-16 11:41:00,7.95,14606.0,United Kingdom
Year 2010-2011,C546735,22933,BAKING MOULD EASTER EGG MILK CHOC,-144,2011-03-16 11:50:00,2.1,16029.0,United Kingdom
Year 2010-2011,546742,22721,SET OF 3 CAKE TINS SKETCHBOOK,2,2011-03-16 12:26:00,4.95,12849.0,United Kingdom
Year 2010-2011,546742,22501,PICNIC BASKET WICKER LARGE,1,2011-03-16 12:26:00,9.95,12849.0,United Kingdom
Year 2010-2011,546769,22268,EASTER DECORATION SITTING BUNNY,12,2011-03-16 14:57:00,0.85,17504.0,United Kingdom
Year 2010-2011,546782,84970L,SINGLE HEART ZINC T-LIGHT HOLDER,12,2011-03-17 09:13:00,0.95,15291.0,United Kingdom
Year 2010-2011,546784,22917,HERB MARKER ROSEMARY,12,2011-03-17 09:49:00,0.65,18189.0,United Kingdom
Year 2010-2011,546784,22426,ENAMEL WASH BOWL CREAM,4,2011-03-17 09:49:00,3.75,18189.0,United Kingdom
Year 2010-2011,C546997,84929,ASSTD FRUIT+FLOWERS FRIDGE MAGNETS,-6,2011-03-18 13:32:00,0.55,12748.0,United Kingdom
Year 2010-2011,547028,22191,IVORY DINER WALL CLOCK,1,2011-03-20 10:13:00,8.5,13593.0,United Kingdom
Year 2010-2011,547058,21870,I CAN ONLY PLEASE ONE PERSON MUG,12,2011-03-20 12:44:00,1.25,14232.0,United Kingdom
Year 2010-2011,547064,21866,UNION JACK FLAG LUGGAGE TAG,12,2011-03-20 13:38:00,1.25,16096.0,United Kingdom
Year 2010-2011,547088,21715,GIRLS VINTAGE TIN SEASIDE BUCKET,8,2011-03-20 16:02:00,2.55,14223.0,United Kingdom
Year 2010-2011,547102,20717,STRAWBERRY SHOPPER BAG,10,2011-03-21 10:41:00,1.25,14245.0,United Kingdom
Year 2010-2011,C547237,21833,CAMOUFLAGE LED TORCH,-24,2011-03-21 16:29:00,1.69,16080.0,United Kingdom
Year 2010-2011,547359,20712,JUMBO BAG WOODLAND ANIMALS,2,2011-03-22 12:27:00,1.95,15719.0,United Kingdom
Year 2010-2011,547380,20775,DAISY NOTEBOOK ,2,2011-03-22 15:20:00,1.65,16809.0,United Kingdom
Year 2010-2011,547386,21216,"SET 3 RETROSPOT TEA,COFFEE,SUGAR",1,2011-03-22 15:52:00,10.79,,United Kingdom
Year 2010-2011,547485,84997B,CHILDRENS CUTLERY RETROSPOT RED ,2,2011-03-23 11:16:00,4.15,17019.0,United Kingdom
Year 2010-2011,547496,22189,CREAM HEART CARD HOLDER,4,2011-03-23 12:13:00,3.95,18075.0,United Kingdom
Year 2010-2011,547497,21625,VINTAGE UNION JACK APRON,4,2011-03-23 12:15:00,6.95,14461.0,United Kingdom
Year 2010-2011,547498,22384,LUNCH BAG PINK POLKADOT,1,2011-03-23 12:24:00,1.65,15021.0,United Kingdom
Year 2010-2011,547663,22665,RECIPE BOX BLUE SKETCHBOOK DESIGN,4,2011-03-24 13:16:00,2.95,16022.0,United Kingdom
Year 2010-2011,547667,22982,PANTRY PASTRY BRUSH,12,2011-03-24 13:25:00,1.25,16700.0,United Kingdom
Year 2010-2011,547667,22951,60 CAKE CASES DOLLY GIRL DESIGN,24,2011-03-24 13:25:00,0.55,16700.0,United Kingdom
Year 2010-2011,547684,85099C,JUMBO  BAG BAROQUE BLACK WHITE,10,2011-03-24 14:46:00,1.95,12408.0,Belgium
Year 2010-2011,547684,22725,ALARM CLOCK BAKELIKE CHOCOLATE,12,2011-03-24 14:46:00,3.75,12408.0,Belgium
Year 2010-2011,547712,22849,BREAD BIN DINER STYLE MINT,1,2011-03-24 19:31:00,16.95,16905.0,United Kingdom
Year 2010-2011,547819,20717,STRAWBERRY SHOPPER BAG,1,2011-03-25 14:45:00,1.25,12748.0,United Kingdom
Year 2010-2011,547832,21928,JUMBO BAG SCANDINAVIAN BLUE PAISLEY,200,2011-03-25 16:25:00,1.65,17511.0,United Kingdom
Year 2010-2011,547895,21243,PINK  POLKADOT PLATE ,1,2011-03-28 10:52:00,1.69,18118.0,United Kingdom
Year 2010-2011,547896,82552,WASHROOM METAL SIGN,1,2011-03-28 11:34:00,1.45,17841.0,United Kingdom
Year 2010-2011,547902,21843,RED RETROSPOT CAKE STAND,1,2011-03-28 11:58:00,10.95,17765.0,United Kingdom
Year 2010-2011,547911,85099B,JUMBO BAG RED RETROSPOT,10,2011-03-28 12:25:00,1.95,14127.0,United Kingdom
Year 2010-2011,547919,22241,GARLAND WOODEN HAPPY EASTER,1,2011-03-28 12:52:00,1.25,13760.0,United Kingdom
Year 2010-2011,547938,85231G,ORANGE SCENTED SET/9 T-LIGHTS,12,2011-03-28 14:33:00,0.85,13901.0,United Kingdom
Year 2010-2011,547940,71038,WHITE HANGING BEADS CANDLE HOLDER,4,2011-03-28 14:43:00,5.45,16814.0,United Kingdom
Year 2010-2011,C547961,21929,JUMBO BAG PINK VINTAGE PAISLEY,-100,2011-03-28 15:30:00,1.65,15032.0,United Kingdom
Year 2010-2011,C548187,22423,REGENCY CAKESTAND 3 TIER,-1,2011-03-29 15:06:00,12.75,17511.0,United Kingdom
Year 2010-2011,548191,20724,RED RETROSPOT CHARLOTTE BAG,1,2011-03-29 15:20:00,1.63,,United Kingdom
Year 2010-2011,548212,23049,RECYCLED ACAPULCO MAT RED,4,2011-03-30 09:12:00,8.25,12456.0,Switzerland
Year 2010-2011,548213,22622,BOX OF VINTAGE ALPHABET BLOCKS,2,2011-03-30 09:15:00,9.95,15521.0,United Kingdom
Year 2010-2011,548405,84030E,ENGLISH ROSE HOT WATER BOTTLE,4,2011-03-31 09:48:00,4.25,17088.0,United Kingdom
Year 2010-2011,548451,22439,6 ROCKET BALLOONS ,10,2011-03-31 11:25:00,0.65,17365.0,United Kingdom
Year 2010-2011,548470,21935,SUKI  SHOULDER BAG,20,2011-03-31 12:36:00,1.65,12782.0,Portugal
Year 2010-2011,548486,22982,PANTRY PASTRY BRUSH,12,2011-03-31 12:51:00,1.25,12909.0,United Kingdom
Year 2010-2011,548505,22378,WALL TIDY RETROSPOT ,1,2011-03-31 14:34:00,4.96,,United Kingdom
Year 2010-2011,548558,21430,SET/3 RED GINGHAM ROSE STORAGE BOX,4,2011-04-01 10:05:00,3.75,13626.0,United Kingdom
Year 2010-2011,548701,47566,PARTY BUNTING,1,2011-04-03 11:36:00,4.95,17629.0,United Kingdom
Year 2010-2011,548711,22906,12 MESSAGE CARDS WITH ENVELOPES,2,2011-04-03 14:24:00,1.65,18116.0,United Kingdom
Year 2010-2011,548712,22652,TRAVEL SEWING KIT,6,2011-04-03 14:42:00,1.65,17050.0,United Kingdom
Year 2010-2011,548858,C2,CARRIAGE,1,2011-04-04 13:29:00,50.0,14911.0,EIRE
Year 2010-2011,548858,85180A,RED HEARTS LIGHT CHAIN ,3,2011-04-04 13:29:00,4.65,14911.0,EIRE
Year 2010-2011,548893,gift_0001_40,Dotcomgiftshop Gift Voucher £40.00,1,2011-04-04 15:54:00,33.33,,United Kingdom
Year 2010-2011,548896,22726,ALARM CLOCK BAKELIKE GREEN,4,2011-04-04 16:21:00,3.75,13767.0,United Kingdom
Year 2010-2011,C548947,22158,3 HEARTS HANGING DECORATION RUSTIC,-1,2011-04-05 10:45:00,2.95,14546.0,United Kingdom
Year 2010-2011,548974,21136,PAINTED METAL PEARS ASSORTED,8,2011-04-05 11:47:00,1.69,15194.0,United Kingdom
Year 2010-2011,548984,21122,SET/10 PINK POLKADOT PARTY CANDLES,3,2011-04-05 12:37:00,1.25,14546.0,United Kingdom
Year 2010-2011,548990,22975,SPACEBOY CHILDRENS EGG CUP,12,2011-04-05 13:42:00,1.25,16170.0,United Kingdom
Year 2010-2011,548991,21066,VINTAGE RED MUG,1,2011-04-05 13:48:00,1.25,16915.0,United Kingdom
Year 2010-2011,549099,22983,CARD BILLBOARD FONT,12,2011-04-06 11:07:00,0.42,16241.0,United Kingdom
Year 2010-2011,549115,21506,"FANCY FONT BIRTHDAY CARD, ",24,2011-04-06 12:41:00,0.42,13098.0,United Kingdom
Year 2010-2011,549123,21212,PACK OF 72 RETROSPOT CAKE CASES,24,2011-04-06 14:02:00,0.55,15201.0,United Kingdom
Year 2010-2011,549153,84378,SET OF 3 HEART COOKIE CUTTERS,12,2011-04-06 15:47:00,1.25,13771.0,United Kingdom
Year 2010-2011,549154,22691,DOORMAT WELCOME SUNRISE,2,2011-04-06 16:47:00,7.95,17690.0,United Kingdom
Year 2010-2011,549233,51014A,"FEATHER PEN,HOT PINK",96,2011-04-07 11:06:00,0.85,14912.0,Italy
Year 2010-2011,549250,20755,BLUE PAISLEY POCKET BOOK,3,2011-04-07 12:10:00,0.85,14446.0,United Kingdom
Year 2010-2011,549261,22784,LANTERN CREAM GAZEBO ,2,2011-04-07 12:35:00,4.95,14903.0,United Kingdom
Year 2010-2011,549279,22353,LUNCH BOX WITH CUTLERY FAIRY CAKES ,1,2011-04-07 13:16:00,2.55,16469.0,United Kingdom
Year 2010-2011,549291,21755,LOVE BUILDING BLOCK WORD,1,2011-04-07 19:05:00,5.95,16261.0,United Kingdom
Year 2010-2011,549291,22851,SET 20 NAPKINS FAIRY CAKES DESIGN ,3,2011-04-07 19:05:00,0.85,16261.0,United Kingdom
Year 2010-2011,549296,23053,RECYCLED ACAPULCO MAT PINK,2,2011-04-08 07:37:00,8.25,14619.0,United Kingdom
Year 2010-2011,549425,23009,I LOVE LONDON BABY GIFT SET,1,2011-04-08 11:54:00,16.95,14030.0,United Kingdom
Year 2010-2011,549546,22379,RECYCLING BAG RETROSPOT ,3,2011-04-10 11:24:00,2.1,16889.0,United Kingdom
Year 2010-2011,549553,22250,DECORATION  BUTTERFLY  MAGIC GARDEN,3,2011-04-10 12:22:00,0.85,16931.0,United Kingdom
Year 2010-2011,549555,21381,MINI WOODEN HAPPY BIRTHDAY GARLAND,1,2011-04-10 12:52:00,1.69,13606.0,United Kingdom
Year 2010-2011,549557,21770,OPEN CLOSED METAL SIGN,1,2011-04-10 12:59:00,4.95,14450.0,United Kingdom
Year 2010-2011,549713,22712,CARD DOLLY GIRL ,12,2011-04-11 14:11:00,0.42,17611.0,United Kingdom
Year 2010-2011,549730,22353,LUNCH BOX WITH CUTLERY FAIRY CAKES ,1,2011-04-11 16:35:00,2.55,15867.0,United Kingdom
Year 2010-2011,549848,84531A,nan,-34,2011-04-12 14:51:00,0.0,,United Kingdom
Year 2010-2011,549874,20617,FIRST CLASS PASSPORT COVER ,2,2011-04-12 15:23:00,2.1,16919.0,United Kingdom
Year 2010-2011,549933,23231,WRAP DOILEY DESIGN,25,2011-04-13 11:04:00,0.42,15230.0,United Kingdom
Year 2010-2011,549953,22139,RETROSPOT TEA SET CERAMIC 11 PC ,12,2011-04-13 13:15:00,4.95,12766.0,Portugal
Year 2010-2011,549954,22616,PACK OF 12 LONDON TISSUES ,48,2011-04-13 13:25:00,0.29,13700.0,United Kingdom
Year 2010-2011,549982,20725,LUNCH BAG RED RETROSPOT,10,2011-04-13 15:52:00,1.65,17091.0,United Kingdom
Year 2010-2011,549984,22417,PACK OF 60 SPACEBOY CAKE CASES,24,2011-04-13 15:57:00,0.55,15147.0,United Kingdom
Year 2010-2011,550016,22084,PAPER CHAIN KIT EMPIRE,24,2011-04-14 10:54:00,2.95,15416.0,United Kingdom
Year 2010-2011,550071,22295,HEART FILIGREE DOVE LARGE,24,2011-04-14 12:12:00,1.65,16735.0,United Kingdom
Year 2010-2011,550130,22501,PICNIC BASKET WICKER LARGE,1,2011-04-14 13:17:00,9.95,14390.0,United Kingdom
Year 2010-2011,550155,22758,LARGE PURPLE BABUSHKA NOTEBOOK  ,12,2011-04-14 14:54:00,1.25,14198.0,United Kingdom
Year 2010-2011,550161,22568,FELTCRAFT CUSHION OWL,8,2011-04-14 15:58:00,3.75,14154.0,United Kingdom
Year 2010-2011,550161,22423,REGENCY CAKESTAND 3 TIER,4,2011-04-14 15:58:00,12.75,14154.0,United Kingdom
Year 2010-2011,550208,22090,PAPER BUNTING RETROSPOT,2,2011-04-15 10:39:00,6.63,,United Kingdom
Year 2010-2011,550210,22418,10 COLOUR SPACEBOY PEN,1,2011-04-15 10:40:00,2.46,,United Kingdom
Year 2010-2011,550214,DOT,DOTCOM POSTAGE,1,2011-04-15 10:43:00,175.13,,United Kingdom
Year 2010-2011,550275,48187,DOORMAT NEW ENGLAND,2,2011-04-15 12:35:00,7.95,13993.0,United Kingdom
Year 2010-2011,550310,22919,HERB MARKER MINT,24,2011-04-17 11:04:00,0.65,15985.0,United Kingdom
Year 2010-2011,550332,20866,BLUE ROSE FABRIC MIRROR,3,2011-04-17 13:53:00,1.25,13474.0,United Kingdom
Year 2010-2011,550335,22505,MEMO BOARD COTTAGE DESIGN,2,2011-04-17 14:36:00,4.95,15535.0,United Kingdom
Year 2010-2011,550437,85066,CREAM SWEETHEART MINI CHEST,2,2011-04-18 12:14:00,12.75,16923.0,United Kingdom
Year 2010-2011,550446,21481,FAWN BLUE HOT WATER BOTTLE,6,2011-04-18 12:36:00,2.95,13871.0,United Kingdom
Year 2010-2011,550467,40003,WHITE BAMBOO RIBS LAMPSHADE,1,2011-04-18 13:36:00,1.25,18009.0,United Kingdom
Year 2010-2011,550517,22549,PICTURE DOMINOES,12,2011-04-19 08:17:00,1.45,14352.0,United Kingdom
Year 2010-2011,550522,21222,SET/4 BADGES BEETLES,10,2011-04-19 10:04:00,1.25,12947.0,United Kingdom
Year 2010-2011,550750,21745,GAOLERS KEYS DECORATIVE GARDEN ,4,2011-04-20 11:45:00,3.75,13632.0,United Kingdom
Year 2010-2011,550764,22171,3 HOOK PHOTO SHELF ANTIQUE WHITE,1,2011-04-20 12:26:00,8.5,14527.0,United Kingdom
Year 2010-2011,550775,21181,PLEASE ONE PERSON METAL SIGN,12,2011-04-20 13:18:00,2.1,15805.0,United Kingdom
Year 2010-2011,C550780,22178,VICTORIAN GLASS HANGING T-LIGHT,-12,2011-04-20 13:39:00,1.25,17211.0,United Kingdom
Year 2010-2011,550823,16161P,WRAP ENGLISH ROSE ,25,2011-04-21 09:36:00,0.42,16133.0,United Kingdom
Year 2010-2011,550835,22858,EASTER TIN KEEPSAKE,6,2011-04-21 10:52:00,1.65,15034.0,United Kingdom
Year 2010-2011,550890,21933,PINK VINTAGE PAISLEY PICNIC BAG,2,2011-04-21 12:00:00,1.65,14711.0,United Kingdom
Year 2010-2011,550901,21136,PAINTED METAL PEARS ASSORTED,8,2011-04-21 12:12:00,1.69,13389.0,United Kingdom
Year 2010-2011,550956,22768,FAMILY PHOTO FRAME CORNICE,1,2011-04-21 16:37:00,9.95,17179.0,United Kingdom
Year 2010-2011,550989,23201,JUMBO BAG ALPHABET,13,2011-04-21 18:22:00,2.08,13969.0,United Kingdom
Year 2010-2011,550997,21933,PINK VINTAGE PAISLEY PICNIC BAG,10,2011-04-26 09:04:00,1.65,17735.0,United Kingdom
Year 2010-2011,551003,48138,DOORMAT UNION FLAG,1,2011-04-26 09:44:00,7.95,16456.0,United Kingdom
Year 2010-2011,551007,22507,MEMO BOARD RETROSPOT  DESIGN,1,2011-04-26 09:49:00,10.79,,United Kingdom
Year 2010-2011,551014,22536,MAGIC DRAWING SLATE PURDEY,24,2011-04-26 11:04:00,0.42,13209.0,United Kingdom
Year 2010-2011,551014,22534,MAGIC DRAWING SLATE SPACEBOY ,24,2011-04-26 11:04:00,0.42,13209.0,United Kingdom
Year 2010-2011,C551018,20719,WOODLAND CHARLOTTE BAG,-1,2011-04-26 11:19:00,0.85,12705.0,Germany
Year 2010-2011,551028,82486,WOOD S/3 CABINET ANT WHITE FINISH,2,2011-04-26 11:30:00,8.95,13842.0,United Kingdom
Year 2010-2011,551159,20971,PINK BLUE FELT CRAFT TRINKET BOX,12,2011-04-26 15:02:00,1.25,16203.0,United Kingdom
Year 2010-2011,551192,20725,LUNCH BAG RED RETROSPOT,10,2011-04-27 10:54:00,1.65,16188.0,United Kingdom
Year 2010-2011,551250,15058B,PINK POLKADOT GARDEN PARASOL,1,2011-04-27 12:00:00,7.95,17841.0,United Kingdom
Year 2010-2011,551291,21933,PINK VINTAGE PAISLEY PICNIC BAG,10,2011-04-27 14:26:00,1.65,14298.0,United Kingdom
Year 2010-2011,551292,23077,DOUGHNUT LIP GLOSS ,60,2011-04-27 14:27:00,1.04,14298.0,United Kingdom
Year 2010-2011,551399,21775,DECORATIVE FLORE BATHROOM BOTTLE,2,2011-04-28 13:17:00,1.25,17874.0,United Kingdom
Year 2010-2011,551717,85231B,CINAMMON SET OF 9 T-LIGHTS,2,2011-05-03 15:59:00,0.85,13263.0,United Kingdom
Year 2010-2011,551721,21216,"SET 3 RETROSPOT TEA,COFFEE,SUGAR",2,2011-05-03 16:49:00,4.95,14711.0,United Kingdom
Year 2010-2011,551776,82580,BATHROOM METAL SIGN,2,2011-05-04 11:23:00,0.55,13268.0,United Kingdom
Year 2010-2011,551869,21559,STRAWBERRY LUNCH BOX WITH CUTLERY,1,2011-05-04 16:36:00,2.55,16767.0,United Kingdom
Year 2010-2011,551870,22332,SKULLS PARTY BAG + STICKER SET,3,2011-05-04 16:51:00,1.65,17811.0,United Kingdom
Year 2010-2011,551944,22697,GREEN REGENCY TEACUP AND SAUCER,1,2011-05-05 11:08:00,2.95,14553.0,United Kingdom
Year 2010-2011,551966,82551,LAUNDRY 15C METAL SIGN,4,2011-05-05 13:14:00,1.45,15356.0,United Kingdom
Year 2010-2011,551991,23132,SMALL IVORY HEART WALL ORGANISER,1,2011-05-05 15:29:00,5.75,14697.0,United Kingdom
Year 2010-2011,551998,21755,LOVE BUILDING BLOCK WORD,1,2011-05-05 15:48:00,5.95,14099.0,United Kingdom
Year 2010-2011,552036,22202,MILK PAN PINK POLKADOT,1,2011-05-05 19:16:00,3.75,12748.0,United Kingdom
Year 2010-2011,552051,23154,SET OF 4 JAM JAR MAGNETS,2,2011-05-06 10:10:00,2.08,14796.0,United Kingdom
Year 2010-2011,552059,85132C,CHARLIE AND LOLA FIGURES TINS,12,2011-05-06 10:37:00,1.95,17470.0,United Kingdom
Year 2010-2011,552065,21749,LARGE RED RETROSPOT WINDMILL,1,2011-05-06 11:20:00,2.1,16729.0,United Kingdom
Year 2010-2011,552139,20967,GREY FLORAL FELTCRAFT SHOULDER BAG,1,2011-05-06 11:55:00,3.75,14659.0,United Kingdom
Year 2010-2011,552196,21562,HAWAIIAN GRASS SKIRT ,5,2011-05-06 14:32:00,1.25,18078.0,United Kingdom
Year 2010-2011,552232,gift_0001_50,Dotcomgiftshop Gift Voucher £50.00,1,2011-05-06 15:54:00,41.67,,United Kingdom
Year 2010-2011,552235,37340,MULTICOLOUR SPRING FLOWER MUG,48,2011-05-06 16:17:00,0.39,15194.0,United Kingdom
Year 2010-2011,552250,22561,WOODEN SCHOOL COLOURING SET,1,2011-05-06 19:55:00,1.65,12748.0,United Kingdom
Year 2010-2011,552272,71459,HANGING JAM JAR T-LIGHT HOLDER,192,2011-05-08 12:13:00,0.72,13694.0,United Kingdom
Year 2010-2011,552285,23076,ICE CREAM SUNDAE LIP GLOSS,24,2011-05-08 12:58:00,1.25,14684.0,United Kingdom
Year 2010-2011,552296,22725,ALARM CLOCK BAKELIKE CHOCOLATE,3,2011-05-08 14:09:00,3.75,15518.0,United Kingdom
Year 2010-2011,552296,22139,RETROSPOT TEA SET CERAMIC 11 PC ,2,2011-05-08 14:09:00,4.95,15518.0,United Kingdom
Year 2010-2011,552313,23054,RECYCLED ACAPULCO MAT LAVENDER,2,2011-05-08 16:03:00,8.25,13139.0,United Kingdom
Year 2010-2011,552316,21922,UNION STRIPE WITH FRINGE  HAMMOCK,4,2011-05-08 16:11:00,7.95,15674.0,United Kingdom
Year 2010-2011,552318,82582,AREA PATROLLED METAL SIGN,2,2011-05-08 16:13:00,2.1,17231.0,United Kingdom
Year 2010-2011,552456,20725,LUNCH BAG RED RETROSPOT,10,2011-05-09 14:40:00,1.65,13999.0,United Kingdom
Year 2010-2011,552537,21792,CLASSIC FRENCH STYLE BASKET GREEN ,1,2011-05-10 10:11:00,3.95,17315.0,United Kingdom
Year 2010-2011,552554,21902,"KEY FOB , FRONT  DOOR ",8,2011-05-10 11:04:00,0.65,12843.0,United Kingdom
Year 2010-2011,552560,22661,CHARLOTTE BAG DOLLY GIRL DESIGN,10,2011-05-10 11:48:00,0.85,17581.0,United Kingdom
Year 2010-2011,C552570,21463,MIRRORED DISCO BALL ,-2,2011-05-10 12:07:00,5.95,15676.0,United Kingdom
Year 2010-2011,552614,71459,HANGING JAM JAR T-LIGHT HOLDER,24,2011-05-10 12:51:00,0.85,14849.0,United Kingdom
Year 2010-2011,552641,82482,WOODEN PICTURE FRAME WHITE FINISH,36,2011-05-10 13:20:00,2.1,16525.0,United Kingdom
Year 2010-2011,552675,21901,"KEY FOB , BACK DOOR ",1,2011-05-10 15:07:00,1.63,,United Kingdom
Year 2010-2011,552677,72351a,SET/6 TURQUOISE BUTTERFLY T-LIGHTS,1,2011-05-10 15:07:00,4.13,,United Kingdom
Year 2010-2011,552692,82578,KITCHEN METAL SIGN,12,2011-05-10 15:19:00,0.55,13990.0,United Kingdom
Year 2010-2011,552695,84879,ASSORTED COLOUR BIRD ORNAMENT,16,2011-05-10 15:31:00,1.69,16320.0,Unspecified
Year 2010-2011,552695,23233,WRAP POPPIES  DESIGN,25,2011-05-10 15:31:00,0.42,16320.0,Unspecified
Year 2010-2011,552708,72741,GRAND CHOCOLATECANDLE,9,2011-05-10 16:19:00,1.45,13487.0,United Kingdom
Year 2010-2011,552714,21868,POTTING SHED TEA MUG,12,2011-05-11 09:28:00,1.25,17164.0,United Kingdom
Year 2010-2011,552715,23171,REGENCY TEA PLATE GREEN ,12,2011-05-11 09:35:00,1.65,12921.0,United Kingdom
Year 2010-2011,552729,23170,REGENCY TEA PLATE ROSES ,12,2011-05-11 10:36:00,1.65,13089.0,United Kingdom
Year 2010-2011,552819,21790,VINTAGE SNAP CARDS,12,2011-05-11 12:50:00,0.85,16652.0,United Kingdom
Year 2010-2011,552824,84970S,HANGING HEART ZINC T-LIGHT HOLDER,3,2011-05-11 13:16:00,0.85,14056.0,United Kingdom
Year 2010-2011,552828,23184,BULL DOG BOTTLE OPENER,4,2011-05-11 13:23:00,4.95,13662.0,United Kingdom
Year 2010-2011,552831,20685,DOORMAT RED RETROSPOT,4,2011-05-11 14:12:00,7.95,13052.0,United Kingdom
Year 2010-2011,552869,20726,LUNCH BAG WOODLAND,10,2011-05-12 08:41:00,1.65,15106.0,United Kingdom
Year 2010-2011,552886,21381,MINI WOODEN HAPPY BIRTHDAY GARLAND,12,2011-05-12 10:18:00,1.69,16244.0,United Kingdom
Year 2010-2011,552951,21078,SET/20 STRAWBERRY PAPER NAPKINS ,3,2011-05-12 12:05:00,0.85,14988.0,United Kingdom
Year 2010-2011,552978,22505,MEMO BOARD COTTAGE DESIGN,24,2011-05-12 14:46:00,4.25,12590.0,Germany
Year 2010-2011,C553032,22148,EASTER CRAFT 4 CHICKS ,-12,2011-05-12 19:44:00,1.95,13320.0,United Kingdom
Year 2010-2011,553048,21981,PACK OF 12 WOODLAND TISSUES ,24,2011-05-13 10:02:00,0.29,14291.0,United Kingdom
Year 2010-2011,553058,23131,MISTLETOE HEART WREATH CREAM,2,2011-05-13 10:44:00,4.15,17790.0,United Kingdom
Year 2010-2011,553061,22450,SILK PURSE BABUSHKA BLUE,2,2011-05-13 11:12:00,3.35,17238.0,United Kingdom
Year 2010-2011,553074,21981,PACK OF 12 WOODLAND TISSUES ,4,2011-05-13 11:45:00,0.29,15529.0,United Kingdom
Year 2010-2011,553074,22434,BALLOON PUMP WITH 10 BALLOONS,2,2011-05-13 11:45:00,1.95,15529.0,United Kingdom
Year 2010-2011,553125,23169,CLASSIC GLASS SWEET JAR,6,2011-05-13 12:13:00,4.15,17139.0,United Kingdom
Year 2010-2011,553131,22433,WATERING CAN GREEN DINOSAUR,24,2011-05-13 12:44:00,1.95,16401.0,United Kingdom
Year 2010-2011,553151,21390,FILIGRIS HEART WITH BUTTERFLY,24,2011-05-13 14:53:00,1.25,13089.0,United Kingdom
Year 2010-2011,553202,21034,REX CASH+CARRY JUMBO SHOPPER,6,2011-05-15 16:02:00,0.95,15854.0,United Kingdom
Year 2010-2011,553224,22382,LUNCH BAG SPACEBOY DESIGN ,4,2011-05-16 10:40:00,1.65,17228.0,United Kingdom
Year 2010-2011,553387,gift_0001_10,Dotcomgiftshop Gift Voucher £10.00,1,2011-05-16 16:33:00,8.33,,United Kingdom
Year 2010-2011,553489,21497,FANCY FONTS BIRTHDAY WRAP,25,2011-05-17 12:43:00,0.42,15730.0,United Kingdom
Year 2010-2011,553507,22604,SET OF 4 NAPKIN CHARMS CUTLERY,4,2011-05-17 13:35:00,2.55,17220.0,United Kingdom
Year 2010-2011,C553531,S,SAMPLES,-1,2011-05-17 15:09:00,15.5,,United Kingdom
Year 2010-2011,553535,22430,ENAMEL WATERING CAN CREAM,4,2011-05-17 15:17:00,4.95,,EIRE
Year 2010-2011,553540,22197,SMALL POPCORN HOLDER,100,2011-05-17 15:32:00,0.72,17511.0,United Kingdom
Year 2010-2011,553546,22928,YELLOW GIANT GARDEN THERMOMETER,36,2011-05-17 15:42:00,4.95,12415.0,Australia
Year 2010-2011,553556,85049F,BABY BOOM RIBBONS ,2,2011-05-17 16:49:00,1.25,17530.0,United Kingdom
Year 2010-2011,553574,22524,CHILDRENS GARDEN GLOVES BLUE,12,2011-05-18 09:59:00,1.25,16422.0,United Kingdom
Year 2010-2011,C553656,22607,WOODEN ROUNDERS GARDEN SET ,-1,2011-05-18 11:21:00,8.5,17389.0,United Kingdom
Year 2010-2011,553668,23175,REGENCY MILK JUG PINK ,6,2011-05-18 12:21:00,3.25,13993.0,United Kingdom
Year 2010-2011,553684,22697,GREEN REGENCY TEACUP AND SAUCER,24,2011-05-18 13:55:00,2.55,16389.0,United Kingdom
Year 2010-2011,553707,22488,NATURAL SLATE RECTANGLE CHALKBOARD,48,2011-05-18 15:26:00,1.45,16843.0,United Kingdom
Year 2010-2011,553768,84519A,TOMATO CHARLIE+LOLA COASTER SET,1,2011-05-19 10:47:00,5.79,,United Kingdom
Year 2010-2011,553832,22457,NATURAL SLATE HEART CHALKBOARD ,6,2011-05-19 11:38:00,2.95,12957.0,United Kingdom
Year 2010-2011,553838,22553,PLASTERS IN TIN SKULLS,12,2011-05-19 12:10:00,1.65,12620.0,France
Year 2010-2011,553860,23300,GARDENERS KNEELING PAD CUP OF TEA ,1,2011-05-19 13:57:00,1.65,17841.0,United Kingdom
Year 2010-2011,553946,22752,SET 7 BABUSHKA NESTING BOXES,8,2011-05-20 10:48:00,8.5,15601.0,United Kingdom
Year 2010-2011,554000,22727,ALARM CLOCK BAKELIKE RED ,4,2011-05-20 11:53:00,3.75,14794.0,United Kingdom
Year 2010-2011,554007,23081,GREEN METAL BOX ARMY SUPPLIES,1,2011-05-20 12:26:00,8.25,17961.0,United Kingdom
Year 2010-2011,554030,21892,TRADITIONAL WOODEN CATCH CUP GAME ,12,2011-05-20 13:56:00,1.25,16497.0,United Kingdom
Year 2010-2011,554039,22088,PAPER BUNTING COLOURED LACE,6,2011-05-20 14:27:00,2.95,15095.0,United Kingdom
Year 2010-2011,554079,23256,CHILDRENS CUTLERY SPACEBOY ,3,2011-05-22 11:41:00,4.15,14546.0,United Kingdom
Year 2010-2011,554080,23199,JUMBO BAG APPLES,3,2011-05-22 11:42:00,2.08,16931.0,United Kingdom
Year 2010-2011,554112,15044D,RED PAPER PARASOL,1,2011-05-22 14:44:00,2.95,17611.0,United Kingdom
Year 2010-2011,554112,16207A,PINK STRAWBERRY HANDBAG ,2,2011-05-22 14:44:00,2.95,17611.0,United Kingdom
Year 2010-2011,554124,84819,DANISH ROSE ROUND SEWING BOX,3,2011-05-23 08:31:00,4.25,13339.0,United Kingdom
Year 2010-2011,554264,22457,NATURAL SLATE HEART CHALKBOARD ,6,2011-05-23 12:35:00,2.95,15602.0,United Kingdom
Year 2010-2011,C554266,22244,3 HOOK HANGER MAGIC GARDEN,-5,2011-05-23 12:48:00,1.95,12474.0,Germany
Year 2010-2011,554275,21314,SMALL GLASS HEART TRINKET POT,4,2011-05-23 13:17:00,2.1,14903.0,United Kingdom
Year 2010-2011,554278,22829,SWEETHEART WIRE WALL TIDY,1,2011-05-23 13:25:00,9.95,13831.0,United Kingdom
Year 2010-2011,554324,22173,METAL 4 HOOK HANGER FRENCH CHATEAU,24,2011-05-23 15:38:00,2.95,12712.0,Germany
Year 2010-2011,554376,22379,RECYCLING BAG RETROSPOT ,2,2011-05-24 11:31:00,2.1,15719.0,United Kingdom
Year 2010-2011,554511,22758,LARGE PURPLE BABUSHKA NOTEBOOK  ,1,2011-05-24 15:52:00,2.46,,United Kingdom
Year 2010-2011,554514,22069,BROWN  PIRATE TREASURE CHEST ,1,2011-05-24 15:58:00,3.29,,United Kingdom
Year 2010-2011,C554531,21494,ROTATING LEAVES T-LIGHT HOLDER,-2,2011-05-24 17:30:00,1.25,12463.0,Belgium
Year 2010-2011,554556,21936,RED RETROSPOT PICNIC BAG,15,2011-05-25 10:11:00,2.95,13098.0,United Kingdom
Year 2010-2011,554650,20749,ASSORTED COLOUR MINI CASES,2,2011-05-25 12:54:00,7.95,12681.0,France
Year 2010-2011,554684,82567,"AIRLINE LOUNGE,METAL SIGN",5,2011-05-25 16:28:00,2.1,16448.0,United Kingdom
Year 2010-2011,554827,22303,COFFEE MUG APPLES DESIGN,36,2011-05-26 15:19:00,2.1,14646.0,Netherlands
Year 2010-2011,554942,20719,WOODLAND CHARLOTTE BAG,1,2011-05-27 14:01:00,0.85,17841.0,United Kingdom
Year 2010-2011,554950,20718,RED RETROSPOT SHOPPER BAG,10,2011-05-27 14:48:00,1.25,14227.0,United Kingdom
Year 2010-2011,554978,23300,GARDENERS KNEELING PAD CUP OF TEA ,4,2011-05-29 11:05:00,1.65,16889.0,United Kingdom
Year 2010-2011,554992,22147,FELTCRAFT BUTTERFLY HEARTS,2,2011-05-29 14:08:00,1.45,16686.0,United Kingdom
Year 2010-2011,555109,21172,PARTY METAL SIGN ,2,2011-05-31 14:19:00,1.45,16023.0,United Kingdom
Year 2010-2011,555124,22478,BIRDHOUSE GARDEN MARKER ,5,2011-05-31 15:26:00,1.25,18204.0,United Kingdom
Year 2010-2011,555147,23298,SPOTTY BUNTING,6,2011-05-31 15:41:00,4.95,13505.0,Switzerland
Year 2010-2011,555149,gift_0001_30,Dotcomgiftshop Gift Voucher £30.00,1,2011-05-31 15:49:00,25.0,,United Kingdom
Year 2010-2011,555158,22149,FELTCRAFT 6 FLOWER FRIENDS,6,2011-06-01 08:38:00,2.1,14842.0,United Kingdom
Year 2010-2011,555241,22427,ENAMEL FLOWER JUG CREAM,3,2011-06-01 13:32:00,5.95,14377.0,United Kingdom
Year 2010-2011,C555345,22630,DOLLY GIRL LUNCH BOX,-2,2011-06-02 11:51:00,1.95,13267.0,United Kingdom
Year 2010-2011,555470,84997C,CHILDRENS CUTLERY POLKADOT BLUE,4,2011-06-03 11:33:00,4.15,12455.0,Spain
Year 2010-2011,555488,22898,CHILDRENS APRON APPLES DESIGN,1,2011-06-03 13:43:00,1.95,16942.0,United Kingdom
Year 2010-2011,555497,21078,SET/20 STRAWBERRY PAPER NAPKINS ,24,2011-06-03 15:03:00,0.85,16659.0,United Kingdom
Year 2010-2011,555498,21175,GIN + TONIC DIET METAL SIGN,12,2011-06-03 15:07:00,2.55,13885.0,United Kingdom
Year 2010-2011,555518,22094,RED RETROSPOT TISSUE BOX,12,2011-06-05 10:58:00,1.25,14891.0,United Kingdom
Year 2010-2011,555544,22961,JAM MAKING SET PRINTED,12,2011-06-05 13:05:00,1.45,14621.0,United Kingdom
Year 2010-2011,555556,23298,SPOTTY BUNTING,24,2011-06-05 14:04:00,4.95,15704.0,United Kingdom
Year 2010-2011,555558,23300,GARDENERS KNEELING PAD CUP OF TEA ,2,2011-06-05 14:06:00,1.65,14159.0,United Kingdom
Year 2010-2011,555558,21933,PINK VINTAGE PAISLEY PICNIC BAG,1,2011-06-05 14:06:00,1.65,14159.0,United Kingdom
Year 2010-2011,555562,22760,"TRAY, BREAKFAST IN BED",2,2011-06-05 14:45:00,12.75,17841.0,United Kingdom
Year 2010-2011,555564,23200,JUMBO BAG PEARS,3,2011-06-05 15:01:00,2.08,15005.0,United Kingdom
Year 2010-2011,555572,21935,SUKI  SHOULDER BAG,10,2011-06-05 15:37:00,1.65,12449.0,Belgium
Year 2010-2011,C555636,79321,CHILLI LIGHTS,-4,2011-06-06 12:33:00,5.75,15073.0,United Kingdom
Year 2010-2011,555703,22663,JUMBO BAG DOLLY GIRL DESIGN,10,2011-06-06 15:06:00,2.08,15379.0,United Kingdom
Year 2010-2011,555728,79321,CHILLI LIGHTS,2,2011-06-06 16:41:00,5.75,17252.0,United Kingdom
Year 2010-2011,555835,21987,PACK OF 6 SKULL PAPER CUPS,1,2011-06-07 12:34:00,0.65,14525.0,United Kingdom
Year 2010-2011,555835,84406B,CREAM CUPID HEARTS COAT HANGER,2,2011-06-07 12:34:00,4.15,14525.0,United Kingdom
Year 2010-2011,555836,22699,ROSES REGENCY TEACUP AND SAUCER ,24,2011-06-07 12:36:00,2.55,13098.0,United Kingdom
Year 2010-2011,555841,22327,ROUND SNACK BOXES SET OF 4 SKULLS,1,2011-06-07 12:47:00,2.95,14583.0,United Kingdom
Year 2010-2011,555851,20914,SET/5 RED RETROSPOT LID GLASS BOWLS,3,2011-06-07 13:37:00,2.95,13050.0,United Kingdom
Year 2010-2011,555853,21704,BAG 250g SWIRLY MARBLES,3,2011-06-07 13:44:00,0.85,14375.0,United Kingdom
Year 2010-2011,C555885,22978,PANTRY ROLLING PIN,-1,2011-06-07 15:50:00,3.75,14842.0,United Kingdom
Year 2010-2011,555896,22089,PAPER BUNTING VINTAGE PAISLEY,12,2011-06-07 16:04:00,2.95,15640.0,United Kingdom
Year 2010-2011,C555935,23207,LUNCH BAG ALPHABET DESIGN,-10,2011-06-08 09:14:00,1.65,12567.0,France
Year 2010-2011,555947,85183B,CHARLIE & LOLA WASTEPAPER BIN FLORA,12,2011-06-08 10:45:00,1.25,14911.0,EIRE
Year 2010-2011,556023,22425,ENAMEL COLANDER CREAM,1,2011-06-08 12:21:00,4.95,14527.0,United Kingdom
Year 2010-2011,556023,22498,WOODEN REGATTA BUNTING,2,2011-06-08 12:21:00,5.95,14527.0,United Kingdom
Year 2010-2011,556032,85132C,CHARLIE AND LOLA FIGURES TINS,24,2011-06-08 12:35:00,1.95,15159.0,United Kingdom
Year 2010-2011,556042,22720,SET OF 3 CAKE TINS PANTRY DESIGN ,4,2011-06-08 12:44:00,4.95,14367.0,United Kingdom
Year 2010-2011,556060,22430,ENAMEL WATERING CAN CREAM,16,2011-06-08 14:03:00,4.25,14911.0,EIRE
Year 2010-2011,556111,22029,SPACEBOY BIRTHDAY CARD,12,2011-06-09 09:16:00,0.42,13004.0,United Kingdom
Year 2010-2011,556125,22846,BREAD BIN DINER STYLE RED ,1,2011-06-09 10:20:00,16.95,12947.0,United Kingdom
Year 2010-2011,556243,21680,WOODLAND  STICKERS,1,2011-06-09 16:07:00,1.63,,United Kingdom
Year 2010-2011,556290,22170,PICTURE FRAME WOOD TRIPLE PORTRAIT,4,2011-06-10 09:23:00,6.75,17088.0,United Kingdom
Year 2010-2011,556323,22697,GREEN REGENCY TEACUP AND SAUCER,24,2011-06-10 10:59:00,2.55,17819.0,United Kingdom
Year 2010-2011,556330,22819,"BIRTHDAY CARD, RETRO SPOT",12,2011-06-10 11:29:00,0.42,17797.0,United Kingdom
Year 2010-2011,556425,22629,SPACEBOY LUNCH BOX ,6,2011-06-10 12:51:00,1.95,14178.0,United Kingdom
Year 2010-2011,556462,21155,RED RETROSPOT PEG BAG,1,2011-06-12 10:46:00,2.55,14450.0,United Kingdom
Year 2010-2011,556484,22904,CALENDAR PAPER CUT DESIGN,2,2011-06-12 13:17:00,2.95,16938.0,United Kingdom
Year 2010-2011,556671,23284,DOORMAT KEEP CALM AND COME IN,2,2011-06-13 16:33:00,7.95,17841.0,United Kingdom
Year 2010-2011,556685,21980,PACK OF 12 RED RETROSPOT TISSUES ,24,2011-06-14 10:00:00,0.29,14503.0,United Kingdom
Year 2010-2011,556722,23236,DOILEY BISCUIT TIN,6,2011-06-14 11:23:00,2.89,17428.0,United Kingdom
Year 2010-2011,556751,23236,DOILEY STORAGE TIN,48,2011-06-14 12:09:00,2.49,15251.0,United Kingdom
Year 2010-2011,C556793,22697,GREEN REGENCY TEACUP AND SAUCER,-1,2011-06-14 13:54:00,2.95,12818.0,Austria
Year 2010-2011,556935,22355,CHARLOTTE BAG SUKI DESIGN,10,2011-06-15 15:57:00,0.85,17651.0,United Kingdom
Year 2010-2011,556955,gift_0001_20,to push order througha s stock was ,10,2011-06-16 09:04:00,0.0,,United Kingdom
Year 2010-2011,557019,23344,JUMBO BAG 50'S CHRISTMAS ,1,2011-06-16 12:45:00,2.08,15907.0,United Kingdom
Year 2010-2011,557027,21896,POTTING SHED TWINE,6,2011-06-16 13:24:00,2.1,12816.0,Poland
Year 2010-2011,557064,21756,BATH BUILDING BLOCK WORD,1,2011-06-16 15:07:00,5.95,13263.0,United Kingdom
Year 2010-2011,557137,85141,nan,3,2011-06-17 09:32:00,0.0,,United Kingdom
Year 2010-2011,557208,84380,SET OF 3 BUTTERFLY COOKIE CUTTERS,12,2011-06-17 11:38:00,1.25,16172.0,United Kingdom
Year 2010-2011,557217,23308,SET OF 60 VINTAGE LEAF CAKE CASES ,24,2011-06-17 12:30:00,0.55,17426.0,United Kingdom
Year 2010-2011,557247,22747,POPPY'S PLAYHOUSE BATHROOM,24,2011-06-17 15:09:00,2.1,12731.0,France
Year 2010-2011,557251,21498,RED RETROSPOT WRAP ,50,2011-06-17 16:07:00,0.42,14085.0,United Kingdom
Year 2010-2011,C557381,M,Manual,-1,2011-06-20 11:01:00,1216.12,,EIRE
Year 2010-2011,557410,23300,GARDENERS KNEELING PAD CUP OF TEA ,1,2011-06-20 11:36:00,1.65,14701.0,United Kingdom
Year 2010-2011,557500,22331,WOODLAND PARTY BAG + STICKER SET,3,2011-06-20 15:27:00,3.29,,United Kingdom
Year 2010-2011,557500,gift_0001_20,Dotcomgiftshop Gift Voucher £20.00,1,2011-06-20 15:27:00,16.67,,United Kingdom
Year 2010-2011,557616,22698,PINK REGENCY TEACUP AND SAUCER,6,2011-06-21 13:25:00,2.95,12930.0,United Kingdom
Year 2010-2011,557625,23054,RECYCLED ACAPULCO MAT LAVENDER,2,2011-06-21 14:23:00,8.25,15159.0,United Kingdom
Year 2010-2011,557632,23202,JUMBO BAG VINTAGE LEAF,10,2011-06-21 15:07:00,2.08,17420.0,United Kingdom
Year 2010-2011,557636,82580,BATHROOM METAL SIGN,2,2011-06-21 15:41:00,0.55,17841.0,United Kingdom
Year 2010-2011,557676,22985,WRAP BILLBOARD FONTS DESIGN,25,2011-06-22 10:28:00,0.42,15804.0,United Kingdom
Year 2010-2011,557735,23173,REGENCY TEAPOT ROSES ,12,2011-06-22 11:30:00,8.15,16214.0,United Kingdom
Year 2010-2011,557758,22536,MAGIC DRAWING SLATE PURDEY,10,2011-06-22 13:28:00,0.42,17585.0,United Kingdom
Year 2010-2011,557782,22252,BIRDCAGE DECORATION TEALIGHT HOLDER,12,2011-06-22 15:41:00,1.25,14640.0,United Kingdom
Year 2010-2011,557878,22468,BABUSHKA LIGHTS STRING OF 10,4,2011-06-23 13:13:00,6.75,16940.0,United Kingdom
Year 2010-2011,557886,22208,WOOD STAMP SET THANK YOU,4,2011-06-23 13:39:00,0.83,17799.0,United Kingdom
Year 2010-2011,557937,21976,PACK OF 60 MUSHROOM CAKE CASES,1,2011-06-23 15:30:00,1.25,,United Kingdom
Year 2010-2011,557960,22917,HERB MARKER ROSEMARY,5,2011-06-23 19:46:00,0.65,15453.0,United Kingdom
Year 2010-2011,557972,85099C,JUMBO  BAG BAROQUE BLACK WHITE,10,2011-06-24 10:16:00,2.08,12500.0,Germany
Year 2010-2011,558046,C2,CARRIAGE,1,2011-06-24 13:47:00,50.0,,EIRE
Year 2010-2011,558066,gift_0001_50,Dotcomgiftshop Gift Voucher £50.00,1,2011-06-24 15:45:00,41.67,,United Kingdom
Year 2010-2011,558086,85059,FRENCH ENAMEL WATER BASIN,1,2011-06-26 11:59:00,3.75,16728.0,United Kingdom
Year 2010-2011,558087,22820,GIFT BAG BIRTHDAY,12,2011-06-26 12:04:00,0.65,17323.0,United Kingdom
Year 2010-2011,558096,21277,FRENCH STYLE EMBOSSED HEART CABINET,1,2011-06-26 13:24:00,21.95,15532.0,United Kingdom
Year 2010-2011,558125,47590A,BLUE HAPPY BIRTHDAY BUNTING,50,2011-06-27 10:20:00,4.65,16422.0,United Kingdom
Year 2010-2011,558204,21471,STRAWBERRY RAFFIA FOOD COVER,6,2011-06-27 13:58:00,3.75,18193.0,United Kingdom
Year 2010-2011,558259,22423,REGENCY CAKESTAND 3 TIER,2,2011-06-28 08:19:00,12.75,15304.0,United Kingdom
Year 2010-2011,C558359,S,SAMPLES,-1,2011-06-28 15:10:00,570.0,,United Kingdom
Year 2010-2011,558442,22623,BOX OF VINTAGE JIGSAW BLOCKS ,1,2011-06-29 13:10:00,5.95,15537.0,United Kingdom
Year 2010-2011,C558444,82483,WOOD 2 DRAWER CABINET WHITE FINISH,-1,2011-06-29 13:29:00,5.95,15311.0,United Kingdom
Year 2010-2011,558480,22548,HEADS AND TAILS SPORTING FUN,12,2011-06-30 08:17:00,1.25,15271.0,United Kingdom
Year 2010-2011,558534,37342,POLKADOT COFFEE CUP & SAUCER PINK,24,2011-06-30 11:54:00,0.79,13988.0,United Kingdom
Year 2010-2011,558540,23155,KNICKERBOCKERGLORY MAGNET ASSORTED ,24,2011-06-30 12:15:00,0.83,17706.0,United Kingdom
Year 2010-2011,558558,22892,SET OF SALT AND PEPPER TOADSTOOLS,2,2011-06-30 13:17:00,1.25,17841.0,United Kingdom
Year 2010-2011,558614,gift_0001_10,Dotcomgiftshop Gift Voucher £10.00,1,2011-06-30 15:56:00,8.33,,United Kingdom
Year 2010-2011,558614,gift_0001_50,Dotcomgiftshop Gift Voucher £50.00,1,2011-06-30 15:56:00,41.67,,United Kingdom
Year 2010-2011,558748,22149,FELTCRAFT 6 FLOWER FRIENDS,10,2011-07-03 10:23:00,2.1,17800.0,United Kingdom
Year 2010-2011,558754,22210,WOOD STAMP SET BEST WISHES,6,2011-07-03 12:10:00,0.83,15518.0,United Kingdom
Year 2010-2011,558754,22616,PACK OF 12 LONDON TISSUES ,12,2011-07-03 12:10:00,0.29,15518.0,United Kingdom
Year 2010-2011,558778,22662,LUNCH BAG DOLLY GIRL DESIGN,10,2011-07-04 10:27:00,1.65,17160.0,United Kingdom
Year 2010-2011,558862,22786,CUSHION COVER PINK UNION JACK,2,2011-07-04 12:25:00,5.95,13901.0,United Kingdom
Year 2010-2011,558902,84988,SET OF 72 PINK HEART PAPER DOILIES,12,2011-07-04 16:08:00,1.45,13001.0,United Kingdom
Year 2010-2011,558990,23251,VINTAGE RED ENAMEL TRIM MUG ,12,2011-07-05 11:30:00,1.25,13489.0,United Kingdom
Year 2010-2011,559009,22499,WOODEN UNION JACK BUNTING,1,2011-07-05 12:47:00,5.95,15549.0,United Kingdom
Year 2010-2011,559051,DOT,DOTCOM POSTAGE,1,2011-07-05 16:47:00,201.84,,United Kingdom
Year 2010-2011,559055,21238,RED RETROSPOT CUP,6,2011-07-05 17:09:00,1.63,,United Kingdom
Year 2010-2011,559060,20983,12 PENCILS TALL TUBE RED RETROSPOT,36,2011-07-06 10:00:00,0.85,15738.0,United Kingdom
Year 2010-2011,559154,20941,FROG CANDLE,5,2011-07-06 15:15:00,1.25,17045.0,United Kingdom
Year 2010-2011,559163,21508,VINTAGE KID DOLLY CARD ,1,2011-07-06 16:33:00,0.83,,United Kingdom
Year 2010-2011,559167,23172,REGENCY TEA PLATE PINK,48,2011-07-06 16:54:00,1.45,17997.0,United Kingdom
Year 2010-2011,559169,21499,BLUE POLKADOT WRAP,50,2011-07-06 17:25:00,0.42,16722.0,United Kingdom
Year 2010-2011,559256,22728,ALARM CLOCK BAKELIKE PINK,4,2011-07-07 12:10:00,3.75,15249.0,United Kingdom
Year 2010-2011,559306,23285,PINK VINTAGE SPOT BEAKER,8,2011-07-07 13:02:00,0.85,18236.0,United Kingdom
Year 2010-2011,559307,22659,LUNCH BOX I LOVE LONDON,3,2011-07-07 13:02:00,1.95,15356.0,United Kingdom
Year 2010-2011,559506,22358,KINGS CHOICE TEA CADDY ,1,2011-07-08 15:17:00,2.46,,United Kingdom
Year 2010-2011,559506,22821,GIFT BAG PSYCHEDELIC APPLES,34,2011-07-08 15:17:00,0.42,,United Kingdom
Year 2010-2011,559524,21137,BLACK RECORD COVER FRAME,12,2011-07-10 10:14:00,3.75,16866.0,United Kingdom
Year 2010-2011,559550,22747,POPPY'S PLAYHOUSE BATHROOM,1,2011-07-10 15:38:00,2.1,17757.0,United Kingdom
Year 2010-2011,C559666,22383,LUNCH BAG SUKI DESIGN ,-2,2011-07-11 13:37:00,1.65,14389.0,United Kingdom
Year 2010-2011,559816,22961,JAM MAKING SET PRINTED,2,2011-07-12 16:11:00,3.29,,United Kingdom
Year 2010-2011,559907,21892,TRADITIONAL WOODEN CATCH CUP GAME ,12,2011-07-13 13:37:00,1.25,12766.0,Portugal
Year 2010-2011,C559908,21871,SAVE THE PLANET MUG,-72,2011-07-13 13:56:00,1.06,14088.0,United Kingdom
Year 2010-2011,C559915,PLATFORMFEE,PLATFORM FEE,-1,2011-07-13 15:18:00,4383.62,,United Kingdom
Year 2010-2011,C559939,22568,FELTCRAFT CUSHION OWL,-4,2011-07-14 10:19:00,3.75,14426.0,United Kingdom
Year 2010-2011,560024,22629,SPACEBOY LUNCH BOX ,3,2011-07-14 13:00:00,1.95,15005.0,United Kingdom
Year 2010-2011,560033,23252,VINTAGE RED ENAMEL TRIM JUG ,8,2011-07-14 13:28:00,3.75,12388.0,Australia
Year 2010-2011,560041,22193,RED DINER WALL CLOCK,2,2011-07-14 14:46:00,8.5,14156.0,EIRE
Year 2010-2011,560107,85099B,JUMBO BAG RED RETROSPOT,20,2011-07-15 08:09:00,2.08,12928.0,United Kingdom
Year 2010-2011,560211,85049G,CHOCOLATE BOX RIBBONS ,12,2011-07-15 14:34:00,1.25,12621.0,Germany
Year 2010-2011,560225,21915,RED  HARMONICA IN BOX ,1,2011-07-15 16:27:00,2.46,,United Kingdom
Year 2010-2011,560238,23031,DRAWER KNOB CRACKLE GLAZE PINK,12,2011-07-17 11:41:00,1.65,17725.0,United Kingdom
Year 2010-2011,560244,22297,HEART IVORY TRELLIS SMALL,6,2011-07-17 12:14:00,1.25,16931.0,United Kingdom
Year 2010-2011,560288,21755,LOVE BUILDING BLOCK WORD,3,2011-07-18 10:05:00,5.95,15845.0,United Kingdom
Year 2010-2011,560291,22379,RECYCLING BAG RETROSPOT ,4,2011-07-18 10:17:00,4.96,,United Kingdom
Year 2010-2011,560292,DOT,DOTCOM POSTAGE,1,2011-07-18 10:19:00,88.83,,United Kingdom
Year 2010-2011,560451,21873,IF YOU CAN'T STAND THE HEAT MUG,12,2011-07-19 09:50:00,1.25,14911.0,EIRE
Year 2010-2011,560580,48138,DOORMAT UNION FLAG,12,2011-07-19 15:23:00,6.75,14088.0,United Kingdom
Year 2010-2011,560635,22839,3 TIER CAKE TIN GREEN AND CREAM,1,2011-07-20 10:51:00,14.95,12521.0,Germany
Year 2010-2011,560651,M,Manual,1,2011-07-20 11:38:00,451.42,15802.0,United Kingdom
Year 2010-2011,560691,22955,36 FOIL STAR CAKE CASES ,6,2011-07-20 12:00:00,2.1,13136.0,United Kingdom
Year 2010-2011,560725,23244,STORAGE TIN VINTAGE LEAF,6,2011-07-20 13:56:00,1.95,16186.0,United Kingdom
Year 2010-2011,C560855,21877,HOME SWEET HOME MUG,-5,2011-07-21 13:00:00,1.25,14410.0,United Kingdom
Year 2010-2011,560876,22895,SET OF 2 TEA TOWELS APPLE AND PEARS,18,2011-07-21 15:14:00,3.25,12626.0,Germany
Year 2010-2011,560888,84660B,BLACK STITCHED WALL CLOCK,20,2011-07-21 16:33:00,0.79,15380.0,United Kingdom
Year 2010-2011,560888,84660C,PINK STITCHED WALL CLOCK,20,2011-07-21 16:33:00,0.79,15380.0,United Kingdom
Year 2010-2011,560915,23199,JUMBO BAG APPLES,10,2011-07-21 18:19:00,2.08,13313.0,United Kingdom
Year 2010-2011,560937,22543,MINI JIGSAW BAKE A CAKE ,1,2011-07-22 10:52:00,0.42,17920.0,United Kingdom
Year 2010-2011,560991,23317,BLUE REFECTORY CLOCK ,2,2011-07-22 13:29:00,9.95,12438.0,Norway
Year 2010-2011,560991,21914,BLUE HARMONICA IN BOX ,12,2011-07-22 13:29:00,1.25,12438.0,Norway
Year 2010-2011,560996,20856,DENIM PATCH PURSE PINK BUTTERFLY,2,2011-07-22 13:53:00,1.65,17625.0,United Kingdom
Year 2010-2011,C561012,20725,LUNCH BAG RED RETROSPOT,-1,2011-07-22 16:11:00,1.65,13098.0,United Kingdom
Year 2010-2011,561020,82581,TOILET METAL SIGN,2,2011-07-22 17:21:00,0.55,13563.0,United Kingdom
Year 2010-2011,561026,84660C,PINK STITCHED WALL CLOCK,1,2011-07-24 10:49:00,0.79,17265.0,United Kingdom
Year 2010-2011,561033,22379,RECYCLING BAG RETROSPOT ,5,2011-07-24 11:40:00,2.1,14443.0,United Kingdom
Year 2010-2011,561050,22708,WRAP DOLLY GIRL,25,2011-07-24 13:06:00,0.42,16558.0,United Kingdom
Year 2010-2011,561073,23295,SET OF 12 MINI LOAF BAKING CASES,24,2011-07-24 15:46:00,0.83,13408.0,United Kingdom
Year 2010-2011,561112,22994,TRAVEL CARD WALLET RETROSPOT,1,2011-07-25 11:53:00,0.42,14606.0,United Kingdom
Year 2010-2011,561204,21735,TWO DOOR CURIO CABINET,2,2011-07-25 15:22:00,12.75,12836.0,United Kingdom
Year 2010-2011,561223,21720,CAKE SHOP  STICKER SHEET,12,2011-07-26 09:51:00,0.85,15358.0,United Kingdom
Year 2010-2011,561226,PADS,PADS TO MATCH ALL CUSHIONS,1,2011-07-26 10:13:00,0.001,15618.0,United Kingdom
Year 2010-2011,561226,23132,SMALL IVORY HEART WALL ORGANISER,3,2011-07-26 10:13:00,5.75,15618.0,United Kingdom
Year 2010-2011,561359,20723,STRAWBERRY CHARLOTTE BAG,20,2011-07-26 15:29:00,0.85,17160.0,United Kingdom
Year 2010-2011,561485,22907,PACK OF 20 NAPKINS PANTRY DESIGN,1,2011-07-27 13:42:00,0.85,17841.0,United Kingdom
Year 2010-2011,561513,gift_0001_40,Dotcomgiftshop Gift Voucher £40.00,1,2011-07-27 15:12:00,33.33,,United Kingdom
Year 2010-2011,561521,84944,SET OF 6 KASHMIR FOLKART BAUBLES,13,2011-07-27 17:06:00,1.65,17870.0,United Kingdom
Year 2010-2011,561601,22456,NATURAL SLATE CHALKBOARD LARGE ,3,2011-07-28 11:35:00,4.95,18151.0,United Kingdom
Year 2010-2011,561607,22138,BAKING SET 9 PIECE RETROSPOT ,6,2011-07-28 12:15:00,4.95,17389.0,United Kingdom
Year 2010-2011,561625,21088,SET/6 FRUIT SALAD PAPER CUPS,48,2011-07-28 14:03:00,0.19,16843.0,United Kingdom
Year 2010-2011,561648,22123,PING MICROWAVE APRON,5,2011-07-28 15:21:00,1.95,15746.0,United Kingdom
Year 2010-2011,561698,22178,VICTORIAN GLASS HANGING T-LIGHT,12,2011-07-29 10:21:00,1.25,15974.0,United Kingdom
Year 2010-2011,C561703,22504,CABIN BAG VINTAGE RETROSPOT,-2,2011-07-29 11:07:00,29.95,12709.0,Germany
Year 2010-2011,561709,21390,FILIGRIS HEART WITH BUTTERFLY,10,2011-07-29 11:35:00,1.25,17790.0,United Kingdom
Year 2010-2011,561712,21733,RED HANGING HEART T-LIGHT HOLDER,4,2011-07-29 11:49:00,2.95,14499.0,United Kingdom
Year 2010-2011,561794,21929,JUMBO BAG PINK VINTAGE PAISLEY,10,2011-07-29 13:11:00,2.08,12921.0,United Kingdom
Year 2010-2011,561798,84988,SET OF 72 PINK HEART PAPER DOILIES,12,2011-07-29 13:39:00,1.45,14911.0,EIRE
Year 2010-2011,561877,21559,STRAWBERRY LUNCH BOX WITH CUTLERY,6,2011-07-31 12:16:00,2.55,16401.0,United Kingdom
Year 2010-2011,561894,21260,FIRST AID TIN,1,2011-07-31 15:00:00,3.25,14456.0,United Kingdom
Year 2010-2011,561894,20728,LUNCH BAG CARS BLUE,1,2011-07-31 15:00:00,1.65,14456.0,United Kingdom
Year 2010-2011,561903,85152,HAND OVER THE CHOCOLATE   SIGN ,12,2011-07-31 16:04:00,2.1,17162.0,United Kingdom
Year 2010-2011,561915,82600,NO SINGING METAL SIGN,24,2011-08-01 11:23:00,2.1,14408.0,United Kingdom
Year 2010-2011,561915,21232,STRAWBERRY CERAMIC TRINKET BOX,8,2011-08-01 11:23:00,1.25,14408.0,United Kingdom
Year 2010-2011,561967,21755,LOVE BUILDING BLOCK WORD,2,2011-08-01 13:11:00,5.95,12844.0,United Kingdom
Year 2010-2011,562031,21390,FILIGRIS HEART WITH BUTTERFLY,24,2011-08-01 17:37:00,1.25,16984.0,United Kingdom
Year 2010-2011,562039,20726,LUNCH BAG WOODLAND,10,2011-08-02 09:55:00,1.65,12593.0,France
Year 2010-2011,562046,21240,BLUE POLKADOT CUP,8,2011-08-02 10:34:00,0.85,12378.0,Switzerland
Year 2010-2011,C562086,PLATFORMFEE,PLATFORM FEE,-1,2011-08-02 12:27:00,6721.37,,United Kingdom
Year 2010-2011,562096,23167,SMALL CERAMIC TOP STORAGE JAR ,1,2011-08-02 13:16:00,0.83,15311.0,United Kingdom
Year 2010-2011,562104,21238,RED RETROSPOT CUP,4,2011-08-02 14:31:00,1.63,,United Kingdom
Year 2010-2011,562104,20724,RED RETROSPOT CHARLOTTE BAG,68,2011-08-02 14:31:00,2.46,,United Kingdom
Year 2010-2011,C562126,23243,SET OF TEA COFFEE SUGAR TINS PANTRY,-1,2011-08-02 17:31:00,4.95,15764.0,United Kingdom
Year 2010-2011,562161,35648,VINTAGE BEAD PINK PURSE ,4,2011-08-03 11:58:00,0.83,17841.0,United Kingdom
Year 2010-2011,562258,21086,SET/6 RED SPOTTY PAPER CUPS,2,2011-08-03 15:28:00,0.65,16348.0,United Kingdom
Year 2010-2011,562275,23313,VINTAGE CHRISTMAS BUNTING,5,2011-08-04 10:04:00,4.95,12689.0,France
Year 2010-2011,562376,23549,WRAP BIRD GARDEN ,25,2011-08-04 15:04:00,0.42,15254.0,United Kingdom
Year 2010-2011,562377,23165,LARGE CERAMIC TOP STORAGE JAR,6,2011-08-04 15:04:00,1.65,14535.0,United Kingdom
Year 2010-2011,562420,gift_0001_20,Dotcomgiftshop Gift Voucher £20.00,1,2011-08-04 16:38:00,16.67,,United Kingdom
Year 2010-2011,562421,47518F,ICON PLACEMAT POP ART ELVIS,48,2011-08-04 16:41:00,0.12,15241.0,United Kingdom
Year 2010-2011,562443,47566,PARTY BUNTING,150,2011-08-04 18:37:00,4.15,17723.0,United Kingdom
Year 2010-2011,562516,22457,NATURAL SLATE HEART CHALKBOARD ,6,2011-08-05 12:25:00,2.95,15129.0,United Kingdom
Year 2010-2011,562539,84879,ASSORTED COLOUR BIRD ORNAMENT,2,2011-08-05 15:30:00,1.69,17220.0,United Kingdom
Year 2010-2011,562540,21248,DOOR HANGER  MUM + DADS ROOM,3,2011-08-05 15:38:00,1.45,17400.0,United Kingdom
Year 2010-2011,562549,23254,CHILDRENS CUTLERY DOLLY GIRL ,8,2011-08-05 16:10:00,4.15,17092.0,United Kingdom
Year 2010-2011,562571,22789,T-LIGHT HOLDER SWEETHEART HANGING,4,2011-08-07 12:21:00,1.95,13782.0,United Kingdom
Year 2010-2011,562574,22147,FELTCRAFT BUTTERFLY HEARTS,3,2011-08-07 12:42:00,1.45,14903.0,United Kingdom
Year 2010-2011,562579,22293,HANGING CHICK GREEN DECORATION,24,2011-08-07 13:30:00,1.45,16950.0,United Kingdom
Year 2010-2011,562607,23021,GLASS BONNE JAM JAR,4,2011-08-08 11:45:00,4.15,12885.0,United Kingdom
Year 2010-2011,562688,22775,PURPLE DRAWERKNOB ACRYLIC EDWARDIAN,4,2011-08-08 13:53:00,1.25,13869.0,United Kingdom
Year 2010-2011,562688,22120,WELCOME  WOODEN BLOCK LETTERS,2,2011-08-08 13:53:00,9.95,13869.0,United Kingdom
Year 2010-2011,562711,21165,BEWARE OF THE CAT METAL SIGN ,2,2011-08-08 14:53:00,1.69,16788.0,United Kingdom
Year 2010-2011,562712,22734,SET OF 6 RIBBONS VINTAGE CHRISTMAS,6,2011-08-08 15:00:00,2.89,13016.0,United Kingdom
Year 2010-2011,562712,22795,SWEETHEART RECIPE BOOK STAND,2,2011-08-08 15:00:00,6.75,13016.0,United Kingdom
Year 2010-2011,562715,22466,FAIRY TALE COTTAGE NIGHTLIGHT,1,2011-08-08 15:34:00,4.13,,United Kingdom
Year 2010-2011,562717,23285,PINK VINTAGE SPOT BEAKER,1,2011-08-08 15:42:00,1.63,,United Kingdom
Year 2010-2011,562767,22835,HOT WATER BOTTLE I AM SO POORLY,4,2011-08-09 10:47:00,4.65,13769.0,United Kingdom
Year 2010-2011,562776,21217,RED RETROSPOT ROUND CAKE TINS,2,2011-08-09 12:23:00,9.95,14180.0,United Kingdom
Year 2010-2011,C562795,21877,HOME SWEET HOME MUG,-1,2011-08-09 14:23:00,1.25,13709.0,United Kingdom
Year 2010-2011,562809,21034,REX CASH+CARRY JUMBO SHOPPER,1,2011-08-09 15:12:00,0.95,16775.0,United Kingdom
Year 2010-2011,562913,22637,PIGGY BANK RETROSPOT ,4,2011-08-10 13:19:00,2.55,17042.0,United Kingdom
Year 2010-2011,562913,51014A,"FEATHER PEN,HOT PINK",24,2011-08-10 13:19:00,0.39,17042.0,United Kingdom
Year 2010-2011,562933,gift_0001_30,Dotcomgiftshop Gift Voucher £30.00,1,2011-08-10 16:51:00,25.0,,United Kingdom
Year 2010-2011,562939,22994,TRAVEL CARD WALLET RETROSPOT,24,2011-08-11 08:37:00,0.42,15498.0,United Kingdom
Year 2010-2011,562980,23342,MINT DINER WALL CLOCK,2,2011-08-11 11:44:00,8.5,17686.0,United Kingdom
Year 2010-2011,562984,21927,BLUE/CREAM STRIPE CUSHION COVER ,2,2011-08-11 11:45:00,1.25,17841.0,United Kingdom
Year 2010-2011,563016,22494,EMERGENCY FIRST AID TIN ,12,2011-08-11 12:44:00,1.25,15358.0,United Kingdom
Year 2010-2011,563034,21670,BLUE SPOT CERAMIC DRAWER KNOB,12,2011-08-11 14:53:00,1.25,17644.0,United Kingdom
Year 2010-2011,563090,20726,LUNCH BAG WOODLAND,20,2011-08-11 17:00:00,1.65,16186.0,United Kingdom
Year 2010-2011,563100,23345, DOLLY GIRL BEAKER,12,2011-08-12 09:57:00,1.25,12381.0,Norway
Year 2010-2011,563110,22670,FRENCH WC SIGN BLUE METAL,12,2011-08-12 11:07:00,1.25,14849.0,United Kingdom
Year 2010-2011,563150,15036,ASSORTED COLOURS SILK FAN,36,2011-08-12 11:41:00,0.83,15192.0,United Kingdom
Year 2010-2011,563178,23031,DRAWER KNOB CRACKLE GLAZE PINK,6,2011-08-12 14:12:00,1.65,16011.0,United Kingdom
Year 2010-2011,563183,21907,I'M ON HOLIDAY METAL SIGN,12,2011-08-12 14:47:00,2.1,14110.0,United Kingdom
Year 2010-2011,A563185,B,Adjust bad debt,1,2011-08-12 14:50:00,11062.06,,United Kingdom
Year 2010-2011,A563186,B,Adjust bad debt,1,2011-08-12 14:51:00,-11062.06,,United Kingdom
Year 2010-2011,A563187,B,Adjust bad debt,1,2011-08-12 14:52:00,-11062.06,,United Kingdom
Year 2010-2011,563200,21175,GIN + TONIC DIET METAL SIGN,1,2011-08-14 10:49:00,2.55,13838.0,United Kingdom
Year 2010-2011,563204,22381,TOY TIDY PINK POLKADOT,10,2011-08-14 11:49:00,2.1,17048.0,United Kingdom
Year 2010-2011,C563220,22469,HEART OF WICKER SMALL,-6,2011-08-14 14:22:00,1.65,16150.0,United Kingdom
Year 2010-2011,C563225,D,Discount,-1,2011-08-14 14:35:00,434.51,14911.0,EIRE
Year 2010-2011,563328,47580,TEA TIME DES TEA COSY,1,2011-08-15 13:07:00,2.55,14606.0,United Kingdom
Year 2010-2011,563350,21485,RETROSPOT HEART HOT WATER BOTTLE,2,2011-08-15 14:10:00,4.95,14498.0,United Kingdom
Year 2010-2011,563351,22499,WOODEN UNION JACK BUNTING,12,2011-08-15 14:17:00,5.95,16902.0,United Kingdom
Year 2010-2011,563351,22677,FRENCH BLUE METAL DOOR SIGN 2,20,2011-08-15 14:17:00,1.25,16902.0,United Kingdom
Year 2010-2011,563354,21908,CHOCOLATE THIS WAY METAL SIGN,1,2011-08-15 14:35:00,2.1,15271.0,United Kingdom
Year 2010-2011,563362,22928,YELLOW GIANT GARDEN THERMOMETER,2,2011-08-15 16:13:00,5.95,15114.0,United Kingdom
Year 2010-2011,563376,23332,IVORY WICKER HEART LARGE,1,2011-08-16 10:36:00,1.65,15752.0,United Kingdom
Year 2010-2011,563429,22492,MINI PAINT SET VINTAGE ,36,2011-08-16 11:48:00,0.65,13999.0,United Kingdom
Year 2010-2011,563430,21417,COCKLE SHELL DISH,6,2011-08-16 11:50:00,2.1,14918.0,United Kingdom
Year 2010-2011,563432,22374,AIRLINE BAG VINTAGE JET SET RED,2,2011-08-16 12:12:00,4.25,16713.0,United Kingdom
Year 2010-2011,563507,84951A,SET OF 4 PISTACHIO LOVEBIRD COASTER,24,2011-08-17 10:08:00,0.79,14414.0,United Kingdom
Year 2010-2011,563540,22331,WOODLAND PARTY BAG + STICKER SET,8,2011-08-17 12:04:00,1.65,12473.0,Germany
Year 2010-2011,563559,23189,SET OF 12 FORK CANDLES,12,2011-08-17 13:45:00,2.89,14156.0,EIRE
Year 2010-2011,563569,23236,STORAGE TIN VINTAGE DOILY ,6,2011-08-17 14:47:00,2.89,18257.0,United Kingdom
Year 2010-2011,C563570,21067,VINTAGE RED TEATIME MUG,-23,2011-08-17 14:51:00,1.06,17949.0,United Kingdom
Year 2010-2011,563584,22555,PLASTERS IN TIN STRONGMAN,12,2011-08-17 16:48:00,1.65,15122.0,United Kingdom
Year 2010-2011,563589,22365,DOORMAT RESPECTABLE HOUSE,20,2011-08-17 19:40:00,8.0,17450.0,United Kingdom
Year 2010-2011,563614,23288,GREEN VINTAGE SPOT BEAKER,96,2011-08-18 08:51:00,0.72,12415.0,Australia
Year 2010-2011,563689,21746,SMALL RED RETROSPOT WINDMILL,3,2011-08-18 12:43:00,1.25,15743.0,United Kingdom
Year 2010-2011,563692,22423,REGENCY CAKESTAND 3 TIER,2,2011-08-18 13:01:00,12.75,17243.0,United Kingdom
Year 2010-2011,563721,23343,JUMBO BAG VINTAGE CHRISTMAS ,10,2011-08-18 16:27:00,2.08,15232.0,United Kingdom
Year 2010-2011,563733,22909,SET OF 20 VINTAGE CHRISTMAS NAPKINS,12,2011-08-18 17:57:00,0.85,18225.0,United Kingdom
Year 2010-2011,563735,22413,METAL SIGN TAKE IT OR LEAVE IT ,5,2011-08-18 18:15:00,2.95,16743.0,United Kingdom
Year 2010-2011,563750,23127,FELTCRAFT GIRL NICOLE KIT,4,2011-08-19 10:18:00,4.95,16122.0,United Kingdom
Year 2010-2011,563848,23298,SPOTTY BUNTING,3,2011-08-19 14:57:00,4.95,14911.0,EIRE
Year 2010-2011,563849,22784,LANTERN CREAM GAZEBO ,3,2011-08-19 15:04:00,4.95,14772.0,United Kingdom
Year 2010-2011,563909,22720,SET OF 3 CAKE TINS PANTRY DESIGN ,1,2011-08-21 12:36:00,4.95,15701.0,United Kingdom
Year 2010-2011,563909,23180,MUM'S KITCHEN CLOCK,1,2011-08-21 12:36:00,4.95,15701.0,United Kingdom
Year 2010-2011,563912,21465,PINK FLOWER CROCHET FOOD COVER,6,2011-08-21 12:58:00,3.75,17675.0,United Kingdom
Year 2010-2011,563924,84970S,HANGING HEART ZINC T-LIGHT HOLDER,12,2011-08-21 14:32:00,0.85,15984.0,United Kingdom
Year 2010-2011,563924,22357,KINGS CHOICE BISCUIT TIN,1,2011-08-21 14:32:00,4.25,15984.0,United Kingdom
Year 2010-2011,563933,16169E,WRAP 50'S  CHRISTMAS,25,2011-08-21 15:54:00,0.42,16536.0,United Kingdom
Year 2010-2011,563944,47566,PARTY BUNTING,4,2011-08-22 10:08:00,4.95,17581.0,United Kingdom
Year 2010-2011,563982,84946,ANTIQUE SILVER T-LIGHT GLASS,24,2011-08-22 11:17:00,1.25,14397.0,United Kingdom
Year 2010-2011,564039,21213,PACK OF 72 SKULL CAKE CASES,24,2011-08-22 12:40:00,0.55,12645.0,Germany
Year 2010-2011,564137,90209C,PINK ENAMEL+GLASS HAIR COMB,132,2011-08-23 11:30:00,1.75,15722.0,United Kingdom
Year 2010-2011,564139,23208,LUNCH BAG VINTAGE LEAF DESIGN,3,2011-08-23 11:41:00,1.65,16904.0,United Kingdom
Year 2010-2011,564143,23035,DRAWER KNOB CERAMIC IVORY,18,2011-08-23 11:51:00,1.45,16814.0,United Kingdom
Year 2010-2011,564173,22432,WATERING CAN PINK BUNNY,6,2011-08-23 14:23:00,1.95,12567.0,France
Year 2010-2011,564221,22659,LUNCH BOX I LOVE LONDON,3,2011-08-24 09:36:00,2.46,,United Kingdom
Year 2010-2011,564224,85078,SCANDINAVIAN 3 HEARTS NAPKIN RING,24,2011-08-24 09:56:00,0.19,15249.0,United Kingdom
Year 2010-2011,564305,23243,SET OF TEA COFFEE SUGAR TINS PANTRY,4,2011-08-24 12:20:00,4.95,14875.0,United Kingdom
Year 2010-2011,564342,22142,CHRISTMAS CRAFT WHITE FAIRY ,2,2011-08-24 14:53:00,1.45,16340.0,United Kingdom
Year 2010-2011,564359,22080,RIBBON REEL POLKADOTS ,1,2011-08-24 16:02:00,1.65,14056.0,United Kingdom
Year 2010-2011,564436,23298,SPOTTY BUNTING,1,2011-08-25 12:06:00,4.95,17841.0,United Kingdom
Year 2010-2011,564516,21557,SET OF 6 FUNKY BEAKERS,1,2011-08-25 14:45:00,5.63,,United Kingdom
Year 2010-2011,564632,21524,DOORMAT SPOTTY HOME SWEET HOME,2,2011-08-26 11:58:00,7.95,16556.0,United Kingdom
Year 2010-2011,564719,21136,PAINTED METAL PEARS ASSORTED,4,2011-08-28 11:55:00,1.69,15325.0,United Kingdom
Year 2010-2011,564725,21471,STRAWBERRY RAFFIA FOOD COVER,1,2011-08-28 12:28:00,3.75,18041.0,United Kingdom
Year 2010-2011,564727,79191C,RETRO PLASTIC ELEPHANT TRAY,4,2011-08-28 12:31:00,0.85,16686.0,United Kingdom
Year 2010-2011,564727,22782,SET 3 WICKER STORAGE BASKETS ,1,2011-08-28 12:31:00,24.95,16686.0,United Kingdom
Year 2010-2011,564734,22931,BAKING MOULD HEART WHITE CHOCOLATE,3,2011-08-28 13:32:00,2.55,12484.0,Spain
Year 2010-2011,564734,17107D,FLOWER FAIRY 5 DRAWER LINERS,4,2011-08-28 13:32:00,2.55,12484.0,Spain
Year 2010-2011,564753,22676,FRENCH BLUE METAL DOOR SIGN 1,20,2011-08-30 10:20:00,1.25,13709.0,United Kingdom
Year 2010-2011,564760,gift_0001_10,Dotcomgiftshop Gift Voucher £10.00,1,2011-08-30 10:47:00,8.33,,United Kingdom
Year 2010-2011,564761,gift_0001_30,nan,30,2011-08-30 10:48:00,0.0,,United Kingdom
Year 2010-2011,564762,gift_0001_10,nan,30,2011-08-30 10:48:00,0.0,,United Kingdom
Year 2010-2011,C564763,CRUK,CRUK Commission,-1,2011-08-30 10:49:00,1.6,14096.0,United Kingdom
Year 2010-2011,564820,84970L,SINGLE HEART ZINC T-LIGHT HOLDER,1,2011-08-30 12:16:00,2.08,,United Kingdom
Year 2010-2011,C565016,85053,FRENCH ENAMEL CANDLEHOLDER,-1,2011-08-31 16:28:00,2.1,15764.0,United Kingdom
Year 2010-2011,C565050,23198,PANTRY MAGNETIC  SHOPPING LIST,-10,2011-08-31 17:10:00,1.45,12381.0,Norway
Year 2010-2011,565093,22147,FELTCRAFT BUTTERFLY HEARTS,40,2011-09-01 10:38:00,1.25,13408.0,United Kingdom
Year 2010-2011,565141,23171,REGENCY TEA PLATE GREEN ,2,2011-09-01 13:40:00,1.65,17841.0,United Kingdom
Year 2010-2011,565198,84836,ZINC METAL HEART DECORATION,12,2011-09-01 16:18:00,1.25,16729.0,United Kingdom
Year 2010-2011,565207,22508,DOORSTOP RETROSPOT HEART,2,2011-09-01 16:46:00,3.75,16764.0,United Kingdom
Year 2010-2011,565234,21688,SILVER PLATE CANDLE BOWL SMALL,2,2011-09-02 09:38:00,5.79,,United Kingdom
Year 2010-2011,565250,21931,JUMBO STORAGE BAG SUKI,10,2011-09-02 10:42:00,2.08,13643.0,United Kingdom
Year 2010-2011,565261,POST,POSTAGE,2,2011-09-02 10:53:00,18.0,12474.0,Germany
Year 2010-2011,565320,21972,SET OF 36 DINOSAUR PAPER DOILIES,3,2011-09-02 13:10:00,1.45,16745.0,United Kingdom
Year 2010-2011,565325,11001,ASSTD DESIGN RACING CAR PEN,16,2011-09-02 13:22:00,1.69,16086.0,United Kingdom
Year 2010-2011,565383,20733,GOLD MINI TAPE MEASURE ,2,2011-09-02 15:45:00,0.83,14096.0,United Kingdom
Year 2010-2011,565397,84596B,SMALL DOLLY MIX DESIGN ORANGE BOWL,10,2011-09-02 16:43:00,0.42,14171.0,United Kingdom
Year 2010-2011,565410,21181,PLEASE ONE PERSON METAL SIGN,12,2011-09-04 11:17:00,2.1,14691.0,United Kingdom
Year 2010-2011,565419,46000S,POLYESTER FILLER PAD 40x40cm,16,2011-09-04 12:07:00,1.45,13808.0,United Kingdom
Year 2010-2011,565434,23326,HANGING MINI COLOURED BOTTLES,1,2011-09-04 13:35:00,0.63,12867.0,United Kingdom
Year 2010-2011,565440,22726,ALARM CLOCK BAKELIKE GREEN,4,2011-09-04 14:06:00,3.75,12709.0,Germany
Year 2010-2011,565453,23319,BOX OF 6 MINI 50'S CRACKERS,12,2011-09-04 16:05:00,2.49,15136.0,United Kingdom
Year 2010-2011,565457,47566,PARTY BUNTING,8,2011-09-05 09:07:00,4.95,14565.0,United Kingdom
Year 2010-2011,565458,23203,JUMBO BAG VINTAGE DOILY ,30,2011-09-05 09:16:00,2.08,16523.0,United Kingdom
Year 2010-2011,565541,23005,TRAVEL CARD WALLET I LOVE LONDON,4,2011-09-05 12:00:00,0.42,14159.0,United Kingdom
Year 2010-2011,C565597,22980,PANTRY SCRUBBING BRUSH,-1,2011-09-05 14:29:00,1.65,12709.0,Germany
Year 2010-2011,565616,23319,BOX OF 6 MINI 50'S CRACKERS,6,2011-09-05 15:26:00,2.49,15238.0,United Kingdom
Year 2010-2011,565648,84877D,BLUE ROUND COMPACT MIRROR,1,2011-09-05 16:22:00,1.25,18196.0,United Kingdom
Year 2010-2011,565677,22332,SKULLS PARTY BAG + STICKER SET,8,2011-09-06 10:04:00,1.65,15521.0,United Kingdom
Year 2010-2011,565682,23236,STORAGE TIN VINTAGE DOILY ,1,2011-09-06 10:42:00,2.89,14796.0,United Kingdom
Year 2010-2011,565766,21248,DOOR HANGER  MUM + DADS ROOM,1,2011-09-06 14:23:00,1.45,17841.0,United Kingdom
Year 2010-2011,565800,22594,CHRISTMAS GINGHAM TREE,12,2011-09-07 10:23:00,0.85,14911.0,EIRE
Year 2010-2011,565801,22726,ALARM CLOCK BAKELIKE GREEN,4,2011-09-07 10:28:00,3.75,12685.0,France
Year 2010-2011,565838,22699,ROSES REGENCY TEACUP AND SAUCER ,6,2011-09-07 11:43:00,2.95,15071.0,United Kingdom
Year 2010-2011,565857,23082,SET 6 PAPER TABLE LANTERN HEARTS ,6,2011-09-07 14:13:00,3.75,14911.0,EIRE
Year 2010-2011,565926,23263,SET OF 3 WOODEN HEART DECORATIONS,12,2011-09-08 10:02:00,1.25,13305.0,United Kingdom
Year 2010-2011,565930,21485,RETROSPOT HEART HOT WATER BOTTLE,3,2011-09-08 10:32:00,4.95,12685.0,France
Year 2010-2011,566013,21930,JUMBO STORAGE BAG SKULLS,10,2011-09-08 12:16:00,2.08,17004.0,United Kingdom
Year 2010-2011,566016,22556,PLASTERS IN TIN CIRCUS PARADE ,24,2011-09-08 12:20:00,1.65,15144.0,United Kingdom
Year 2010-2011,566017,21369,MIRRORED WALL ART SPLODGES,12,2011-09-08 12:27:00,1.25,13330.0,United Kingdom
Year 2010-2011,C566078,D,Discount,-1,2011-09-09 09:38:00,45.33,13137.0,United Kingdom
Year 2010-2011,566195,23187,FRENCH STYLE STORAGE JAR BONBONS,48,2011-09-09 13:44:00,0.29,12433.0,Norway
Year 2010-2011,566213,23407,SET OF 2 TRAYS HOME SWEET HOME,2,2011-09-09 15:09:00,9.95,14895.0,United Kingdom
Year 2010-2011,C566216,CRUK,CRUK Commission,-1,2011-09-09 15:17:00,15.96,14096.0,United Kingdom
Year 2010-2011,566234,21175,GIN + TONIC DIET METAL SIGN,2,2011-09-11 11:08:00,2.55,15035.0,United Kingdom
Year 2010-2011,566261,84510A,SET OF 4 ENGLISH ROSE COASTERS,10,2011-09-11 12:46:00,1.25,13372.0,United Kingdom
Year 2010-2011,566275,21154,RED RETROSPOT OVEN GLOVE ,2,2011-09-11 13:58:00,1.25,16549.0,United Kingdom
Year 2010-2011,566279,21287,SCENTED VELVET LOUNGE CANDLE ,12,2011-09-11 14:09:00,0.38,14432.0,United Kingdom
Year 2010-2011,566317,84879,ASSORTED COLOUR BIRD ORNAMENT,8,2011-09-12 10:19:00,1.69,13375.0,United Kingdom
Year 2010-2011,566395,23172,REGENCY TEA PLATE PINK,12,2011-09-12 12:48:00,1.65,14952.0,United Kingdom
Year 2010-2011,566428,23432,PRETTY HANGING QUILTED HEARTS,12,2011-09-12 14:24:00,0.83,15932.0,United Kingdom
Year 2010-2011,566444,84987,SET OF 36 TEATIME PAPER DOILIES,12,2011-09-12 15:32:00,1.45,14020.0,United Kingdom
Year 2010-2011,566447,22301,COFFEE MUG CAT + BIRD DESIGN,96,2011-09-12 15:43:00,2.1,12989.0,United Kingdom
Year 2010-2011,566450,23266,SET OF 3 WOODEN STOCKING DECORATION,12,2011-09-12 16:12:00,1.25,15673.0,United Kingdom
Year 2010-2011,566451,21813,GARLAND WITH STARS AND BELLS,1,2011-09-12 16:14:00,4.95,18069.0,United Kingdom
Year 2010-2011,566561,21504,SKULLS GREETING CARD,12,2011-09-13 12:13:00,0.42,18145.0,United Kingdom
Year 2010-2011,566562,23548,WRAP MAGIC FOREST ,25,2011-09-13 12:18:00,0.42,17365.0,United Kingdom
Year 2010-2011,566566,84596F,SMALL MARSHMALLOWS PINK BOWL,5,2011-09-13 12:32:00,0.83,14096.0,United Kingdom
Year 2010-2011,C566565,CRUK,CRUK Commission,-1,2011-09-13 12:32:00,52.24,14096.0,United Kingdom
Year 2010-2011,566581,22185,SLATE TILE NATURAL HANGING,5,2011-09-13 13:47:00,1.65,16081.0,United Kingdom
Year 2010-2011,566604,23208,LUNCH BAG VINTAGE LEAF DESIGN,1,2011-09-13 16:26:00,1.65,16279.0,United Kingdom
Year 2010-2011,566627,22193,RED DINER WALL CLOCK,2,2011-09-14 10:28:00,8.5,18229.0,United Kingdom
Year 2010-2011,566629,23203,JUMBO BAG VINTAGE DOILY ,20,2011-09-14 10:32:00,2.08,15622.0,United Kingdom
Year 2010-2011,566720,22173,METAL 4 HOOK HANGER FRENCH CHATEAU,2,2011-09-14 12:42:00,3.29,13634.0,United Kingdom
Year 2010-2011,566729,22838,3 TIER CAKE TIN RED AND CREAM,3,2011-09-14 13:23:00,14.95,14562.0,United Kingdom
Year 2010-2011,566789,22986,WRAP GINGHAM ROSE ,25,2011-09-15 10:35:00,0.42,13134.0,United Kingdom
Year 2010-2011,566790,23174,REGENCY SUGAR BOWL GREEN,24,2011-09-15 10:35:00,3.75,17679.0,United Kingdom
Year 2010-2011,566872,85071A,BLUE CHARLIE+LOLA PERSONAL DOORSIGN,4,2011-09-15 13:28:00,0.39,16729.0,United Kingdom
Year 2010-2011,566873,22027,TEA PARTY BIRTHDAY CARD,12,2011-09-15 13:31:00,0.42,12682.0,France
Year 2010-2011,566913,71477,COLOUR GLASS. STAR T-LIGHT HOLDER,24,2011-09-15 14:07:00,3.29,17602.0,United Kingdom
Year 2010-2011,566914,23288,GREEN VINTAGE SPOT BEAKER,1,2011-09-15 14:08:00,0.85,15466.0,United Kingdom
Year 2010-2011,566915,23203,JUMBO BAG VINTAGE DOILY ,10,2011-09-15 14:22:00,2.08,16945.0,United Kingdom
Year 2010-2011,566923,85123A,WHITE HANGING HEART T-LIGHT HOLDER,2,2011-09-15 15:05:00,2.95,15511.0,United Kingdom
Year 2010-2011,566949,21212,PACK OF 72 RETROSPOT CAKE CASES,7,2011-09-15 16:32:00,0.55,,United Kingdom
Year 2010-2011,566950,23027,DRAWER KNOB VINTAGE GLASS HEXAGON,6,2011-09-15 16:34:00,2.08,17594.0,United Kingdom
Year 2010-2011,566988,22910,PAPER CHAIN KIT VINTAGE CHRISTMAS,24,2011-09-16 10:56:00,2.95,16709.0,United Kingdom
Year 2010-2011,567128,22968,ROSE COTTAGE KEEPSAKE BOX ,2,2011-09-16 14:04:00,9.95,18055.0,United Kingdom
Year 2010-2011,567138,22424,ENAMEL BREAD BIN CREAM,1,2011-09-16 14:39:00,12.75,17652.0,United Kingdom
Year 2010-2011,567182,23288,GREEN VINTAGE SPOT BEAKER,12,2011-09-18 15:21:00,0.85,13334.0,United Kingdom
Year 2010-2011,567183,84077,WORLD WAR 2 GLIDERS ASSTD DESIGNS,48,2011-09-18 15:32:00,0.29,14769.0,United Kingdom
Year 2010-2011,567183,22848,BREAD BIN DINER STYLE PINK,1,2011-09-18 15:33:00,16.95,14769.0,United Kingdom
Year 2010-2011,567183,22907,PACK OF 20 NAPKINS PANTRY DESIGN,6,2011-09-18 15:33:00,0.85,14769.0,United Kingdom
Year 2010-2011,567184,22907,PACK OF 20 NAPKINS PANTRY DESIGN,4,2011-09-18 15:41:00,0.85,16033.0,United Kingdom
Year 2010-2011,567186,20983,12 PENCILS TALL TUBE RED RETROSPOT,2,2011-09-18 16:04:00,0.85,17073.0,United Kingdom
Year 2010-2011,567191,22382,LUNCH BAG SPACEBOY DESIGN ,10,2011-09-19 09:15:00,1.65,12562.0,France
Year 2010-2011,567204,22300,COFFEE MUG DOG + BALL DESIGN,6,2011-09-19 10:43:00,2.55,15365.0,United Kingdom
Year 2010-2011,567470,23392,SPACEBOY ROCKET LOLLY MAKERS,1,2011-09-20 12:39:00,2.08,16624.0,United Kingdom
Year 2010-2011,567473,23300,GARDENERS KNEELING PAD CUP OF TEA ,2,2011-09-20 12:50:00,1.65,17841.0,United Kingdom
Year 2010-2011,567478,23243,SET OF TEA COFFEE SUGAR TINS PANTRY,4,2011-09-20 13:21:00,4.95,12584.0,Italy
Year 2010-2011,567482,21744,SNOWFLAKE PORTABLE TABLE LIGHT ,4,2011-09-20 13:42:00,2.95,16464.0,United Kingdom
Year 2010-2011,567508,23298,SPOTTY BUNTING,18,2011-09-20 14:50:00,4.95,17724.0,United Kingdom
Year 2010-2011,567530,22045,SPACEBOY GIFT WRAP,25,2011-09-21 09:33:00,0.42,12390.0,Belgium
Year 2010-2011,567533,22652,TRAVEL SEWING KIT,10,2011-09-21 09:45:00,1.65,17651.0,United Kingdom
Year 2010-2011,C567544,23343,JUMBO BAG VINTAGE CHRISTMAS ,-1,2011-09-21 10:19:00,2.08,15622.0,United Kingdom
Year 2010-2011,567654,22961,JAM MAKING SET PRINTED,12,2011-09-21 14:38:00,1.45,16627.0,United Kingdom
Year 2010-2011,567656,21982,PACK OF 12 SUKI TISSUES ,4,2011-09-21 14:40:00,0.83,14096.0,United Kingdom
Year 2010-2011,567656,23219,LAUREL STAR ANTIQUE SILVER ,6,2011-09-21 14:40:00,2.46,14096.0,United Kingdom
Year 2010-2011,567656,22569,FELTCRAFT CUSHION BUTTERFLY,2,2011-09-21 14:40:00,7.46,14096.0,United Kingdom
Year 2010-2011,C567655,CRUK,CRUK Commission,-1,2011-09-21 14:40:00,608.66,14096.0,United Kingdom
Year 2010-2011,567662,23389,SPACEBOY MINI BACKPACK,2,2011-09-21 15:12:00,4.15,17758.0,United Kingdom
Year 2010-2011,567663,23172,REGENCY TEA PLATE PINK,12,2011-09-21 15:15:00,1.65,14951.0,United Kingdom
Year 2010-2011,567666,21673,WHITE SPOT BLUE CERAMIC DRAWER KNOB,12,2011-09-21 15:23:00,1.45,12520.0,Germany
Year 2010-2011,567671,22752,SET 7 BABUSHKA NESTING BOXES,1,2011-09-21 15:34:00,16.63,,United Kingdom
Year 2010-2011,567673,16258A,SWIRLY CIRCULAR RUBBERS IN BAG,1,2011-09-21 15:43:00,0.83,,United Kingdom
Year 2010-2011,567718,21154,RED RETROSPOT OVEN GLOVE ,10,2011-09-22 10:26:00,1.25,17730.0,United Kingdom
Year 2010-2011,567807,23511,EMBROIDERED RIBBON REEL EMILY ,1,2011-09-22 12:23:00,2.08,17027.0,United Kingdom
Year 2010-2011,567850,22150,3 STRIPEY MICE FELTCRAFT,6,2011-09-22 13:18:00,1.95,15067.0,United Kingdom
Year 2010-2011,567890,23375,50'S CHRISTMAS PAPER GIFT BAG,10,2011-09-22 15:40:00,0.82,14125.0,United Kingdom
Year 2010-2011,567944,22837,HOT WATER BOTTLE BABUSHKA ,4,2011-09-22 19:54:00,4.65,14562.0,United Kingdom
Year 2010-2011,C567950,23234,BISCUIT TIN VINTAGE CHRISTMAS,-6,2011-09-23 08:24:00,2.89,17069.0,United Kingdom
Year 2010-2011,567967,21508,VINTAGE KID DOLLY CARD ,12,2011-09-23 09:39:00,0.42,15858.0,United Kingdom
Year 2010-2011,567975,21671,RED SPOT CERAMIC DRAWER KNOB,24,2011-09-23 10:25:00,1.45,17416.0,United Kingdom
Year 2010-2011,568046,20682,RED RETROSPOT CHILDRENS UMBRELLA,1,2011-09-23 12:16:00,3.25,18118.0,United Kingdom
Year 2010-2011,568049,23395,BELLE JARDINIERE CUSHION COVER,1,2011-09-23 12:38:00,3.75,17841.0,United Kingdom
Year 2010-2011,568049,21926,RED/CREAM STRIPE CUSHION COVER ,1,2011-09-23 12:38:00,1.25,17841.0,United Kingdom
Year 2010-2011,568056,21786,POLKADOT RAIN HAT ,24,2011-09-23 12:55:00,0.42,12705.0,Germany
Year 2010-2011,568060,23110,PARISIENNE KEY CABINET ,1,2011-09-23 13:11:00,5.75,14546.0,United Kingdom
Year 2010-2011,568061,23201,JUMBO BAG ALPHABET,1,2011-09-23 13:12:00,2.08,16910.0,United Kingdom
Year 2010-2011,568082,23215,JINGLE BELL HEART ANTIQUE SILVER,12,2011-09-23 14:38:00,2.08,14944.0,United Kingdom
Year 2010-2011,568082,23439,HAND WARMER RED LOVE HEART,24,2011-09-23 14:38:00,2.1,14944.0,United Kingdom
Year 2010-2011,568104,84992,72 SWEETHEART FAIRY CAKE CASES,4,2011-09-23 15:50:00,0.55,16485.0,United Kingdom
Year 2010-2011,568135,23423,PANTRY 3 HOOK ROLLING PIN HANGER,1,2011-09-23 17:04:00,7.46,,United Kingdom
Year 2010-2011,568158,PADS,PADS TO MATCH ALL CUSHIONS,1,2011-09-25 12:22:00,0.0,16133.0,United Kingdom
Year 2010-2011,568180,23285,PINK VINTAGE SPOT BEAKER,3,2011-09-25 13:42:00,0.85,15429.0,United Kingdom
Year 2010-2011,568198,85231B,CINAMMON SET OF 9 T-LIGHTS,4,2011-09-25 14:52:00,0.85,16771.0,United Kingdom
Year 2010-2011,568200,PADS,PADS TO MATCH ALL CUSHIONS,1,2011-09-25 14:58:00,0.001,16198.0,United Kingdom
Year 2010-2011,568210,23231,WRAP  VINTAGE DOILY ,25,2011-09-25 15:56:00,0.42,17159.0,United Kingdom
Year 2010-2011,568311,23296,SET OF 6 TEA TIME BAKING CASES,1,2011-09-26 12:53:00,1.25,17287.0,United Kingdom
Year 2010-2011,568313,21770,OPEN CLOSED METAL SIGN,2,2011-09-26 12:56:00,4.95,14908.0,United Kingdom
Year 2010-2011,568346,22713,CARD I LOVE LONDON ,1,2011-09-26 15:28:00,0.83,14096.0,United Kingdom
Year 2010-2011,568390,21930,JUMBO STORAGE BAG SKULLS,20,2011-09-27 10:08:00,2.08,17811.0,United Kingdom
Year 2010-2011,568400,21169,YOU'RE CONFUSING ME METAL SIGN ,12,2011-09-27 10:27:00,1.69,13644.0,United Kingdom
Year 2010-2011,568526,21174,POTTERING IN THE SHED METAL SIGN,12,2011-09-27 13:04:00,2.08,17656.0,United Kingdom
Year 2010-2011,568526,21817,GLITTER CHRISTMAS TREE,36,2011-09-27 13:04:00,0.39,17656.0,United Kingdom
Year 2010-2011,568527,23202,JUMBO BAG VINTAGE LEAF,10,2011-09-27 13:21:00,2.08,13178.0,United Kingdom
Year 2010-2011,568531,21672,WHITE SPOT RED CERAMIC DRAWER KNOB,6,2011-09-27 13:49:00,1.45,16713.0,United Kingdom
Year 2010-2011,568533,22629,SPACEBOY LUNCH BOX ,24,2011-09-27 13:56:00,1.65,15061.0,United Kingdom
Year 2010-2011,568551,21824,PAINTED METAL STAR WITH HOLLY BELLS,24,2011-09-27 14:58:00,0.39,14883.0,United Kingdom
Year 2010-2011,568553,20711,JUMBO BAG TOYS ,10,2011-09-27 15:17:00,2.08,15674.0,United Kingdom
Year 2010-2011,568567,20963,APPLE BATH SPONGE,1,2011-09-27 18:41:00,2.46,,United Kingdom
Year 2010-2011,568578,21845,DAIRY MAID STRIPE MUG,36,2011-09-28 09:43:00,0.79,15301.0,United Kingdom
Year 2010-2011,568591,23209,LUNCH BAG VINTAGE DOILY ,10,2011-09-28 10:39:00,1.65,17088.0,United Kingdom
Year 2010-2011,568592,23209,LUNCH BAG VINTAGE DOILY ,10,2011-09-28 10:42:00,1.65,17469.0,United Kingdom
Year 2010-2011,568645,22551,PLASTERS IN TIN SPACEBOY,12,2011-09-28 11:38:00,1.65,12656.0,France
Year 2010-2011,C568646,23408,PHOTO FRAME LINEN AND LACE SMALL,-6,2011-09-28 11:45:00,2.08,13430.0,United Kingdom
Year 2010-2011,568657,20655,QUEEN OF SKIES LUGGAGE TAG,1,2011-09-28 12:22:00,1.25,16460.0,United Kingdom
Year 2010-2011,568659,22909,SET OF 20 VINTAGE CHRISTMAS NAPKINS,12,2011-09-28 12:28:00,0.85,13516.0,United Kingdom
Year 2010-2011,568663,23397,FOOT STOOL HOME SWEET HOME ,4,2011-09-28 12:46:00,9.95,14440.0,United Kingdom
Year 2010-2011,568687,21198,WHITE HEART CONFETTI IN TUBE,24,2011-09-28 14:26:00,1.65,16321.0,Australia
Year 2010-2011,568704,84946,ANTIQUE SILVER T-LIGHT GLASS,72,2011-09-28 15:24:00,1.06,13321.0,United Kingdom
Year 2010-2011,568711,22969,HOMEMADE JAM SCENTED CANDLES,12,2011-09-28 15:48:00,1.45,14947.0,United Kingdom
Year 2010-2011,568721,90128C,GREEN LEAVES AND BEADS PHONE CHARM,1,2011-09-28 16:24:00,2.46,,United Kingdom
Year 2010-2011,568793,85199L,LARGE HANGING IVORY & RED WOOD BIRD,12,2011-09-29 09:55:00,0.65,16011.0,United Kingdom
Year 2010-2011,C568830,20728,LUNCH BAG CARS BLUE,-9,2011-09-29 11:34:00,1.65,13725.0,United Kingdom
Year 2010-2011,C568830,23286,BLUE VINTAGE SPOT BEAKER,-40,2011-09-29 11:34:00,0.85,13725.0,United Kingdom
Year 2010-2011,568872,POST,POSTAGE,2,2011-09-29 12:12:00,15.0,12372.0,Denmark
Year 2010-2011,568882,37448,CERAMIC CAKE DESIGN SPOTTED MUG,12,2011-09-29 12:39:00,1.49,12839.0,United Kingdom
Year 2010-2011,568895,82580,BATHROOM METAL SIGN,12,2011-09-29 13:11:00,0.55,15356.0,United Kingdom
Year 2010-2011,568907,21110,LARGE CAKE TOWEL PINK SPOTS,2,2011-09-29 13:35:00,6.75,15370.0,United Kingdom
Year 2010-2011,568910,22582,PACK OF 6 SWEETIE GIFT BOXES,6,2011-09-29 13:39:00,2.55,16574.0,United Kingdom
Year 2010-2011,568910,22633,HAND WARMER UNION JACK,12,2011-09-29 13:39:00,2.1,16574.0,United Kingdom
Year 2010-2011,568938,22563,HAPPY STENCIL CRAFT,2,2011-09-29 14:46:00,1.25,17220.0,United Kingdom
Year 2010-2011,568950,21429,RED GINGHAM ROSE JEWELLERY BOX,16,2011-09-29 15:25:00,1.95,12458.0,Switzerland
Year 2010-2011,568955,23162,REGENCY TEA STRAINER,48,2011-09-29 15:40:00,3.29,13759.0,United Kingdom
Year 2010-2011,568984,22623,BOX OF VINTAGE JIGSAW BLOCKS ,1,2011-09-29 15:57:00,5.95,17813.0,United Kingdom
Year 2010-2011,569005,23076,ICE CREAM SUNDAE LIP GLOSS,24,2011-09-29 18:30:00,1.25,16268.0,United Kingdom
Year 2010-2011,569028,85048,15CM CHRISTMAS GLASS BALL 20 LIGHTS,2,2011-09-30 10:20:00,7.95,14911.0,EIRE
Year 2010-2011,569037,21819,GLITTER CHRISTMAS STAR ,10,2011-09-30 10:45:00,0.39,13263.0,United Kingdom
Year 2010-2011,569127,22111,SCOTTIE DOG HOT WATER BOTTLE,24,2011-09-30 13:31:00,4.25,15903.0,United Kingdom
Year 2010-2011,569129,22952,60 CAKE CASES VINTAGE CHRISTMAS,6,2011-09-30 13:40:00,0.55,15034.0,United Kingdom
Year 2010-2011,569135,21349,nan,5,2011-09-30 14:20:00,0.0,,United Kingdom
Year 2010-2011,569204,21790,VINTAGE SNAP CARDS,4,2011-10-02 10:43:00,0.85,16591.0,United Kingdom
Year 2010-2011,569210,23329,DECORATIVE WICKER HEART LARGE,25,2011-10-02 11:41:00,1.65,13681.0,United Kingdom
Year 2010-2011,569212,23300,GARDENERS KNEELING PAD CUP OF TEA ,3,2011-10-02 12:05:00,1.65,15164.0,United Kingdom
Year 2010-2011,569219,21484,CHICK GREY HOT WATER BOTTLE,1,2011-10-02 13:01:00,4.25,13558.0,United Kingdom
Year 2010-2011,569229,22078,RIBBON REEL LACE DESIGN ,2,2011-10-02 14:56:00,2.1,14502.0,United Kingdom
Year 2010-2011,569231,21169,YOU'RE CONFUSING ME METAL SIGN ,1,2011-10-02 15:18:00,1.69,13379.0,United Kingdom
Year 2010-2011,569234,23287,RED VINTAGE SPOT BEAKER,1,2011-10-02 15:33:00,0.85,17841.0,United Kingdom
Year 2010-2011,569234,23087,ZINC  HEART T-LIGHT HOLDER,1,2011-10-02 15:33:00,1.25,17841.0,United Kingdom
Year 2010-2011,569246,22149,FELTCRAFT 6 FLOWER FRIENDS,3,2011-10-03 09:57:00,4.13,14096.0,United Kingdom
Year 2010-2011,C569245,CRUK,CRUK Commission,-1,2011-10-03 09:57:00,361.59,14096.0,United Kingdom
Year 2010-2011,569250,23310,BUBBLEGUM RING ASSORTED,36,2011-10-03 10:18:00,0.42,16747.0,United Kingdom
Year 2010-2011,569332,23206,LUNCH BAG APPLE DESIGN,1,2011-10-03 13:46:00,1.65,12637.0,France
Year 2010-2011,569364,M,Manual,12,2011-10-03 15:10:00,1.0,13167.0,United Kingdom
Year 2010-2011,569386,23530,WALL ART ONLY ONE PERSON ,6,2011-10-03 16:48:00,4.95,15159.0,United Kingdom
Year 2010-2011,569406,22144,CHRISTMAS CRAFT LITTLE FRIENDS,24,2011-10-04 09:09:00,2.1,16253.0,United Kingdom
Year 2010-2011,569423,22739,RIBBON REEL CHRISTMAS SOCK BAUBLE,10,2011-10-04 10:42:00,1.65,16882.0,United Kingdom
Year 2010-2011,569457,20713,JUMBO BAG OWLS,1,2011-10-04 11:29:00,2.08,14606.0,United Kingdom
Year 2010-2011,569479,23373,VINTAGE CHRISTMAS PAPER GIFT BAG,40,2011-10-04 12:41:00,0.82,13408.0,United Kingdom
Year 2010-2011,569493,23344,JUMBO BAG 50'S CHRISTMAS ,10,2011-10-04 13:35:00,2.08,13317.0,United Kingdom
Year 2010-2011,569513,84347,ROTATING SILVER ANGELS T-LIGHT HLDR,24,2011-10-04 13:55:00,2.55,14332.0,United Kingdom
Year 2010-2011,569524,23172,REGENCY TEA PLATE PINK,2,2011-10-04 14:42:00,1.65,14506.0,United Kingdom
Year 2010-2011,569528,21163,DO NOT TOUCH MY STUFF DOOR HANGER ,3,2011-10-04 14:53:00,0.39,16242.0,United Kingdom
Year 2010-2011,569532,23493,VINTAGE DOILY TRAVEL SEWING KIT,10,2011-10-04 15:19:00,1.95,13552.0,United Kingdom
Year 2010-2011,569533,23263,SET OF 3 WOODEN HEART DECORATIONS,1,2011-10-04 15:21:00,1.25,16374.0,United Kingdom
Year 2010-2011,569653,85049E,SCANDINAVIAN REDS RIBBONS,24,2011-10-05 12:52:00,1.25,12451.0,Switzerland
Year 2010-2011,569653,16238,PARTY TIME PENCIL ERASERS,28,2011-10-05 12:52:00,0.21,12451.0,Switzerland
Year 2010-2011,C569655,22991,GIRAFFE WOODEN RULER,-2,2011-10-05 12:58:00,1.95,14534.0,United Kingdom
Year 2010-2011,569669,79160,HEART SHAPE WIRELESS DOORBELL,1,2011-10-05 13:47:00,2.1,14730.0,United Kingdom
Year 2010-2011,569673,23103,JINGLE BELL HEART DECORATION,7,2011-10-05 13:58:00,1.65,17222.0,United Kingdom
Year 2010-2011,569692,23199,JUMBO BAG APPLES,20,2011-10-05 15:17:00,2.08,14389.0,United Kingdom
Year 2010-2011,569700,22197,POPCORN HOLDER,6,2011-10-05 15:56:00,1.63,,United Kingdom
Year 2010-2011,569700,23395,BELLE JARDINIERE CUSHION COVER,1,2011-10-05 15:56:00,10.79,,United Kingdom
Year 2010-2011,C569829,D,Discount,-1,2011-10-06 12:37:00,16.07,14527.0,United Kingdom
Year 2010-2011,569866,23198,PANTRY MAGNETIC  SHOPPING LIST,2,2011-10-06 14:50:00,1.45,12757.0,Portugal
Year 2010-2011,569870,22382,LUNCH BAG SPACEBOY DESIGN ,2,2011-10-06 14:59:00,1.65,12757.0,Portugal
Year 2010-2011,569897,22083,PAPER CHAIN KIT RETROSPOT,1,2011-10-06 16:01:00,2.95,17813.0,United Kingdom
Year 2010-2011,569899,22593,CHRISTMAS GINGHAM STAR,24,2011-10-06 16:15:00,0.85,13940.0,United Kingdom
Year 2010-2011,C569908,23322,LARGE WHITE HEART OF WICKER,-2,2011-10-06 16:41:00,2.95,16782.0,United Kingdom
Year 2010-2011,C569909,22891,TEA FOR ONE POLKADOT,-1,2011-10-06 16:43:00,4.25,17611.0,United Kingdom
Year 2010-2011,C569989,85099B,JUMBO BAG RED RETROSPOT,-58,2011-10-06 20:08:00,1.79,16839.0,United Kingdom
Year 2010-2011,570000,22061,LARGE CAKE STAND  HANGING STRAWBERY,4,2011-10-07 08:55:00,9.95,12420.0,Cyprus
Year 2010-2011,570000,23245,SET OF 3 REGENCY CAKE TINS,4,2011-10-07 08:55:00,4.95,12420.0,Cyprus
Year 2010-2011,C570099,82583,HOT BATHS METAL SIGN,-4,2011-10-07 12:11:00,1.85,13798.0,United Kingdom
Year 2010-2011,570123,21216,"SET 3 RETROSPOT TEA,COFFEE,SUGAR",3,2011-10-07 13:09:00,4.95,13314.0,United Kingdom
Year 2010-2011,570179,22736,RIBBON REEL MAKING SNOWMEN ,10,2011-10-07 14:27:00,1.65,17509.0,United Kingdom
Year 2010-2011,570197,22062,CERAMIC BOWL WITH LOVE HEART DESIGN,1,2011-10-07 15:45:00,0.83,13755.0,United Kingdom
Year 2010-2011,570197,23126,FELTCRAFT GIRL AMELIE KIT,1,2011-10-07 15:45:00,4.95,13755.0,United Kingdom
Year 2010-2011,570224,23395,BELLE JARDINIERE CUSHION COVER,3,2011-10-09 13:15:00,3.75,16931.0,United Kingdom
Year 2010-2011,570225,22866,HAND WARMER SCOTTY DOG DESIGN,3,2011-10-09 13:15:00,2.1,16595.0,United Kingdom
Year 2010-2011,570228,23090,VINTAGE GLASS T-LIGHT HOLDER,12,2011-10-09 13:28:00,0.83,15821.0,United Kingdom
Year 2010-2011,570233,22366,DOORMAT AIRMAIL ,1,2011-10-09 13:58:00,8.25,16685.0,United Kingdom
Year 2010-2011,570234,37500,TEA TIME TEAPOT IN GIFT BOX,2,2011-10-09 14:22:00,4.95,17790.0,United Kingdom
Year 2010-2011,570244,22768,FAMILY PHOTO FRAME CORNICE,1,2011-10-09 16:05:00,9.95,14514.0,United Kingdom
Year 2010-2011,570249,22141,CHRISTMAS CRAFT TREE TOP ANGEL,6,2011-10-10 08:58:00,2.1,17509.0,United Kingdom
Year 2010-2011,570256,22119,PEACE WOODEN BLOCK LETTERS,3,2011-10-10 09:53:00,6.95,15152.0,United Kingdom
Year 2010-2011,570273,23313,VINTAGE CHRISTMAS BUNTING,25,2011-10-10 10:51:00,4.95,13373.0,United Kingdom
Year 2010-2011,570293,84946,ANTIQUE SILVER T-LIGHT GLASS,12,2011-10-10 12:00:00,1.25,14128.0,United Kingdom
Year 2010-2011,570380,20750,RED RETROSPOT MINI CASES,2,2011-10-10 12:35:00,7.95,14606.0,United Kingdom
Year 2010-2011,570448,16156S,WRAP PINK FAIRY CAKES ,25,2011-10-10 14:55:00,0.42,13224.0,United Kingdom
Year 2010-2011,570455,23100,SILVER BELLS TABLE DECORATION,1,2011-10-10 15:27:00,1.25,14529.0,United Kingdom
Year 2010-2011,570458,22737,RIBBON REEL CHRISTMAS PRESENT ,5,2011-10-10 15:39:00,1.65,14535.0,United Kingdom
Year 2010-2011,570458,21181,PLEASE ONE PERSON METAL SIGN,2,2011-10-10 15:39:00,2.1,14535.0,United Kingdom
Year 2010-2011,570466,23427,STOOL HOME SWEET HOME ,1,2011-10-10 16:03:00,12.5,16791.0,United Kingdom
Year 2010-2011,570488,22367,CHILDRENS APRON SPACEBOY DESIGN,1,2011-10-10 17:12:00,4.13,14096.0,United Kingdom
Year 2010-2011,570492,22383,LUNCH BAG SUKI DESIGN ,10,2011-10-11 08:23:00,1.65,14194.0,United Kingdom
Year 2010-2011,570499,22579,WOODEN TREE CHRISTMAS SCANDINAVIAN,12,2011-10-11 09:19:00,0.29,12772.0,Portugal
Year 2010-2011,570499,84806B,WHITE CANDYSTUFT ARTIFICIAL FLOWER,24,2011-10-11 09:19:00,1.45,12772.0,Portugal
Year 2010-2011,570505,23324,RUSTIC STRAWBERRY JAM POT LARGE ,12,2011-10-11 09:41:00,2.08,14841.0,United Kingdom
Year 2010-2011,570517,23209,LUNCH BAG VINTAGE DOILY ,20,2011-10-11 10:41:00,1.65,13971.0,United Kingdom
Year 2010-2011,570522,85099B,JUMBO BAG RED RETROSPOT,300,2011-10-11 10:46:00,1.74,16029.0,United Kingdom
Year 2010-2011,570592,20675,BLUE POLKADOT BOWL,1,2011-10-11 11:37:00,2.46,,United Kingdom
Year 2010-2011,570674,23434,3 RAFFIA RIBBONS 50'S CHRISTMAS ,10,2011-10-11 14:59:00,0.79,14911.0,EIRE
Year 2010-2011,570818,21495,SKULLS AND CROSSBONES WRAP,25,2011-10-12 12:47:00,0.42,17841.0,United Kingdom
Year 2010-2011,570826,20668,DISCO BALL CHRISTMAS DECORATION,24,2011-10-12 13:14:00,0.12,16753.0,United Kingdom
Year 2010-2011,C570831,90024B,NEW BAROQUE B'FLY NECKLACE RED,-2,2011-10-12 13:25:00,8.5,14911.0,EIRE
Year 2010-2011,570841,20724,RED RETROSPOT CHARLOTTE BAG,10,2011-10-12 14:18:00,0.85,12553.0,France
Year 2010-2011,570861,23432,PRETTY HANGING QUILTED HEARTS,24,2011-10-12 15:27:00,0.83,14775.0,United Kingdom
Year 2010-2011,570879,21739,COSY SLIPPER SHOES SMALL GREEN,6,2011-10-13 08:42:00,2.95,12685.0,France
Year 2010-2011,570883,23380,PACK OF 12 VINTAGE DOILY TISSUES,24,2011-10-13 09:55:00,0.39,13477.0,United Kingdom
Year 2010-2011,571030,23307,SET OF 60 PANTRY DESIGN CAKE CASES ,72,2011-10-13 12:26:00,0.55,12876.0,Belgium
Year 2010-2011,571080,46000M,POLYESTER FILLER PAD 45x45cm,12,2011-10-13 15:19:00,1.55,13719.0,United Kingdom
Year 2010-2011,571081,23411, TRELLIS COAT RACK,1,2011-10-13 15:23:00,4.95,16775.0,United Kingdom
Year 2010-2011,571098,21524,DOORMAT SPOTTY HOME SWEET HOME,2,2011-10-13 15:38:00,8.25,17841.0,United Kingdom
Year 2010-2011,571107,22169,FAMILY ALBUM WHITE PICTURE FRAME,2,2011-10-13 16:17:00,8.5,13858.0,United Kingdom
Year 2010-2011,571183,22057,CERAMIC PLATE STRAWBERRY DESIGN,4,2011-10-14 11:08:00,1.49,14796.0,United Kingdom
Year 2010-2011,571221,21929,JUMBO BAG PINK VINTAGE PAISLEY,1,2011-10-14 13:35:00,2.08,16416.0,United Kingdom
Year 2010-2011,571230,23222,CHRISTMAS TREE HANGING GOLD,12,2011-10-14 14:16:00,0.83,13717.0,United Kingdom
Year 2010-2011,C571264,22605,WOODEN CROQUET GARDEN SET,-1,2011-10-16 11:07:00,14.95,17769.0,United Kingdom
Year 2010-2011,571273,22993,SET OF 4 PANTRY JELLY MOULDS,12,2011-10-16 12:21:00,1.25,13034.0,United Kingdom
Year 2010-2011,571274,85062,PEARL CRYSTAL PUMPKIN T-LIGHT HLDR,6,2011-10-16 12:25:00,1.65,16934.0,United Kingdom
Year 2010-2011,571305,21558,SKULL LUNCH BOX WITH CUTLERY ,1,2011-10-17 09:55:00,4.96,,United Kingdom
Year 2010-2011,571311,23542,WALL ART 70'S ALPHABET ,2,2011-10-17 10:33:00,8.25,17402.0,United Kingdom
Year 2010-2011,571312,16045,POPART WOODEN PENCILS ASST,100,2011-10-17 10:42:00,0.04,12474.0,Germany
Year 2010-2011,571328,85049A,TRADITIONAL CHRISTMAS RIBBONS,24,2011-10-17 11:27:00,1.25,12473.0,Germany
Year 2010-2011,571433,23174,REGENCY SUGAR BOWL GREEN,4,2011-10-17 13:19:00,4.15,13015.0,United Kingdom
Year 2010-2011,571442,22077,6 RIBBONS RUSTIC CHARM,6,2011-10-17 13:39:00,1.95,17049.0,United Kingdom
Year 2010-2011,571442,48138,DOORMAT UNION FLAG,3,2011-10-17 13:39:00,8.25,17049.0,United Kingdom
Year 2010-2011,571442,23343,JUMBO BAG VINTAGE CHRISTMAS ,8,2011-10-17 13:39:00,2.08,17049.0,United Kingdom
Year 2010-2011,571550,22699,ROSES REGENCY TEACUP AND SAUCER ,24,2011-10-18 08:15:00,2.55,13892.0,United Kingdom
Year 2010-2011,571653,23525,WALL ART BUFFALO BILL ,6,2011-10-18 12:17:00,3.29,14298.0,United Kingdom
Year 2010-2011,571658,22355,CHARLOTTE BAG SUKI DESIGN,20,2011-10-18 12:48:00,0.85,12621.0,Germany
Year 2010-2011,571677,22668,PINK BABY BUNTING,5,2011-10-18 13:32:00,2.95,13637.0,United Kingdom
Year 2010-2011,571693,22741,FUNKY DIVA PEN,48,2011-10-18 14:44:00,0.85,14776.0,United Kingdom
Year 2010-2011,571697,POST,POSTAGE,3,2011-10-18 14:49:00,15.0,12759.0,Netherlands
Year 2010-2011,571713,22043,CHRISTMAS CARD SCREEN PRINT ,3,2011-10-18 16:58:00,0.42,,United Kingdom
Year 2010-2011,571732,23414,ZINC BOX SIGN HOME,2,2011-10-19 09:58:00,9.95,16298.0,United Kingdom
Year 2010-2011,571740,23225,CHERUB HEART DECORATION SILVER ,12,2011-10-19 10:34:00,0.83,17973.0,United Kingdom
Year 2010-2011,571837,84006,MAGIC TREE -PAPER FLOWERS,2,2011-10-19 12:11:00,0.85,16470.0,United Kingdom
Year 2010-2011,571850,22577,WOODEN HEART CHRISTMAS SCANDINAVIAN,6,2011-10-19 12:54:00,0.29,14698.0,United Kingdom
Year 2010-2011,C571860,22625,RED KITCHEN SCALES,-1,2011-10-19 13:42:00,8.5,14175.0,United Kingdom
Year 2010-2011,571883,21618,4 WILDFLOWER BOTANICAL CANDLES,1,2011-10-19 13:58:00,1.25,14704.0,United Kingdom
Year 2010-2011,571935,22469,HEART OF WICKER SMALL,12,2011-10-20 08:41:00,1.65,13890.0,United Kingdom
Year 2010-2011,572030,22624,IVORY KITCHEN SCALES,2,2011-10-20 11:51:00,8.5,14923.0,United Kingdom
Year 2010-2011,572050,23085,ANTIQUE SILVER BAUBLE LAMP  ,2,2011-10-20 12:23:00,10.4,17346.0,United Kingdom
Year 2010-2011,572065,21744,SNOWFLAKE PORTABLE TABLE LIGHT ,5,2011-10-20 13:06:00,2.95,12556.0,Spain
Year 2010-2011,572066,47566,PARTY BUNTING,12,2011-10-20 13:07:00,4.95,15159.0,United Kingdom
Year 2010-2011,572087,21123,SET/10 IVORY POLKADOT PARTY CANDLES,24,2011-10-20 14:30:00,1.25,12683.0,France
Year 2010-2011,572092,22909,SET OF 20 VINTAGE CHRISTMAS NAPKINS,1,2011-10-20 14:41:00,0.85,17125.0,United Kingdom
Year 2010-2011,572096,17012D,ORIGAMI ROSE INCENSE/CANDLE SET ,1,2011-10-20 15:20:00,0.85,16813.0,United Kingdom
Year 2010-2011,572103,22554,PLASTERS IN TIN WOODLAND ANIMALS,1,2011-10-20 15:57:00,1.65,17571.0,United Kingdom
Year 2010-2011,572103,84945,MULTI COLOUR SILVER T-LIGHT HOLDER,12,2011-10-20 15:57:00,0.85,17571.0,United Kingdom
Year 2010-2011,572219,21929,JUMBO BAG PINK VINTAGE PAISLEY,1,2011-10-21 13:17:00,2.08,17463.0,United Kingdom
Year 2010-2011,572219,82582,AREA PATROLLED METAL SIGN,1,2011-10-21 13:17:00,2.1,17463.0,United Kingdom
Year 2010-2011,572224,23320,GIANT 50'S CHRISTMAS CRACKER,12,2011-10-21 13:46:00,2.89,16558.0,United Kingdom
Year 2010-2011,572231,23374,RED SPOT PAPER GIFT BAG,10,2011-10-21 14:41:00,0.82,13974.0,United Kingdom
Year 2010-2011,C572276,23237,SET OF 4 KNICK KNACK TINS LEAF,-2,2011-10-23 10:24:00,4.15,16768.0,United Kingdom
Year 2010-2011,572283,22579,WOODEN TREE CHRISTMAS SCANDINAVIAN,4,2011-10-23 11:42:00,0.29,15000.0,United Kingdom
Year 2010-2011,572287,23311,VINTAGE CHRISTMAS STOCKING ,3,2011-10-23 12:26:00,2.55,15584.0,United Kingdom
Year 2010-2011,572295,20898,VINTAGE NOTEBOOK TRAVELOGUE,5,2011-10-23 13:49:00,2.95,16686.0,United Kingdom
Year 2010-2011,572314,21914,BLUE HARMONICA IN BOX ,12,2011-10-23 15:59:00,1.25,17111.0,United Kingdom
Year 2010-2011,572318,23307,SET OF 60 PANTRY DESIGN CAKE CASES ,1,2011-10-23 16:19:00,0.55,15436.0,United Kingdom
Year 2010-2011,572318,22755,SMALL PURPLE BABUSHKA NOTEBOOK ,4,2011-10-23 16:19:00,0.85,15436.0,United Kingdom
Year 2010-2011,572320,84879,ASSORTED COLOUR BIRD ORNAMENT,8,2011-10-24 08:48:00,1.69,16325.0,United Kingdom
Year 2010-2011,572330,23439,HAND WARMER RED LOVE HEART,1,2011-10-24 10:17:00,2.1,16426.0,United Kingdom
Year 2010-2011,572336,23437, 50'S CHRISTMAS GIFT BAG LARGE,12,2011-10-24 10:29:00,1.25,13523.0,United Kingdom
Year 2010-2011,572447,21989,PACK OF 20 SKULL PAPER NAPKINS,3,2011-10-24 12:25:00,0.85,17811.0,United Kingdom
Year 2010-2011,572451,84755,COLOUR GLASS T-LIGHT HOLDER HANGING,16,2011-10-24 12:36:00,0.65,12921.0,United Kingdom
Year 2010-2011,572465,22810,SET OF 6 T-LIGHTS SNOWMEN,6,2011-10-24 13:26:00,2.95,14474.0,United Kingdom
Year 2010-2011,572520,85034C,3 ROSE MORRIS BOXED CANDLES,24,2011-10-24 15:05:00,1.25,13165.0,United Kingdom
Year 2010-2011,572520,84929,ASSTD FRUIT+FLOWERS FRIDGE MAGNETS,24,2011-10-24 15:05:00,0.19,13165.0,United Kingdom
Year 2010-2011,572540,20676,RED RETROSPOT BOWL,3,2011-10-24 16:17:00,2.46,,United Kingdom
Year 2010-2011,572544,20970,PINK FLORAL FELTCRAFT SHOULDER BAG,1,2011-10-24 16:34:00,3.75,16023.0,United Kingdom
Year 2010-2011,572552,85099F,JUMBO BAG STRAWBERRY,2,2011-10-24 17:07:00,4.13,14096.0,United Kingdom
Year 2010-2011,572552,85129C,BEADED CRYSTAL HEART BLUE SMALL,1,2011-10-24 17:07:00,2.46,14096.0,United Kingdom
Year 2010-2011,572552,22352,LUNCH BOX WITH CUTLERY RETROSPOT ,1,2011-10-24 17:07:00,4.96,14096.0,United Kingdom
Year 2010-2011,C572551,CRUK,CRUK Commission,-1,2011-10-24 17:07:00,425.14,14096.0,United Kingdom
Year 2010-2011,572669,22631,CIRCUS PARADE LUNCH BOX ,1,2011-10-25 13:10:00,1.95,16549.0,United Kingdom
Year 2010-2011,572676,23344,JUMBO BAG 50'S CHRISTMAS ,10,2011-10-25 13:30:00,2.08,16258.0,United Kingdom
Year 2010-2011,572703,22749,FELTCRAFT PRINCESS CHARLOTTE DOLL,1,2011-10-25 14:35:00,3.75,16110.0,United Kingdom
Year 2010-2011,572753,21558,SKULL LUNCH BOX WITH CUTLERY ,3,2011-10-25 17:29:00,2.55,15856.0,United Kingdom
Year 2010-2011,572755,22818,CARD CHRISTMAS VILLAGE,36,2011-10-25 17:31:00,0.42,13601.0,United Kingdom
Year 2010-2011,572775,85035C,ROSE 3 WICK MORRIS BOX CANDLE,24,2011-10-26 10:43:00,1.25,13126.0,United Kingdom
Year 2010-2011,572849,S,SAMPLES,1,2011-10-26 12:20:00,33.05,,United Kingdom
Year 2010-2011,572872,21890,S/6 WOODEN SKITTLES IN COTTON BAG,2,2011-10-26 13:27:00,3.25,15320.0,United Kingdom
Year 2010-2011,572896,22924,FRIDGE MAGNETS LA VIE EN ROSE,12,2011-10-26 14:41:00,0.85,12456.0,Switzerland
Year 2010-2011,572935,82581,TOILET METAL SIGN,12,2011-10-27 10:26:00,0.55,14189.0,United Kingdom
Year 2010-2011,573026,23078,ICE CREAM PEN LIP GLOSS ,24,2011-10-27 13:25:00,1.25,17459.0,United Kingdom
Year 2010-2011,573029,21636,MADRAS NOTEBOOK MEDIUM,1,2011-10-27 13:33:00,0.75,14971.0,United Kingdom
Year 2010-2011,573083,22491,PACK OF 12 COLOURED PENCILS,6,2011-10-27 14:22:00,0.85,13735.0,United Kingdom
Year 2010-2011,573109,22835,HOT WATER BOTTLE I AM SO POORLY,8,2011-10-27 15:19:00,4.95,15144.0,United Kingdom
Year 2010-2011,573151,22554,PLASTERS IN TIN WOODLAND ANIMALS,4,2011-10-27 20:09:00,1.65,17602.0,United Kingdom
Year 2010-2011,573163,21231,SWEETHEART CERAMIC TRINKET BOX,12,2011-10-28 09:06:00,1.25,16843.0,United Kingdom
Year 2010-2011,573266,22699,ROSES REGENCY TEACUP AND SAUCER ,24,2011-10-28 12:40:00,2.55,15290.0,United Kingdom
Year 2010-2011,573291,23145,ZINC T-LIGHT HOLDER STAR LARGE,12,2011-10-28 14:51:00,0.95,16554.0,United Kingdom
Year 2010-2011,573320,22191,IVORY DINER WALL CLOCK,4,2011-10-30 10:29:00,8.5,15513.0,United Kingdom
Year 2010-2011,573326,22941,CHRISTMAS LIGHTS 10 REINDEER,8,2011-10-30 11:08:00,8.5,15298.0,United Kingdom
Year 2010-2011,573330,22898,CHILDRENS APRON APPLES DESIGN,1,2011-10-30 11:22:00,1.95,16923.0,United Kingdom
Year 2010-2011,573340,20726,LUNCH BAG WOODLAND,3,2011-10-30 11:55:00,1.65,14159.0,United Kingdom
Year 2010-2011,573344,23081,GREEN METAL BOX ARMY SUPPLIES,2,2011-10-30 12:07:00,8.25,14179.0,United Kingdom
Year 2010-2011,573344,84836,ZINC METAL HEART DECORATION,1,2011-10-30 12:07:00,1.25,14179.0,United Kingdom
Year 2010-2011,573360,22306,SILVER MUG BONE CHINA TREE OF LIFE,6,2011-10-30 12:51:00,1.06,15748.0,United Kingdom
Year 2010-2011,573361,22422,TOOTHPASTE TUBE PEN,2,2011-10-30 12:53:00,0.65,14456.0,United Kingdom
Year 2010-2011,573362,84870C,GREEN GEISHA GIRL ,4,2011-10-30 13:06:00,3.75,12597.0,Spain
Year 2010-2011,573368,22300,COFFEE MUG DOG + BALL DESIGN,6,2011-10-30 13:18:00,2.55,14507.0,United Kingdom
Year 2010-2011,573373,72134,COLUMBIAN  CUBE CANDLE ,2,2011-10-30 13:37:00,0.85,14684.0,United Kingdom
Year 2010-2011,573373,21329,DINOSAURS  WRITING SET ,1,2011-10-30 13:37:00,1.65,14684.0,United Kingdom
Year 2010-2011,573375,21915,RED  HARMONICA IN BOX ,24,2011-10-30 13:42:00,1.25,15521.0,United Kingdom
Year 2010-2011,573392,22423,REGENCY CAKESTAND 3 TIER,1,2011-10-30 15:04:00,12.75,15376.0,United Kingdom
Year 2010-2011,573407,16254,TRANSPARENT ACRYLIC TAPE DISPENSER,1,2011-10-30 15:58:00,0.85,18067.0,United Kingdom
Year 2010-2011,573415,21455,PAINTED YELLOW WOODEN DAISY,10,2011-10-30 16:17:00,0.85,13607.0,United Kingdom
Year 2010-2011,573417,84836,ZINC METAL HEART DECORATION,12,2011-10-31 08:56:00,1.25,12581.0,Germany
Year 2010-2011,573504,21212,PACK OF 72 RETROSPOT CAKE CASES,24,2011-10-31 12:05:00,0.55,13983.0,United Kingdom
Year 2010-2011,573510,22199,FRYING PAN RED RETROSPOT,1,2011-10-31 12:21:00,4.25,14808.0,United Kingdom
Year 2010-2011,573556,23530,WALL ART ONLY ONE PERSON ,6,2011-10-31 13:51:00,4.95,17675.0,United Kingdom
Year 2010-2011,573579,21731,RED TOADSTOOL LED NIGHT LIGHT,3,2011-10-31 14:19:00,1.65,15033.0,United Kingdom
Year 2010-2011,573581,C2,CARRIAGE,1,2011-10-31 14:22:00,50.0,14911.0,EIRE
Year 2010-2011,573665,23569,TRADTIONAL ALPHABET STAMP SET,12,2011-10-31 16:24:00,4.95,13982.0,United Kingdom
Year 2010-2011,573744,23144,ZINC T-LIGHT HOLDER STARS SMALL,12,2011-11-01 08:16:00,0.83,17733.0,United Kingdom
Year 2010-2011,573762,23582,VINTAGE DOILY JUMBO BAG RED ,10,2011-11-01 09:56:00,2.08,13758.0,United Kingdom
Year 2010-2011,573763,23382,BOX OF 6 CHRISTMAS CAKE DECORATIONS,4,2011-11-01 09:56:00,3.75,17139.0,United Kingdom
Year 2010-2011,573814,23208,LUNCH BAG VINTAGE LEAF DESIGN,5,2011-11-01 11:31:00,1.65,13268.0,United Kingdom
Year 2010-2011,573868,22139,RETROSPOT TEA SET CERAMIC 11 PC ,3,2011-11-01 12:18:00,4.95,12491.0,France
Year 2010-2011,573874,17012F,ORIGAMI SANDLEWOOD INCENSE/CAND SET,24,2011-11-01 12:45:00,0.85,13868.0,United Kingdom
Year 2010-2011,573876,21917,SET 12 KIDS  WHITE CHALK STICKS,2,2011-11-01 12:48:00,0.42,16360.0,United Kingdom
Year 2010-2011,573889,23203,JUMBO BAG VINTAGE DOILY ,2,2011-11-01 13:44:00,2.08,13571.0,United Kingdom
Year 2010-2011,573907,20969,RED FLORAL FELTCRAFT SHOULDER BAG,4,2011-11-01 15:17:00,3.75,13021.0,United Kingdom
Year 2010-2011,574055,22791,T-LIGHT GLASS FLUTED ANTIQUE,72,2011-11-02 14:08:00,1.06,16525.0,United Kingdom
Year 2010-2011,574068,23084,RABBIT NIGHT LIGHT,96,2011-11-02 14:51:00,1.79,12490.0,France
Year 2010-2011,574076,23348,CHILDRENS TOY COOKING UTENSIL SET,1,2011-11-02 15:38:00,4.13,,United Kingdom
Year 2010-2011,574076,20963,APPLE BATH SPONGE,2,2011-11-02 15:38:00,2.46,,United Kingdom
Year 2010-2011,574107,48194,DOORMAT HEARTS,2,2011-11-03 10:49:00,8.25,13728.0,United Kingdom
Year 2010-2011,C574261,22352,LUNCH BOX WITH CUTLERY RETROSPOT ,-1,2011-11-03 14:00:00,2.55,12683.0,France
Year 2010-2011,574281,22632,HAND WARMER RED RETROSPOT,12,2011-11-03 14:47:00,2.1,14856.0,United Kingdom
Year 2010-2011,574284,23147,SINGLE ANTIQUE ROSE HOOK IVORY,12,2011-11-03 15:01:00,1.45,17644.0,United Kingdom
Year 2010-2011,574295,23080,RED METAL BOX TOP SECRET,84,2011-11-03 15:47:00,7.5,17389.0,United Kingdom
Year 2010-2011,574304,84879,ASSORTED COLOUR BIRD ORNAMENT,8,2011-11-03 16:30:00,1.69,14428.0,United Kingdom
Year 2010-2011,574328,23311,VINTAGE CHRISTMAS STOCKING ,12,2011-11-04 09:05:00,2.55,13081.0,United Kingdom
Year 2010-2011,574328,20726,LUNCH BAG WOODLAND,20,2011-11-04 09:05:00,1.65,13081.0,United Kingdom
Year 2010-2011,574328,22578,WOODEN STAR CHRISTMAS SCANDINAVIAN,48,2011-11-04 09:05:00,0.29,13081.0,United Kingdom
Year 2010-2011,574445,21034,REX CASH+CARRY JUMBO SHOPPER,4,2011-11-04 11:41:00,0.95,15722.0,United Kingdom
Year 2010-2011,574474,22952,60 CAKE CASES VINTAGE CHRISTMAS,1,2011-11-04 12:05:00,0.55,17979.0,United Kingdom
Year 2010-2011,C574493,23114,VINTAGE LEAF CHOPPING BOARD  ,-2,2011-11-04 13:09:00,4.95,14842.0,United Kingdom
Year 2010-2011,574532,23392,SPACEBOY ROCKET LOLLY MAKERS,6,2011-11-04 14:19:00,2.08,15676.0,United Kingdom
Year 2010-2011,574547,82482,WOODEN PICTURE FRAME WHITE FINISH,3,2011-11-04 15:08:00,2.95,17841.0,United Kingdom
Year 2010-2011,574573,23176,ABC TREASURE BOOK BOX ,1,2011-11-04 16:35:00,2.25,14592.0,United Kingdom
Year 2010-2011,574659,22470,HEART OF WICKER LARGE,2,2011-11-06 11:44:00,2.95,16942.0,United Kingdom
Year 2010-2011,574663,21314,SMALL GLASS HEART TRINKET POT,8,2011-11-06 12:04:00,2.1,13527.0,United Kingdom
Year 2010-2011,574671,35471D,SET OF 3 BIRD LIGHT PINK FEATHER ,1,2011-11-06 12:23:00,0.39,16744.0,United Kingdom
Year 2010-2011,574674,84378,SET OF 3 HEART COOKIE CUTTERS,12,2011-11-06 12:30:00,1.45,14404.0,United Kingdom
Year 2010-2011,574683,22572,ROCKING HORSE GREEN CHRISTMAS ,2,2011-11-06 12:50:00,0.85,16372.0,United Kingdom
Year 2010-2011,574701,22558,CLOTHES PEGS RETROSPOT PACK 24 ,6,2011-11-06 13:54:00,1.65,15426.0,United Kingdom
Year 2010-2011,574722,84970S,HANGING HEART ZINC T-LIGHT HOLDER,3,2011-11-06 14:45:00,0.85,14502.0,United Kingdom
Year 2010-2011,574726,22614,PACK OF 12 SPACEBOY TISSUES,7,2011-11-06 14:56:00,0.39,14664.0,United Kingdom
Year 2010-2011,574726,23264,SET OF 3 WOODEN SLEIGH DECORATIONS,12,2011-11-06 14:56:00,1.25,14664.0,United Kingdom
Year 2010-2011,574738,23366,SET 12 COLOURING PENCILS DOILY,2,2011-11-06 16:01:00,0.65,12748.0,United Kingdom
Year 2010-2011,574741,22158,3 HEARTS HANGING DECORATION RUSTIC,2,2011-11-06 16:13:00,2.95,15993.0,United Kingdom
Year 2010-2011,574745,22579,WOODEN TREE CHRISTMAS SCANDINAVIAN,48,2011-11-07 08:26:00,0.29,14911.0,EIRE
Year 2010-2011,574755,82001S,SILVER RECORD COVER FRAME,24,2011-11-07 09:28:00,3.39,13078.0,United Kingdom
Year 2010-2011,574824,21508,VINTAGE KID DOLLY CARD ,12,2011-11-07 10:43:00,0.42,13097.0,United Kingdom
Year 2010-2011,574844,90162A,ANT SILVER TURQUOISE BOUDICCA RING,6,2011-11-07 11:57:00,2.95,12783.0,Portugal
Year 2010-2011,574868,22891,TEA FOR ONE POLKADOT,9,2011-11-07 12:41:00,4.25,13824.0,United Kingdom
Year 2010-2011,574881,23084,RABBIT NIGHT LIGHT,6,2011-11-07 13:30:00,2.08,12832.0,United Kingdom
Year 2010-2011,574892,23393,HOME SWEET HOME CUSHION COVER ,5,2011-11-07 14:40:00,3.75,14700.0,United Kingdom
Year 2010-2011,574893,84032B,CHARLIE + LOLA RED HOT WATER BOTTLE,1,2011-11-07 14:40:00,2.95,18036.0,United Kingdom
Year 2010-2011,574898,22381,TOY TIDY PINK POLKADOT,5,2011-11-07 15:07:00,2.1,16242.0,United Kingdom
Year 2010-2011,574909,22634,CHILDS BREAKFAST SET SPACEBOY ,2,2011-11-07 15:40:00,9.95,13673.0,United Kingdom
Year 2010-2011,574914,23185,FRENCH STYLE STORAGE JAR JAM,6,2011-11-07 16:16:00,0.29,17109.0,United Kingdom
Year 2010-2011,C574955,22423,REGENCY CAKESTAND 3 TIER,-1,2011-11-08 09:56:00,12.75,15066.0,United Kingdom
Year 2010-2011,574966,22086,PAPER CHAIN KIT 50'S CHRISTMAS ,10,2011-11-08 10:50:00,2.95,14901.0,United Kingdom
Year 2010-2011,575007,23475,WOODLAND SMALL PINK FELT HEART,12,2011-11-08 11:20:00,0.83,14140.0,United Kingdom
Year 2010-2011,575066,22771,CLEAR DRAWER KNOB ACRYLIC EDWARDIAN,12,2011-11-08 12:42:00,1.25,13668.0,United Kingdom
Year 2010-2011,C575081,22633,HAND WARMER UNION JACK,-1,2011-11-08 13:30:00,2.1,12483.0,Sweden
Year 2010-2011,575087,21169,YOU'RE CONFUSING ME METAL SIGN ,1,2011-11-08 13:57:00,1.69,16549.0,United Kingdom
Year 2010-2011,575164,82494L,WOODEN FRAME ANTIQUE WHITE ,6,2011-11-08 16:55:00,2.95,18216.0,United Kingdom
Year 2010-2011,575177,22108,PING! MICROWAVE PLATE,3,2011-11-08 18:41:00,3.29,,United Kingdom
Year 2010-2011,575202,23499,SET 12 VINTAGE DOILY CHALK ,24,2011-11-09 10:14:00,0.42,13018.0,United Kingdom
Year 2010-2011,575219,21914,BLUE HARMONICA IN BOX ,24,2011-11-09 11:17:00,1.25,17511.0,United Kingdom
Year 2010-2011,575258,11001,ASSTD DESIGN RACING CAR PEN,32,2011-11-09 12:00:00,1.69,13623.0,United Kingdom
Year 2010-2011,575330,22086,PAPER CHAIN KIT 50'S CHRISTMAS ,6,2011-11-09 13:50:00,2.95,15152.0,United Kingdom
Year 2010-2011,575340,21507,ELEPHANT BIRTHDAY CARD ,12,2011-11-09 14:31:00,0.42,15485.0,United Kingdom
Year 2010-2011,575475,23206,LUNCH BAG APPLE DESIGN,10,2011-11-09 16:03:00,1.65,17702.0,United Kingdom
Year 2010-2011,575490,23192,BUNDLE OF 3 ALPHABET EXERCISE BOOKS,2,2011-11-09 17:44:00,1.65,15031.0,United Kingdom
Year 2010-2011,575491,72122,COFFEE SCENT PILLAR CANDLE,3,2011-11-09 17:47:00,0.95,15531.0,United Kingdom
Year 2010-2011,575515,22423,REGENCY CAKESTAND 3 TIER,16,2011-11-10 10:41:00,10.95,17315.0,United Kingdom
Year 2010-2011,575517,23426,METAL SIGN DROP YOUR PANTS,5,2011-11-10 10:49:00,2.89,14562.0,United Kingdom
Year 2010-2011,575517,22632,HAND WARMER RED RETROSPOT,3,2011-11-10 10:49:00,2.1,14562.0,United Kingdom
Year 2010-2011,575602,23343,JUMBO BAG VINTAGE CHRISTMAS ,4,2011-11-10 12:27:00,2.08,17059.0,United Kingdom
Year 2010-2011,C575606,CRUK,CRUK Commission,-1,2011-11-10 12:37:00,517.51,14096.0,United Kingdom
Year 2010-2011,575683,23080,RED METAL BOX TOP SECRET,48,2011-11-10 15:51:00,7.5,17389.0,United Kingdom
Year 2010-2011,575726,20727,LUNCH BAG  BLACK SKULL.,1,2011-11-10 19:12:00,1.65,16791.0,United Kingdom
Year 2010-2011,575731,23330,DECORATIVE WICKER HEART MEDIUM,2,2011-11-10 20:01:00,1.25,13230.0,United Kingdom
Year 2010-2011,575760,21479,WHITE SKULL HOT WATER BOTTLE ,2,2011-11-11 10:50:00,4.25,15965.0,United Kingdom
Year 2010-2011,575849,21208,PASTEL COLOUR HONEYCOMB FAN,36,2011-11-11 12:11:00,0.39,14790.0,United Kingdom
Year 2010-2011,575851,22530,MAGIC DRAWING SLATE DOLLY GIRL ,1,2011-11-11 12:13:00,0.42,14662.0,United Kingdom
Year 2010-2011,575851,22942,CHRISTMAS LIGHTS 10 SANTAS ,1,2011-11-11 12:13:00,8.5,14662.0,United Kingdom
Year 2010-2011,575917,22138,BAKING SET 9 PIECE RETROSPOT ,3,2011-11-11 16:57:00,4.95,13895.0,United Kingdom
Year 2010-2011,575937,23215,JINGLE BELL HEART ANTIQUE SILVER,12,2011-11-13 11:24:00,2.08,12935.0,United Kingdom
Year 2010-2011,575941,22810,SET OF 6 T-LIGHTS SNOWMEN,2,2011-11-13 11:39:00,2.95,16438.0,United Kingdom
Year 2010-2011,575965,23335,EGG FRYING PAN IVORY ,6,2011-11-13 12:32:00,2.08,13426.0,United Kingdom
Year 2010-2011,575985,23405,HOME SWEET HOME 2 DRAWER CABINET,12,2011-11-13 14:09:00,4.95,17841.0,United Kingdom
Year 2010-2011,575989,22457,NATURAL SLATE HEART CHALKBOARD ,3,2011-11-13 14:20:00,2.95,14698.0,United Kingdom
Year 2010-2011,576062,22077,6 RIBBONS RUSTIC CHARM,3,2011-11-13 15:30:00,1.95,12867.0,United Kingdom
Year 2010-2011,576075,22591,CARDHOLDER GINGHAM CHRISTMAS TREE,2,2011-11-13 16:16:00,3.25,15861.0,United Kingdom
Year 2010-2011,576076,23299,FOOD COVER WITH BEADS SET 2 ,3,2011-11-13 16:18:00,3.75,14382.0,United Kingdom
Year 2010-2011,576078,21313,GLASS HEART T-LIGHT HOLDER ,1,2011-11-13 16:22:00,0.85,14432.0,United Kingdom
Year 2010-2011,576212,22610,PENS ASSORTED FUNNY FACE,36,2011-11-14 12:45:00,0.19,18082.0,United Kingdom
Year 2010-2011,C576216,22847,BREAD BIN DINER STYLE IVORY,-1,2011-11-14 12:56:00,16.95,12584.0,Italy
Year 2010-2011,C576232,22138,BAKING SET 9 PIECE RETROSPOT ,-2,2011-11-14 13:25:00,4.95,15839.0,United Kingdom
Year 2010-2011,576303,23357,HOT WATER BOTTLE SEX BOMB,1,2011-11-14 14:51:00,4.95,15532.0,United Kingdom
Year 2010-2011,576339,22666,RECIPE BOX PANTRY YELLOW DESIGN,3,2011-11-14 15:27:00,5.79,14096.0,United Kingdom
Year 2010-2011,C576338,CRUK,CRUK Commission,-1,2011-11-14 15:27:00,1038.75,14096.0,United Kingdom
Year 2010-2011,576362,21673,WHITE SPOT BLUE CERAMIC DRAWER KNOB,12,2011-11-14 17:11:00,1.45,14755.0,United Kingdom
Year 2010-2011,576364,84988,SET OF 72 PINK HEART PAPER DOILIES,2,2011-11-14 17:40:00,1.45,15009.0,United Kingdom
Year 2010-2011,576364,22634,CHILDS BREAKFAST SET SPACEBOY ,1,2011-11-14 17:40:00,9.95,15009.0,United Kingdom
Year 2010-2011,576378,21733,RED HANGING HEART T-LIGHT HOLDER,6,2011-11-15 09:15:00,2.95,15628.0,United Kingdom
Year 2010-2011,576383,21523,DOORMAT FANCY FONT HOME SWEET HOME,2,2011-11-15 09:31:00,8.25,12883.0,United Kingdom
Year 2010-2011,576463,20751,FUNKY WASHING UP GLOVES ASSORTED,1,2011-11-15 11:37:00,2.1,17974.0,United Kingdom
Year 2010-2011,576520,22144,CHRISTMAS CRAFT LITTLE FRIENDS,3,2011-11-15 12:33:00,2.1,14467.0,United Kingdom
Year 2010-2011,C576561,22386,JUMBO BAG PINK POLKADOT,-2,2011-11-15 13:22:00,1.79,15311.0,United Kingdom
Year 2010-2011,576598,23439,HAND WARMER RED LOVE HEART,12,2011-11-15 15:05:00,2.1,13437.0,United Kingdom
Year 2010-2011,576602,23569,TRADTIONAL ALPHABET STAMP SET,8,2011-11-15 15:20:00,4.95,14156.0,EIRE
Year 2010-2011,576630,23480,MINI LIGHTS WOODLAND MUSHROOMS,4,2011-11-16 08:38:00,3.75,13816.0,Germany
Year 2010-2011,576642,21429,RED GINGHAM ROSE JEWELLERY BOX,8,2011-11-16 09:59:00,1.95,12963.0,United Kingdom
Year 2010-2011,576650,16161U,WRAP SUKI AND FRIENDS,25,2011-11-16 10:34:00,0.42,14286.0,United Kingdom
Year 2010-2011,576653,85178,VICTORIAN SEWING KIT,24,2011-11-16 10:45:00,1.25,14156.0,EIRE
Year 2010-2011,576665,22421,LIPSTICK PEN FUSCHIA,1,2011-11-16 11:46:00,0.42,17841.0,United Kingdom
Year 2010-2011,576686,84596F,SMALL MARSHMALLOWS PINK BOWL,8,2011-11-16 12:08:00,0.42,16916.0,United Kingdom
Year 2010-2011,576695,22633,HAND WARMER UNION JACK,1,2011-11-16 12:25:00,2.1,16469.0,United Kingdom
Year 2010-2011,C576785,37495,FAIRY CAKE BIRTHDAY CANDLE SET,-4,2011-11-16 13:51:00,3.75,14109.0,United Kingdom
Year 2010-2011,576837,20775,DAISY NOTEBOOK ,1,2011-11-16 15:16:00,1.63,,United Kingdom
Year 2010-2011,576840,85150,LADIES & GENTLEMEN METAL SIGN,1,2011-11-16 15:23:00,4.96,,United Kingdom
Year 2010-2011,576845,23534,STOP FOR TEA WALL ART,4,2011-11-16 15:34:00,5.95,12991.0,United Kingdom
Year 2010-2011,576851,23101,SILVER STARS TABLE DECORATION,1,2011-11-16 15:41:00,0.83,15967.0,United Kingdom
Year 2010-2011,576864,22092,BLUE PAISLEY TISSUE BOX,2,2011-11-16 16:06:00,0.39,12748.0,United Kingdom
Year 2010-2011,576881,22144,CHRISTMAS CRAFT LITTLE FRIENDS,6,2011-11-16 17:10:00,2.1,14673.0,United Kingdom
Year 2010-2011,576904,23266,SET OF 3 WOODEN STOCKING DECORATION,12,2011-11-17 09:25:00,1.25,14931.0,Channel Islands
Year 2010-2011,576909,23198,PANTRY MAGNETIC  SHOPPING LIST,12,2011-11-17 09:49:00,1.45,12471.0,Germany
Year 2010-2011,576933,22367,CHILDRENS APRON SPACEBOY DESIGN,4,2011-11-17 11:29:00,1.95,15529.0,United Kingdom
Year 2010-2011,577033,84879,ASSORTED COLOUR BIRD ORNAMENT,8,2011-11-17 13:16:00,1.69,17797.0,United Kingdom
Year 2010-2011,577044,22584,PACK OF 6 PANETTONE GIFT BOXES,144,2011-11-17 13:45:00,2.1,17428.0,United Kingdom
Year 2010-2011,577057,21930,JUMBO STORAGE BAG SKULLS,1,2011-11-17 14:26:00,2.08,12748.0,United Kingdom
Year 2010-2011,577152,23192,BUNDLE OF 3 ALPHABET EXERCISE BOOKS,12,2011-11-18 09:53:00,1.65,14277.0,France
Year 2010-2011,577157,23480,MINI LIGHTS WOODLAND MUSHROOMS,24,2011-11-18 09:58:00,3.75,12451.0,Switzerland
Year 2010-2011,577165,22578,WOODEN STAR CHRISTMAS SCANDINAVIAN,24,2011-11-18 10:27:00,0.29,13171.0,United Kingdom
Year 2010-2011,577167,22241,GARLAND WOODEN HAPPY EASTER,1,2011-11-18 10:41:00,1.25,16511.0,United Kingdom
Year 2010-2011,577310,23444,Next Day Carriage,1,2011-11-18 13:15:00,15.0,13516.0,United Kingdom
Year 2010-2011,577312,23330,DECORATIVE WICKER HEART MEDIUM,12,2011-11-18 13:18:00,1.25,17049.0,United Kingdom
Year 2010-2011,577317,22865,HAND WARMER OWL DESIGN,4,2011-11-18 13:33:00,2.1,16426.0,United Kingdom
Year 2010-2011,C577342,BANK CHARGES,Bank Charges,-1,2011-11-18 15:11:00,490.06,,United Kingdom
Year 2010-2011,577438,21042,RED RETROSPOT APRON ,1,2011-11-20 11:09:00,5.95,18118.0,United Kingdom
Year 2010-2011,577493,22562,MONSTERS STENCIL CRAFT,4,2011-11-20 12:13:00,1.25,17323.0,United Kingdom
Year 2010-2011,577500,22867,HAND WARMER BIRD DESIGN,1,2011-11-20 12:30:00,2.1,14052.0,United Kingdom
Year 2010-2011,577521,22564,ALPHABET STENCIL CRAFT,3,2011-11-20 13:23:00,1.25,16411.0,United Kingdom
Year 2010-2011,577526,22384,LUNCH BAG PINK POLKADOT,10,2011-11-20 13:39:00,1.65,16513.0,United Kingdom
Year 2010-2011,577535,23553,LANDMARK FRAME CAMDEN TOWN ,2,2011-11-20 14:07:00,12.5,14071.0,United Kingdom
Year 2010-2011,577541,21888,BINGO SET,4,2011-11-20 14:31:00,3.75,16899.0,United Kingdom
Year 2010-2011,577549,21917,SET 12 KIDS  WHITE CHALK STICKS,2,2011-11-20 15:00:00,0.42,17841.0,United Kingdom
Year 2010-2011,577550,23240,SET OF 4 KNICK KNACK TINS DOILY ,6,2011-11-20 15:05:00,4.15,17738.0,United Kingdom
Year 2010-2011,577557,22912,YELLOW COAT RACK PARIS FASHION,1,2011-11-20 15:36:00,4.95,15426.0,United Kingdom
Year 2010-2011,577601,23355,HOT WATER BOTTLE KEEP CALM,12,2011-11-21 08:31:00,4.95,17675.0,United Kingdom
Year 2010-2011,577726,85048,15CM CHRISTMAS GLASS BALL 20 LIGHTS,8,2011-11-21 12:40:00,7.95,15676.0,United Kingdom
Year 2010-2011,577742,84596F,SMALL MARSHMALLOWS PINK BOWL,2,2011-11-21 13:41:00,0.42,13755.0,United Kingdom
Year 2010-2011,577742,23348,CHILDRENS TOY COOKING UTENSIL SET,1,2011-11-21 13:41:00,2.08,13755.0,United Kingdom
Year 2010-2011,577745,22951,60 CAKE CASES DOLLY GIRL DESIGN,24,2011-11-21 14:06:00,0.55,18139.0,United Kingdom
Year 2010-2011,577746,21914,BLUE HARMONICA IN BOX ,12,2011-11-21 14:17:00,1.25,15274.0,United Kingdom
Year 2010-2011,577748,22959,WRAP CHRISTMAS VILLAGE,25,2011-11-21 14:24:00,0.42,15159.0,United Kingdom
Year 2010-2011,C577786,20719,WOODLAND CHARLOTTE BAG,-10,2011-11-21 16:27:00,0.72,13246.0,United Kingdom
Year 2010-2011,577794,23378,PACK OF 12 50'S CHRISTMAS TISSUES,5,2011-11-21 16:48:00,0.39,14030.0,United Kingdom
Year 2010-2011,C577817,22990,COTTON APRON PANTRY DESIGN,-1,2011-11-22 09:17:00,4.95,13081.0,United Kingdom
Year 2010-2011,578016,23148,MINIATURE ANTIQUE ROSE HOOK IVORY,1,2011-11-22 13:02:00,0.83,14506.0,United Kingdom
Year 2010-2011,578017,21730,GLASS STAR FROSTED T-LIGHT HOLDER,2,2011-11-22 13:07:00,4.95,13569.0,United Kingdom
Year 2010-2011,578022,21358,TOAST ITS - HAPPY BIRTHDAY,1,2011-11-22 13:25:00,1.25,17371.0,United Kingdom
Year 2010-2011,578068,23333,IVORY WICKER HEART MEDIUM,2,2011-11-22 15:45:00,1.25,14505.0,United Kingdom
Year 2010-2011,578072,23060,HEART BEADED TRELLIS DECORATION,12,2011-11-22 16:02:00,2.08,17759.0,United Kingdom
Year 2010-2011,578074,21819,GLITTER CHRISTMAS STAR ,6,2011-11-22 16:06:00,0.39,17590.0,United Kingdom
Year 2010-2011,578086,23432,PRETTY HANGING QUILTED HEARTS,12,2011-11-22 16:43:00,0.83,17519.0,United Kingdom
Year 2010-2011,578121,23439,HAND WARMER RED LOVE HEART,12,2011-11-23 10:23:00,2.1,14547.0,United Kingdom
Year 2010-2011,578151,22666,RECIPE BOX PANTRY YELLOW DESIGN,6,2011-11-23 11:18:00,2.95,16020.0,United Kingdom
Year 2010-2011,578151,84987,SET OF 36 TEATIME PAPER DOILIES,12,2011-11-23 11:18:00,1.45,16020.0,United Kingdom
Year 2010-2011,578153,22169,FAMILY ALBUM WHITE PICTURE FRAME,1,2011-11-23 11:22:00,8.5,12748.0,United Kingdom
Year 2010-2011,578252,22086,PAPER CHAIN KIT 50'S CHRISTMAS ,160,2011-11-23 12:48:00,2.55,16079.0,United Kingdom
Year 2010-2011,578270,21509,COWBOYS AND INDIANS BIRTHDAY CARD ,1,2011-11-23 13:39:00,0.83,14096.0,United Kingdom
Year 2010-2011,578270,21916,SET 12 RETRO WHITE CHALK STICKS,2,2011-11-23 13:39:00,0.83,14096.0,United Kingdom
Year 2010-2011,C578269,CRUK,CRUK Commission,-1,2011-11-23 13:39:00,849.93,14096.0,United Kingdom
Year 2010-2011,578309,22578,WOODEN STAR CHRISTMAS SCANDINAVIAN,24,2011-11-23 16:20:00,0.29,15253.0,United Kingdom
Year 2010-2011,578508,23256,CHILDRENS CUTLERY SPACEBOY ,1,2011-11-24 13:06:00,4.15,16892.0,United Kingdom
Year 2010-2011,578522,15034,PAPER POCKET TRAVELING FAN ,4,2011-11-24 14:09:00,0.14,17254.0,United Kingdom
Year 2010-2011,578541,22847,BREAD BIN DINER STYLE IVORY,2,2011-11-24 15:01:00,16.95,14277.0,France
Year 2010-2011,578541,22845,VINTAGE CREAM CAT FOOD CONTAINER,2,2011-11-24 15:01:00,6.35,14277.0,France
Year 2010-2011,578634,21326,AGED GLASS SILVER T-LIGHT HOLDER,36,2011-11-24 16:34:00,0.65,16566.0,United Kingdom
Year 2010-2011,578666,48187,DOORMAT NEW ENGLAND,2,2011-11-24 17:06:00,8.25,17727.0,United Kingdom
Year 2010-2011,578687,23493,VINTAGE DOILY TRAVEL SEWING KIT,10,2011-11-25 09:23:00,1.95,14703.0,United Kingdom
Year 2010-2011,578696,23582,VINTAGE DOILY JUMBO BAG RED ,10,2011-11-25 10:02:00,2.08,13985.0,United Kingdom
Year 2010-2011,578702,22382,LUNCH BAG SPACEBOY DESIGN ,20,2011-11-25 10:58:00,1.65,15382.0,United Kingdom
Year 2010-2011,578719,85040A,S/4 PINK FLOWER CANDLES IN BOWL,1,2011-11-25 11:25:00,1.65,17348.0,United Kingdom
Year 2010-2011,578757,16237,SLEEPING CAT ERASERS,1,2011-11-25 11:41:00,0.21,12748.0,United Kingdom
Year 2010-2011,578814,22755,SMALL PURPLE BABUSHKA NOTEBOOK ,1,2011-11-25 13:40:00,0.85,12748.0,United Kingdom
Year 2010-2011,578901,22571,ROCKING HORSE RED CHRISTMAS ,9,2011-11-27 11:47:00,0.85,17812.0,United Kingdom
Year 2010-2011,578921,22630,DOLLY GIRL LUNCH BOX,1,2011-11-27 11:57:00,1.95,13596.0,United Kingdom
Year 2010-2011,578943,22197,POPCORN HOLDER,6,2011-11-27 13:35:00,0.85,15009.0,United Kingdom
Year 2010-2011,578949,22372,AIRLINE BAG VINTAGE WORLD CHAMPION ,1,2011-11-27 14:30:00,4.25,14954.0,United Kingdom
Year 2010-2011,579103,21175,GIN AND TONIC DIET METAL SIGN,1,2011-11-28 11:39:00,2.55,18041.0,United Kingdom
Year 2010-2011,579125,22342,HOME GARLAND PAINTED ZINC ,24,2011-11-28 12:19:00,0.75,14215.0,United Kingdom
Year 2010-2011,579141,22745,POPPY'S PLAYHOUSE BEDROOM ,1,2011-11-28 13:06:00,2.1,17019.0,United Kingdom
Year 2010-2011,579152,21088,SET/6 FRUIT SALAD PAPER CUPS,24,2011-11-28 13:26:00,0.19,12479.0,Germany
Year 2010-2011,579167,21907,I'M ON HOLIDAY METAL SIGN,2,2011-11-28 14:06:00,2.1,16800.0,United Kingdom
Year 2010-2011,579168,22210,WOOD STAMP SET BEST WISHES,10,2011-11-28 14:12:00,0.83,17806.0,United Kingdom
Year 2010-2011,579171,22988,SOLDIERS EGG CUP ,12,2011-11-28 14:30:00,1.25,13030.0,United Kingdom
Year 2010-2011,579196,22566,FELTCRAFT HAIRBAND PINK AND PURPLE,3,2011-11-28 15:54:00,1.63,14096.0,United Kingdom
Year 2010-2011,579196,22439,6 ROCKET BALLOONS ,13,2011-11-28 15:54:00,1.25,14096.0,United Kingdom
Year 2010-2011,579196,22115,METAL SIGN EMPIRE TEA,2,2011-11-28 15:54:00,5.79,14096.0,United Kingdom
Year 2010-2011,579196,22549,PICTURE DOMINOES,4,2011-11-28 15:54:00,3.29,14096.0,United Kingdom
Year 2010-2011,579196,22670,FRENCH WC SIGN BLUE METAL,1,2011-11-28 15:54:00,2.46,14096.0,United Kingdom
Year 2010-2011,579256,C2,CARRIAGE,1,2011-11-29 08:07:00,50.0,13349.0,United Kingdom
Year 2010-2011,579258,22566,FELTCRAFT HAIRBAND PINK AND PURPLE,12,2011-11-29 08:21:00,0.85,15148.0,United Kingdom
Year 2010-2011,579458,22158,3 HEARTS HANGING DECORATION RUSTIC,1,2011-11-29 14:38:00,2.95,16549.0,United Kingdom
Year 2010-2011,579461,20712,JUMBO BAG WOODLAND ANIMALS,10,2011-11-29 14:42:00,2.08,15615.0,United Kingdom
Year 2010-2011,579465,82583,HOT BATHS METAL SIGN,1,2011-11-29 14:53:00,2.1,15790.0,United Kingdom
Year 2010-2011,579471,23493,VINTAGE DOILY TRAVEL SEWING KIT,2,2011-11-29 15:08:00,3.29,,United Kingdom
Year 2010-2011,579472,21810,CHRISTMAS HANGING STAR WITH BELL,5,2011-11-29 15:09:00,0.39,13521.0,United Kingdom
Year 2010-2011,579508,20972,PINK CREAM FELT CRAFT TRINKET BOX ,1,2011-11-29 16:33:00,2.46,,United Kingdom
Year 2010-2011,579516,22411,JUMBO SHOPPER VINTAGE RED PAISLEY,1,2011-11-29 17:52:00,2.08,17841.0,United Kingdom
Year 2010-2011,579529,POST,POSTAGE,3,2011-11-30 08:50:00,18.0,12488.0,France
Year 2010-2011,579546,21034,REX CASH+CARRY JUMBO SHOPPER,1,2011-11-30 10:37:00,0.95,,United Kingdom
Year 2010-2011,579560,20728,LUNCH BAG CARS BLUE,1,2011-11-30 11:31:00,1.65,15039.0,United Kingdom
Year 2010-2011,579670,23082,SET 6 PAPER TABLE LANTERN HEARTS ,6,2011-11-30 12:36:00,3.75,15611.0,United Kingdom
Year 2010-2011,579787,21770,OPEN CLOSED METAL SIGN,1,2011-11-30 15:33:00,9.96,,United Kingdom
Year 2010-2011,580053,22109,FULL ENGLISH BREAKFAST PLATE,24,2011-12-01 13:03:00,3.39,12912.0,United Kingdom
Year 2010-2011,580062,23406,HOME SWEET HOME KEY HOLDER,1,2011-12-01 13:28:00,6.25,15862.0,United Kingdom
Year 2010-2011,580075,22562,MONSTERS STENCIL CRAFT,24,2011-12-01 14:09:00,1.25,17014.0,United Kingdom
Year 2010-2011,580103,23344,JUMBO BAG 50'S CHRISTMAS ,20,2011-12-01 15:12:00,2.08,16242.0,United Kingdom
Year 2010-2011,580116,23570,TRADITIONAL PICK UP STICKS GAME ,48,2011-12-01 16:28:00,1.25,15290.0,United Kingdom
Year 2010-2011,580136,72349B,SET/6 PURPLE BUTTERFLY T-LIGHTS,1,2011-12-01 19:42:00,2.1,17841.0,United Kingdom
Year 2010-2011,580136,22722,SET OF 6 SPICE TINS PANTRY DESIGN,1,2011-12-01 19:42:00,3.95,17841.0,United Kingdom
Year 2010-2011,580136,21976,PACK OF 60 MUSHROOM CAKE CASES,1,2011-12-01 19:42:00,0.55,17841.0,United Kingdom
Year 2010-2011,580137,22197,POPCORN HOLDER,20,2011-12-01 19:54:00,0.85,17566.0,United Kingdom
Year 2010-2011,580160,22646,CERAMIC STRAWBERRY CAKE MONEY BANK,12,2011-12-02 10:47:00,1.45,12700.0,France
Year 2010-2011,580259,21731,RED TOADSTOOL LED NIGHT LIGHT,12,2011-12-02 12:32:00,1.65,13705.0,United Kingdom
Year 2010-2011,580284,22758,LARGE PURPLE BABUSHKA NOTEBOOK  ,4,2011-12-02 13:21:00,0.39,15311.0,United Kingdom
Year 2010-2011,580289,82567,"AIRLINE LOUNGE,METAL SIGN",6,2011-12-02 13:32:00,2.1,15856.0,United Kingdom
Year 2010-2011,580309,23241,TREASURE TIN GYMKHANA DESIGN,6,2011-12-02 14:46:00,2.08,14503.0,United Kingdom
Year 2010-2011,580357,22998,TRAVEL CARD WALLET KEEP CALM,24,2011-12-02 16:07:00,0.42,15856.0,United Kingdom
Year 2010-2011,580374,23404,HOME SWEET HOME BLACKBOARD,6,2011-12-02 17:12:00,4.95,17584.0,United Kingdom
Year 2010-2011,580501,21742,LARGE ROUND WICKER PLATTER ,1,2011-12-04 13:00:00,5.95,14546.0,United Kingdom
Year 2010-2011,580501,84536A,ENGLISH ROSE NOTEBOOK A7 SIZE,4,2011-12-04 13:00:00,0.42,14546.0,United Kingdom
Year 2010-2011,580536,21731,RED TOADSTOOL LED NIGHT LIGHT,12,2011-12-04 16:07:00,1.65,12490.0,France
Year 2010-2011,580539,21115,ROSE CARAVAN DOORSTOP,8,2011-12-05 08:39:00,1.95,18180.0,United Kingdom
Year 2010-2011,C580605,PLATFORMFEE,PLATFORM FEE,-1,2011-12-05 11:36:00,17836.46,,United Kingdom
Year 2010-2011,580611,21993,FLORAL FOLK STATIONERY SET,1,2011-12-05 11:49:00,1.25,12748.0,United Kingdom
Year 2010-2011,580637,22119,PEACE WOODEN BLOCK LETTERS,4,2011-12-05 12:40:00,1.95,15033.0,United Kingdom
Year 2010-2011,580639,22197,POPCORN HOLDER,2,2011-12-05 12:46:00,0.85,17254.0,United Kingdom
Year 2010-2011,580647,22816,CARD MOTORBIKE SANTA,12,2011-12-05 13:14:00,0.42,14083.0,United Kingdom
Year 2010-2011,580655,22574,HEART WOODEN CHRISTMAS DECORATION,5,2011-12-05 13:39:00,0.85,15854.0,United Kingdom
Year 2010-2011,580672,22447,PIN CUSHION BABUSHKA BLUE,1,2011-12-05 14:29:00,1.25,17920.0,United Kingdom
Year 2010-2011,580705,22435,SET OF 9 HEART SHAPED BALLOONS,100,2011-12-05 16:28:00,1.06,12683.0,France
Year 2010-2011,580712,22504,CABIN BAG VINTAGE RETROSPOT,2,2011-12-05 16:37:00,29.95,13021.0,United Kingdom
Year 2010-2011,580712,23355,HOT WATER BOTTLE KEEP CALM,4,2011-12-05 16:37:00,4.95,13021.0,United Kingdom
Year 2010-2011,580720,82582,AREA PATROLLED METAL SIGN,6,2011-12-05 16:55:00,2.1,14629.0,United Kingdom
Year 2010-2011,580727,23308,SET OF 60 VINTAGE LEAF CAKE CASES ,1,2011-12-05 17:17:00,1.25,14096.0,United Kingdom
Year 2010-2011,580727,22460,EMBOSSED GLASS TEALIGHT HOLDER,13,2011-12-05 17:17:00,2.46,14096.0,United Kingdom
Year 2010-2011,C580726,CRUK,CRUK Commission,-1,2011-12-05 17:17:00,1100.44,14096.0,United Kingdom
Year 2010-2011,580729,23078,ICE CREAM PEN LIP GLOSS ,1,2011-12-05 17:24:00,2.46,,United Kingdom
Year 2010-2011,580730,22573,STAR WOODEN CHRISTMAS DECORATION,5,2011-12-05 17:28:00,1.63,,United Kingdom
Year 2010-2011,580754,22775,PURPLE DRAWERKNOB ACRYLIC EDWARDIAN,3,2011-12-06 10:05:00,3.29,,United Kingdom
Year 2010-2011,580759,17091J,VANILLA INCENSE IN TIN,36,2011-12-06 10:30:00,0.38,17593.0,United Kingdom
Year 2010-2011,C580766,22667,RECIPE BOX RETROSPOT ,-1,2011-12-06 10:46:00,2.55,14562.0,United Kingdom
Year 2010-2011,580872,21967,PACK OF 12 SKULL TISSUES,2,2011-12-06 12:02:00,0.39,18283.0,United Kingdom
Year 2010-2011,C580954,21428,SET3 BOOK BOX GREEN GINGHAM FLOWER ,-25,2011-12-06 14:19:00,3.75,12967.0,United Kingdom
Year 2010-2011,580956,72351A,SET/6 TURQUOISE BUTTERFLY T-LIGHTS,2,2011-12-06 14:23:00,2.1,17841.0,United Kingdom
Year 2010-2011,580956,23190,BUNDLE OF 3 SCHOOL EXERCISE BOOKS  ,1,2011-12-06 14:23:00,1.65,17841.0,United Kingdom
Year 2010-2011,581003,23415,HOME SWEET HOME HOOK,24,2011-12-07 08:38:00,0.39,14911.0,EIRE
Year 2010-2011,581118,21466,RED FLOWER CROCHET FOOD COVER,6,2011-12-07 12:26:00,3.75,15136.0,United Kingdom
Year 2010-2011,581141,22561,WOODEN SCHOOL COLOURING SET,24,2011-12-07 13:35:00,1.65,14132.0,United Kingdom
Year 2010-2011,581146,23238,SET OF 4 KNICK KNACK TINS LONDON ,12,2011-12-07 13:53:00,4.15,17602.0,United Kingdom
Year 2010-2011,581150,23399,HOME SWEET HOME HANGING HEART,2,2011-12-07 14:12:00,0.85,17266.0,United Kingdom
Year 2010-2011,581166,23494,VINTAGE DOILY DELUXE SEWING KIT ,1,2011-12-07 14:43:00,5.95,15525.0,United Kingdom
Year 2010-2011,581166,23290,SPACEBOY CHILDRENS BOWL,3,2011-12-07 14:43:00,1.25,15525.0,United Kingdom
Year 2010-2011,581179,23345, DOLLY GIRL BEAKER,12,2011-12-07 15:43:00,1.25,12471.0,Germany
Year 2010-2011,581191,90161B,ANT COPPER TURQ BOUDICCA BRACELET,2,2011-12-07 16:56:00,4.95,17449.0,United Kingdom
Year 2010-2011,581217,gift_0001_10,Dotcomgiftshop Gift Voucher £10.00,1,2011-12-08 09:20:00,8.33,,United Kingdom
Year 2010-2011,581225,84378,SET OF 3 HEART COOKIE CUTTERS,12,2011-12-08 09:55:00,1.45,17677.0,United Kingdom
Year 2010-2011,581230,22629,SPACEBOY LUNCH BOX ,12,2011-12-08 10:24:00,1.95,14291.0,United Kingdom
Year 2010-2011,581325,22739,RIBBON REEL CHRISTMAS SOCK BAUBLE,3,2011-12-08 11:53:00,1.65,15877.0,United Kingdom
Year 2010-2011,581334,20978,36 PENCILS TUBE SKULLS,5,2011-12-08 12:07:00,1.25,17841.0,United Kingdom
Year 2010-2011,581377,21108,FAIRY CAKE FLANNEL ASSORTED COLOUR,18,2011-12-08 12:44:00,0.79,14138.0,United Kingdom
Year 2010-2011,581404,22413,METAL SIGN TAKE IT OR LEAVE IT ,4,2011-12-08 13:47:00,2.95,13680.0,United Kingdom
Year 2010-2011,581404,23336,EGG FRYING PAN PINK ,4,2011-12-08 13:47:00,2.08,13680.0,United Kingdom
Year 2010-2011,581404,23321,SMALL WHITE HEART OF WICKER,4,2011-12-08 13:47:00,1.65,13680.0,United Kingdom
Year 2010-2011,581414,21314,SMALL GLASS HEART TRINKET POT,1,2011-12-08 14:39:00,2.1,14730.0,United Kingdom
Year 2010-2011,581425,82600,N0 SINGING METAL SIGN,6,2011-12-08 15:31:00,2.1,14796.0,United Kingdom
Year 2010-2011,581425,22811,SET OF 6 T-LIGHTS CACTI ,1,2011-12-08 15:31:00,1.25,14796.0,United Kingdom
Year 2010-2011,581439,35095A,BLUE VICTORIAN FABRIC OVAL BOX,6,2011-12-08 16:30:00,0.83,,United Kingdom
Year 2010-2011,C581466,21216,"SET 3 RETROSPOT TEA,COFFEE,SUGAR",-1,2011-12-08 19:20:00,4.95,13883.0,United Kingdom
Year 2010-2011,581472,23172,REGENCY TEA PLATE PINK,12,2011-12-08 19:55:00,1.65,15796.0,United Kingdom
Year 2010-2011,581488,23118,PARISIENNE JEWELLERY DRAWER ,16,2011-12-09 09:45:00,6.65,17428.0,United Kingdom
Year 2010-2011,581514,22199,FRYING PAN RED RETROSPOT,13,2011-12-09 11:20:00,1.25,17754.0,United Kingdom
Year 2010-2011,581587,POST,POSTAGE,1,2011-12-09 12:50:00,18.0,12680.0,France
